number,value,datetime_start,datetime_complete,duration,params_colsample_bytree,params_gamma,params_learning_rate,params_max_depth,params_min_child_weight,params_n_estimators,params_reg_alpha,params_reg_lambda,params_subsample,params_weight_class_0,params_weight_class_1,params_weight_class_2,state
0,-0.41897895166763366,2025-12-03 23:24:46.866843,2025-12-03 23:25:10.829371,0 days 00:00:23.962528,0.846693587206578,2.8060331605093336,0.4265029199298543,7,5,546,5.027719612298714,1.729280307498301,0.6408940274090179,4.220855969571466,0.5149891091116019,1.8175690167055312,COMPLETE
1,-0.21504605360169268,2025-12-03 23:24:46.873800,2025-12-03 23:24:55.252723,0 days 00:00:08.378923,0.7126071249097532,4.228950081083367,0.23339317214582442,10,5,323,8.767215151468376,5.761434277748495,0.7596780187110059,3.9153757173078025,0.43348634510004624,1.9736399028543548,COMPLETE
2,-0.15359296892361268,2025-12-03 23:24:46.906079,2025-12-03 23:24:59.123621,0 days 00:00:12.217542,0.8250894451094737,0.48794564292301723,0.015512910923825408,7,5,401,8.862306396224861,2.457554372088598,0.60565783072561,3.6389289126534594,0.40430786361054816,1.6293789194767068,COMPLETE
3,-0.36745113127889933,2025-12-03 23:24:46.936487,2025-12-03 23:24:54.502330,0 days 00:00:07.565843,0.7265066093738135,1.7778518057342518,0.40866414776082816,7,1,111,7.9491457361181,1.3312559105109456,0.7021824842679507,3.721594251739247,0.37289788403536794,1.3150836963110875,COMPLETE
4,-0.29893723384646537,2025-12-03 23:24:46.981337,2025-12-03 23:24:54.913337,0 days 00:00:07.932000,0.9341906205950405,2.3931068210391504,0.4028551998660379,8,7,283,1.4454145882690006,7.612311943177023,0.9159102207086107,3.8898499154092754,0.48235310160330014,2.8379058116675173,COMPLETE
5,-0.1466744137898793,2025-12-03 23:24:46.988109,2025-12-03 23:24:53.852351,0 days 00:00:06.864242,0.6845482989034221,0.5454018583109599,0.0522483840562135,3,9,270,6.5979345629677235,0.7293141097672273,0.8601143380941153,2.6720424947399497,0.36674659457556297,2.3510356508913928,COMPLETE
6,-0.10295395308427453,2025-12-03 23:24:46.994887,2025-12-03 23:25:04.149184,0 days 00:00:17.154297,0.6482715777624795,1.3391809231379692,0.027194020385347337,10,2,385,4.443509644368043,9.778828303960692,0.8766544188625311,3.370871006094042,0.31157293253611396,1.3634322532777319,COMPLETE
7,-0.39274647413391306,2025-12-03 23:24:47.036946,2025-12-03 23:25:05.356813,0 days 00:00:18.319867,0.5771957807254313,4.266975816744422,0.1577565923161648,8,6,439,5.4569786451810565,1.2388905712169906,0.8128140050889089,3.740119008083618,0.608467990925869,2.3169229728488006,COMPLETE
8,-0.10295395308427453,2025-12-03 23:24:47.063555,2025-12-03 23:25:02.279161,0 days 00:00:15.215606,0.7029236211509705,4.108834480261223,0.035463890630204505,10,1,537,2.426336328593667,0.7176494436626957,0.6486919612451034,3.9751347853475174,0.37053823413559994,1.8534932826663892,COMPLETE
9,-0.4568703315737765,2025-12-03 23:24:47.074999,2025-12-03 23:25:22.392646,0 days 00:00:35.317647,0.6793687386291312,3.3250625338803452,0.024799218956241275,10,10,436,6.725014355842035,6.6848534456406625,0.935828202903958,2.5633748625943875,0.5904239770301659,1.5221873329285305,COMPLETE
10,-0.10295395308427453,2025-12-03 23:24:47.124761,2025-12-03 23:24:52.818824,0 days 00:00:05.694063,0.8094992584928375,1.3512831409598776,0.07307860291643475,6,6,76,4.860633441338594,4.830597852604833,0.8528881763675309,4.057262412272705,0.4144966235446069,1.4677133248722622,COMPLETE
11,-0.24206516333655845,2025-12-03 23:24:47.145010,2025-12-03 23:24:58.035053,0 days 00:00:10.890043,0.9492850775241419,0.4274134481691244,0.018677327759840042,6,6,527,1.9357264127410334,4.610963934627803,0.829554622752487,2.296924610690566,0.46118650104043335,2.910559409284553,COMPLETE
12,-0.4216075794408784,2025-12-03 23:24:47.171230,2025-12-03 23:24:55.196196,0 days 00:00:08.024966,0.6698835325560464,4.073235613096696,0.24953658043871763,9,1,188,8.519984119117176,2.725603084458746,0.9469955637126963,2.1973127675137825,0.44719929444370976,1.3967481865212512,COMPLETE
13,-0.1466744137898793,2025-12-03 23:24:47.193230,2025-12-03 23:24:57.207118,0 days 00:00:10.013888,0.6096743349103262,2.741308987005375,0.010320648756455369,6,5,348,2.8625083803384097,1.8279247656781683,0.518881473210602,2.7479482275773903,0.3500396362681533,2.061500351455831,COMPLETE
14,-0.2761117216549646,2025-12-03 23:24:47.219272,2025-12-03 23:24:57.896050,0 days 00:00:10.676778,0.9125994233004464,1.4281298166231489,0.41009790247643974,8,1,150,9.332018231099472,6.107426652165644,0.7618447603664469,2.549320871209784,0.38797934763749825,2.8070013484946656,COMPLETE
15,-0.1269940222858524,2025-12-03 23:24:47.267675,2025-12-03 23:24:58.776566,0 days 00:00:11.508891,0.6217669667886485,0.60681530921328,0.03092498042840234,7,10,472,0.4681729897917686,1.3293301592117257,0.9841131450218927,4.196133480291567,0.5022142306175603,2.071571864985736,COMPLETE
16,-0.1466744137898793,2025-12-03 23:24:47.286174,2025-12-03 23:24:58.428202,0 days 00:00:11.142028,0.5728350662972035,3.294059658035837,0.01497452539078473,7,7,480,2.528009536256909,3.285508072377834,0.5560427677421107,2.502708338337296,0.4411123378718537,2.6770245502213954,COMPLETE
17,-0.3886688839209694,2025-12-03 23:24:47.372479,2025-12-03 23:25:03.705867,0 days 00:00:16.333388,0.5598674477293835,2.066284634407511,0.3113227919300389,7,9,402,8.787776552846536,5.0244280564679835,0.7274438381850201,2.1387201370753104,0.3703090052010611,1.7589077504127082,COMPLETE
18,-0.2989836587940828,2025-12-03 23:24:47.407203,2025-12-03 23:25:03.258350,0 days 00:00:15.851147,0.9312341015562211,2.387199786382086,0.016243165861398807,7,4,705,2.8144144407972718,6.555237848851584,0.7855273468284124,4.101713272559136,0.6090854596069851,2.3699054105267043,COMPLETE
19,-0.24874639342631197,2025-12-03 23:24:47.418826,2025-12-03 23:24:56.691362,0 days 00:00:09.272536,0.6515965654204467,4.2872389443384264,0.0914480235193614,6,5,489,9.56744963579131,1.2296707347104585,0.6025220048142466,3.0973336067478803,0.5329363052762072,2.9120232614428128,COMPLETE
20,-0.458458614415228,2025-12-03 23:24:47.469199,2025-12-03 23:25:49.139910,0 days 00:01:01.670711,0.7653164424830038,0.24333481294596393,0.03555623070247375,10,4,447,1.2291575754937212,0.1594771523034788,0.5478660352276407,2.4380465737033417,0.45421330369321755,1.762874500470129,COMPLETE
21,-0.38080664083570176,2025-12-03 23:24:47.484368,2025-12-03 23:25:07.745624,0 days 00:00:20.261256,0.6522196346253541,0.705275729046379,0.45296426610166396,4,1,736,7.659668340192368,7.219721530168619,0.9848764244275223,2.541957256962654,0.39499002948932205,1.8162255344729181,COMPLETE
22,-0.2664229038419773,2025-12-03 23:24:47.502663,2025-12-03 23:24:53.796315,0 days 00:00:06.293652,0.7626564925716219,3.763057491897289,0.37638106746563044,3,3,327,8.45554145554901,1.8722639500516391,0.6809596308397639,4.180922095929503,0.5050354823928787,2.450804041332464,COMPLETE
23,-0.41417533561242764,2025-12-03 23:24:47.513736,2025-12-03 23:25:08.152994,0 days 00:00:20.639258,0.7288026173719466,0.36157820709716737,0.1533368925462931,3,2,508,6.777854913125251,5.824320130461599,0.6712414133896418,2.754839124836345,0.6128275617362637,2.4322637234422864,COMPLETE
24,-0.2863024432726548,2025-12-03 23:24:52.822187,2025-12-03 23:24:59.699732,0 days 00:00:06.877545,0.8011592910052592,4.259816574412399,0.30689414377774504,10,5,526,8.316512773652468,9.464117486205382,0.5338070935824235,2.3927161631823473,0.32308037678661644,1.5957834558232027,COMPLETE
25,-0.26105027962057054,2025-12-03 23:24:53.801485,2025-12-03 23:25:00.483231,0 days 00:00:06.681746,0.7089355438116114,4.21783003168995,0.10105102654417834,3,9,301,9.677923759177887,6.268945919320796,0.527943853849766,2.563006625370821,0.37186792330846125,1.565541729310481,COMPLETE
26,-0.4080495713461451,2025-12-03 23:24:53.857338,2025-12-03 23:25:04.745782,0 days 00:00:10.888444,0.9323265135842955,0.9542212387588817,0.4195000324839072,6,6,164,5.932765644004253,3.2209163051780507,0.6796803255008066,3.16475929972019,0.484125714813179,2.4428789445042187,COMPLETE
27,-0.37528417369914485,2025-12-03 23:24:54.508890,2025-12-03 23:25:06.667592,0 days 00:00:12.158702,0.7833146629506895,3.1625200004166567,0.041828580411465886,8,10,143,0.13041603545882463,1.516599647724749,0.8026407712788163,2.4132537241652643,0.41766930159705706,1.832875073343279,COMPLETE
28,-0.21881169764615307,2025-12-03 23:24:54.916337,2025-12-03 23:25:03.079616,0 days 00:00:08.163279,0.523477425457275,3.6283333708485688,0.0751549824842283,5,4,367,4.513989281337247,3.7234164586248952,0.5337509667245923,2.796695032388295,0.359806998274687,2.419225653787134,COMPLETE
29,-0.21206499710173574,2025-12-03 23:24:55.199232,2025-12-03 23:25:06.736555,0 days 00:00:11.537323,0.8034279304858226,0.8071080827633614,0.017349708199918205,6,10,733,8.33794392486779,8.596345663069657,0.9338323743118071,4.208250085145271,0.5550586153603603,1.6119744466687667,COMPLETE
30,-0.1466744137898793,2025-12-03 23:24:55.255316,2025-12-03 23:25:02.652447,0 days 00:00:07.397131,0.8612015567658844,0.6955870285494231,0.015854926400892123,4,2,476,7.206776579259497,0.784912534367741,0.8463967787695426,2.0526326809988746,0.41164005832836253,2.461137173700452,COMPLETE
31,-0.3755878836863448,2025-12-03 23:24:56.694377,2025-12-03 23:25:37.052318,0 days 00:00:40.357941,0.5162373658675605,4.695487611985469,0.027694396941884497,9,6,743,8.432615427170816,5.802547616254029,0.9151872860081016,3.2953919896436394,0.5176571964985778,1.8005901898615186,COMPLETE
32,-0.4077322672506661,2025-12-03 23:24:57.210583,2025-12-03 23:25:25.299486,0 days 00:00:28.088903,0.9618017998334372,4.786170795502539,0.043523589437460056,8,5,451,3.1030464246152247,3.5064869839915724,0.5230135348480155,3.7155810536286626,0.6143337638834563,2.037188810380497,COMPLETE
33,-0.48477624410308146,2025-12-03 23:24:57.898867,2025-12-03 23:25:15.226825,0 days 00:00:17.327958,0.5305878037874578,4.842018773239213,0.16135429757009292,10,3,672,5.316639767185256,3.8144113489104714,0.9954776778031047,1.8760622854756588,0.6222571122177653,1.6149975892562076,COMPLETE
34,-0.3869174217852443,2025-12-03 23:24:58.037708,2025-12-03 23:25:05.736107,0 days 00:00:07.698399,0.5550401235571034,3.0796431537360043,0.20276512605924965,10,1,157,6.446596830216929,3.2485003369128607,0.9994122721660172,1.9887026081390344,0.3374154239207971,1.2665103570576073,COMPLETE
35,-0.10295395308427453,2025-12-03 23:24:58.430864,2025-12-03 23:25:07.977534,0 days 00:00:09.546670,0.5205259024890704,1.9113052076909587,0.1691189463970775,10,1,729,6.938874943377333,3.203347157531918,0.9998143131948982,3.432622422960465,0.32680898722684415,1.3415956631598416,COMPLETE
36,-0.5037151074571862,2025-12-03 23:24:58.779831,2025-12-03 23:25:07.118543,0 days 00:00:08.338712,0.5126558695503463,4.948907260572251,0.1658291178703252,10,1,169,6.970272437127493,9.90104291701614,0.6530447671295189,1.9344246123880304,0.618173792749988,1.2109095096335087,COMPLETE
37,-0.3663181907304917,2025-12-03 23:24:59.126604,2025-12-03 23:25:22.955271,0 days 00:00:23.828667,0.5005137847096017,4.738222601192771,0.1652780452388657,10,1,740,6.561072652325127,9.740340818420478,0.7045976884413273,1.9965913782721998,0.31377208743608753,1.204203839307914,COMPLETE
38,-0.506117985220136,2025-12-03 23:24:59.702779,2025-12-03 23:25:26.177020,0 days 00:00:26.474241,0.5207042348290101,2.14463341223905,0.16273658886338052,9,1,673,6.632201991104326,0.03115204370403557,0.6855781252960336,2.0493643295219606,0.605221623237888,1.2393877655755337,COMPLETE
39,-0.5129530666372069,2025-12-03 23:25:00.486337,2025-12-03 23:25:28.239141,0 days 00:00:27.752804,0.5048555286856329,2.025183686789021,0.18005964739438712,9,1,724,6.612927848315535,3.4513467666957665,0.678543634128386,1.9726190672230757,0.6183094344230831,1.1996954593584892,COMPLETE
40,-0.38146228489155104,2025-12-03 23:25:02.282049,2025-12-03 23:25:21.277716,0 days 00:00:18.995667,0.5062474966559687,1.9898897218782277,0.17826874067058807,9,3,694,6.58667533529011,3.3516468808631057,0.9978414962878412,1.9694721669620294,0.31786780106393475,1.221223347279946,COMPLETE
41,-0.4233496566767078,2025-12-03 23:25:02.655446,2025-12-03 23:25:25.908718,0 days 00:00:23.253272,0.5404153864119917,4.794914753483243,0.18109860660878768,9,3,694,5.480227291713914,3.707809908666375,0.696496884800379,3.41756978008125,0.5822759670603794,1.185617466240306,COMPLETE
42,-0.387343164857239,2025-12-03 23:25:03.082769,2025-12-03 23:25:12.600037,0 days 00:00:09.517268,0.569605579930103,4.943429755284068,0.1667856962064958,9,3,183,6.7564969706791285,3.15915923959407,0.7065876919784061,4.523410812084479,0.6101363090244045,1.193384532375088,COMPLETE
43,-0.10295395308427453,2025-12-03 23:25:03.261189,2025-12-03 23:25:15.034729,0 days 00:00:11.773540,0.752750557475884,1.703030958506698,0.13078653509021018,9,2,187,6.253512547872872,2.920401574494547,0.7085863065943099,4.526330648141533,0.3121502412401672,1.238352958743331,COMPLETE
44,-0.3930073124293267,2025-12-03 23:25:03.708763,2025-12-03 23:25:14.692119,0 days 00:00:10.983356,0.509240381626857,1.6873054964823913,0.17634118792503184,9,2,185,6.888030881854939,3.5939639021191763,0.6939353665572963,1.8554211860430203,0.3124839803770003,1.2058751506951177,COMPLETE
45,-0.5024828622081587,2025-12-03 23:25:04.153100,2025-12-03 23:25:14.971085,0 days 00:00:10.817985,0.5068071145312598,1.9647641027632692,0.1709402552532263,9,2,178,6.986130044429162,3.01820248437441,0.7040130788327542,1.8823154645844855,0.5769609477260631,1.3144672896160818,COMPLETE
46,-0.4842453455944038,2025-12-03 23:25:04.748601,2025-12-03 23:25:12.663425,0 days 00:00:07.914824,0.5494797378959168,4.856597854311979,0.18247784443600903,9,8,167,6.527124196452244,3.5475056901325477,0.7201093774989414,2.022070660695711,0.5585084835764084,1.2036957196916243,COMPLETE
47,-0.4069982805594314,2025-12-03 23:25:05.359701,2025-12-03 23:25:13.534470,0 days 00:00:08.174769,0.9806479136863618,4.674419426663521,0.17417850019004907,9,7,182,6.021462316287643,2.9541322849396288,0.9882573780062183,3.146617524528775,0.5830577569480802,2.188886231675959,COMPLETE
48,-0.4062486098697411,2025-12-03 23:25:05.739011,2025-12-03 23:25:15.109576,0 days 00:00:09.370565,0.9850355574470101,4.968063127863989,0.16945456945683543,9,7,215,5.9002981611745255,2.596555158156952,0.9284149069071831,3.0835681210750927,0.5686341663587958,2.208464712612453,COMPLETE
49,-0.3769081396600831,2025-12-03 23:25:06.670456,2025-12-03 23:25:16.027099,0 days 00:00:09.356643,0.9963837023748717,4.962744052670121,0.1516804804133268,9,7,191,5.805737714407373,0.13720112692374542,0.9370701377192385,4.432463181132704,0.5872891487375802,2.212243554932879,COMPLETE
50,-0.3737494240414341,2025-12-03 23:25:06.739263,2025-12-03 23:25:17.107781,0 days 00:00:10.368518,0.9746360354268909,4.9479228561037,0.15043426075038627,9,7,224,5.4278676085035755,0.05699447783523204,0.9440736253178552,4.432570297372461,0.5961755101592111,2.6190262724890214,COMPLETE
51,-0.49911868356054895,2025-12-03 23:25:07.121591,2025-12-03 23:25:16.936836,0 days 00:00:09.815245,0.9902796172633808,4.941572622083605,0.1398157567633943,9,3,216,5.808048288700991,2.633494757243935,0.6588571513177498,1.8417993898162606,0.5680920932977468,1.2293895064236646,COMPLETE
52,-0.4959624074883499,2025-12-03 23:25:07.748563,2025-12-03 23:25:17.589646,0 days 00:00:09.841083,0.5058241699320128,4.8020953077905535,0.17622716300525554,9,3,229,5.798040141883902,4.137951983339952,0.6628403542132085,1.822563669384829,0.5663695660175356,1.2014783066183945,COMPLETE
53,-0.44518535652191726,2025-12-03 23:25:07.980238,2025-12-03 23:25:18.515171,0 days 00:00:10.534933,0.9999475595705526,4.971323042794535,0.13798402368420778,9,3,219,5.882999093144465,3.9038927887107477,0.6466658232017792,1.8605065112042731,0.5780142911636295,2.1863436466274315,COMPLETE
54,-0.42488070222932023,2025-12-03 23:25:08.155485,2025-12-03 23:25:18.978222,0 days 00:00:10.822737,0.8464706096762779,4.886175834131066,0.1254257062364479,9,2,209,5.813067584072751,3.9689410556324205,0.6494290640142241,1.8529901681670204,0.5818566531816612,2.5614962691725522,COMPLETE
55,-0.507138522638373,2025-12-03 23:25:10.832412,2025-12-03 23:25:31.007274,0 days 00:00:20.174862,0.8658826819932928,4.901850577139389,0.14370330549515734,9,2,631,3.7776793676069866,0.05363578413110659,0.6356378765601658,1.82623844928663,0.5856098494491853,1.2047051885347952,COMPLETE
56,-0.4242176946920993,2025-12-03 23:25:12.602799,2025-12-03 23:25:32.228656,0 days 00:00:19.625857,0.8858314897723436,4.975010837432404,0.2471948865467789,9,2,642,5.753200076085722,2.349798011634447,0.6240934934758992,1.836077570411123,0.5722604065808217,2.620276662976444,COMPLETE
57,-0.48478284456366477,2025-12-03 23:25:12.667302,2025-12-03 23:25:21.765612,0 days 00:00:09.098310,0.8412344126393965,4.984499758193877,0.2594581770959249,9,8,235,3.714596376946361,2.431777938218823,0.6157612225869127,1.8678003014277047,0.5722435758622286,1.4402291653002632,COMPLETE
58,-0.45541482706863445,2025-12-03 23:25:13.537171,2025-12-03 23:25:22.513431,0 days 00:00:08.976260,0.5012679960449027,4.967779719480664,0.2591393207843844,9,8,222,7.576606359408246,4.000991400206293,0.6151975224503085,2.2122857447875317,0.5541764737495413,1.4424374466631242,COMPLETE
59,-0.47763757738873763,2025-12-03 23:25:14.694842,2025-12-03 23:25:24.050184,0 days 00:00:09.355342,0.8586241262645432,4.914712342614815,0.2429661742728672,9,8,240,3.9289092942016985,2.354849989977197,0.6174751256292033,1.840356599048936,0.5464021446956432,1.5066607569167125,COMPLETE
60,-0.4760571024290566,2025-12-03 23:25:14.974313,2025-12-03 23:25:25.641140,0 days 00:00:10.666827,0.5307130340994917,4.918550638997895,0.12204389936536739,9,3,231,7.640833545361949,0.0705942616267663,0.607324405242045,1.8729212768247725,0.5686922445256818,1.447849748722185,COMPLETE
61,-0.4824919296370629,2025-12-03 23:25:15.037593,2025-12-03 23:25:24.794178,0 days 00:00:09.756585,0.5011715956122699,4.994483446884038,0.259561316104142,9,3,259,7.526963364809031,4.104161770045641,0.612534317104991,1.8261008060904012,0.5787482872060443,1.4435956829731384,COMPLETE
62,-0.48630696392203304,2025-12-03 23:25:15.112218,2025-12-03 23:25:24.564381,0 days 00:00:09.452163,0.6053544751475375,4.579484418380305,0.2528086300438121,8,3,239,7.817782117356476,4.402237567466545,0.6081632838212383,1.8426129375284035,0.5873959316398619,1.4937257889050257,COMPLETE
63,-0.49033933785822087,2025-12-03 23:25:15.229638,2025-12-03 23:25:36.977396,0 days 00:00:21.747758,0.6069253264654136,4.571026190140898,0.12359022660242559,8,3,613,3.677858263296353,4.494320660597059,0.6106901468444708,1.8247327073438753,0.5867307289024297,1.467665469091885,COMPLETE
64,-0.4856536182666473,2025-12-03 23:25:16.029911,2025-12-03 23:25:25.493352,0 days 00:00:09.463441,0.5372461013108492,4.631851635721328,0.22963949846348725,8,3,238,5.2911193394212575,4.018145276832923,0.6138211885262495,1.8629303161515525,0.590887109300983,1.440442746526804,COMPLETE
65,-0.46649734973043566,2025-12-03 23:25:16.939906,2025-12-03 23:25:28.119944,0 days 00:00:11.180038,0.53817526059743,4.598996483388084,0.11991431264592078,10,3,237,5.246009601855074,4.253057884538587,0.6331868660065626,1.9607986184999515,0.5438963051979725,1.4499838137794459,COMPLETE
66,-0.4625750250027059,2025-12-03 23:25:17.111287,2025-12-03 23:25:21.562944,0 days 00:00:04.451657,0.6030829486195192,4.618444260941001,0.11342419898406932,10,3,54,3.9379012440333057,5.287909488813495,0.612992933992971,1.8382113868263965,0.543711747301415,1.4756965831218825,COMPLETE
67,-0.497014573547653,2025-12-03 23:25:17.592649,2025-12-03 23:25:41.379070,0 days 00:00:23.786421,0.605736788093441,4.408210497851904,0.11624252364874303,10,3,632,3.803908510937568,4.242472546981779,0.6170937999930821,1.9265847805185035,0.6219820910225629,1.463832139307576,COMPLETE
68,-0.500953442775535,2025-12-03 23:25:18.518357,2025-12-03 23:25:26.737278,0 days 00:00:08.218921,0.6052504921467352,0.0023345796757139325,0.2347950106837224,10,4,65,4.1710090586880035,4.528620060309164,0.5981700872872202,1.847725296056524,0.5523662222002644,1.4536657144093914,COMPLETE
69,-0.4478670161094427,2025-12-03 23:25:18.981215,2025-12-03 23:25:23.624535,0 days 00:00:04.643320,0.5974004992646373,4.600617947827375,0.22536538161714387,8,4,74,4.344772277297728,4.364945157862047,0.6084550607074661,2.2353505209451825,0.5370328393826825,1.448824543110902,COMPLETE
70,-0.481880469045642,2025-12-03 23:25:21.280802,2025-12-03 23:25:26.278206,0 days 00:00:04.997404,0.5963264524991527,4.635402567065414,0.11064650577957237,8,4,66,5.161465661188142,4.438040419660134,0.6047811903638625,2.2236076030885092,0.6223289006272147,1.4597237771550096,COMPLETE
71,-0.477353448338224,2025-12-03 23:25:21.566042,2025-12-03 23:25:40.694556,0 days 00:00:19.128514,0.5348880819544058,4.519147894772793,0.2391298952690397,8,4,591,3.8391542903279317,2.1490582308646538,0.7458911863434738,2.160523032317946,0.599405866606833,1.4502975277481887,COMPLETE
72,-0.505078783003665,2025-12-03 23:25:21.769005,2025-12-03 23:25:47.062685,0 days 00:00:25.293680,0.8976599615924221,0.025988855895936247,0.23549330242547384,8,4,252,3.7343528017763377,2.1806675395142125,0.6112533561284962,2.1858014100859045,0.5280699965846121,1.411704782918739,COMPLETE
73,-0.4610851283751458,2025-12-03 23:25:22.396058,2025-12-03 23:25:32.640861,0 days 00:00:10.244803,0.8642296539461919,4.511099050864427,0.24277469328233944,8,4,253,3.598945052922097,2.239504205057162,0.5898080129690151,2.2056799207499136,0.5361483421351018,1.4070751668310666,COMPLETE
74,-0.4621036964082362,2025-12-03 23:25:22.516360,2025-12-03 23:25:32.708119,0 days 00:00:10.191759,0.5337610279585459,4.5309298613041955,0.22680865498924277,8,4,254,5.116151205075958,2.2581380277650727,0.578712649820605,2.1087086671013124,0.5298065353430396,1.3131403264509574,COMPLETE
75,-0.43895033447924997,2025-12-03 23:25:22.971035,2025-12-03 23:25:33.972509,0 days 00:00:11.001474,0.5365301369461323,4.519569621411199,0.225445337326671,8,4,270,3.6436885696611867,4.581810352668663,0.5835426816605874,2.1304229628221614,0.5304695575099616,1.6948987282573023,COMPLETE
76,-0.48711918557008294,2025-12-03 23:25:23.627576,2025-12-03 23:25:33.653122,0 days 00:00:10.025546,0.5433675778932199,4.441081708949968,0.30019294430446253,8,4,264,3.6176953980104765,2.0877866139882197,0.5743644008538741,2.082086177748603,0.597264798598232,1.3084284642069575,COMPLETE
77,-0.48259858002020256,2025-12-03 23:25:24.053549,2025-12-03 23:25:34.649080,0 days 00:00:10.595531,0.8903653464409927,3.987068504235208,0.30064608260614833,8,4,264,5.193654172933569,2.1155234245677716,0.5717098120610177,2.0529923873287483,0.621835643727828,1.6851637557159245,COMPLETE
78,-0.4633665280887678,2025-12-03 23:25:24.567296,2025-12-03 23:25:29.890936,0 days 00:00:05.323640,0.5391812109739537,4.463813499512343,0.3369717454146399,8,4,111,3.4361484047371285,5.298638252832929,0.590595222389426,2.1125991829926436,0.5234699732766936,1.3081052430817601,COMPLETE
79,-0.4391458818973694,2025-12-03 23:25:24.797545,2025-12-03 23:25:30.624065,0 days 00:00:05.826520,0.5387096158381827,4.410306595853536,0.32076590236220515,8,4,118,3.3415979011886447,2.3775471579232477,0.5883420526275382,2.077037509126276,0.5189903165720514,1.697500040764377,COMPLETE
80,-0.4635802191903662,2025-12-03 23:25:25.302266,2025-12-03 23:25:31.106327,0 days 00:00:05.804061,0.5398475252023518,4.456896312826995,0.3104717992553699,8,4,125,4.877776197809422,2.2454975210426134,0.5790056469909152,2.090815812207178,0.5233558649725054,1.3057679882623094,COMPLETE
81,-0.4887103370404045,2025-12-03 23:25:25.496468,2025-12-03 23:25:31.285633,0 days 00:00:05.789165,0.5427944719172119,4.517755720964605,0.3077388897296688,8,4,119,4.869346003434182,5.5096455835914435,0.5564069421613462,2.1124266964736016,0.5984268282240464,1.3066370269292853,COMPLETE
82,-0.44098976740939805,2025-12-03 23:25:25.644024,2025-12-03 23:25:31.585071,0 days 00:00:05.941047,0.5434377308216265,4.4337480106303016,0.301034883564984,8,4,118,5.081146767718176,5.161590204819354,0.578902595601746,2.1452045164011606,0.5259524904139724,1.7008189168853796,COMPLETE
83,-0.4676873170902054,2025-12-03 23:25:25.911953,2025-12-03 23:25:37.076564,0 days 00:00:11.164611,0.5871038203276946,4.483432322079635,0.31419903497561047,8,4,291,4.7908444234443515,5.444388161144818,0.5612020082435158,2.113298474784797,0.5995049538539009,1.690866249036947,COMPLETE
84,-0.4885147931577147,2025-12-03 23:25:26.180314,2025-12-03 23:25:32.110652,0 days 00:00:05.930338,0.5817819710163569,4.5035931910862805,0.31319367963620437,8,2,125,4.9788261923428605,5.364423898047624,0.5788908725275742,2.088363530766552,0.5999949233221883,1.3041977040701576,COMPLETE
85,-0.49517407927747037,2025-12-03 23:25:26.281275,2025-12-03 23:25:34.051062,0 days 00:00:07.769787,0.6278308354466217,2.214356599388901,0.20717862873545148,8,2,124,7.990511721598005,5.100889428279491,0.7406528319717395,2.1139573710319666,0.5943169403326944,1.3103476276978214,COMPLETE
86,-0.49275888552490654,2025-12-03 23:25:26.740774,2025-12-03 23:25:37.046073,0 days 00:00:10.305299,0.6306447280772554,2.4121462350730067,0.08749150019276433,10,2,117,7.224973128945249,5.413235043922547,0.5855370047944933,2.1048852134369387,0.5954051420142449,1.3343363896987896,COMPLETE
87,-0.47068507247873975,2025-12-03 23:25:28.122770,2025-12-03 23:25:34.411626,0 days 00:00:06.288856,0.6348962713294685,2.5862734406784793,0.3188903324122962,8,2,110,7.937310013128273,5.22775807190958,0.5842170750553078,2.1130636965316816,0.5229472418645194,1.3126619392826353,COMPLETE
88,-0.47315821680076436,2025-12-03 23:25:28.242007,2025-12-03 23:25:34.581794,0 days 00:00:06.339787,0.5733641537064448,2.5234287368329715,0.3262050736409717,10,2,112,4.89536842035369,5.210094887219305,0.7348520546442312,2.134042213004272,0.5250472765443526,1.2999857875666347,COMPLETE
89,-0.5008871659673972,2025-12-03 23:25:29.894025,2025-12-03 23:25:58.662300,0 days 00:00:28.768275,0.6273244035828117,2.2780128916829265,0.09372079609191421,10,2,609,7.073676756331522,7.140141092455462,0.7542816143732954,2.0922828920398095,0.599523753385262,1.2973764230660592,COMPLETE
90,-0.5256716585111215,2025-12-03 23:25:30.627269,2025-12-03 23:27:07.840461,0 days 00:01:37.213192,0.6228607645097441,0.19357917487972975,0.08975804730380499,10,2,639,4.812900478811384,4.73431593637317,0.6684923088237222,2.3493285019143326,0.5990908582035958,1.2918355163734638,COMPLETE
91,-0.5221110976164308,2025-12-03 23:25:31.010247,2025-12-03 23:26:42.239189,0 days 00:01:11.228942,0.6279869190228393,0.16734879601096,0.20558015457635487,10,2,627,4.818481913420643,0.8372487581015463,0.7344571754508057,2.3339036883925655,0.6007898124931821,1.2938431125350671,COMPLETE
92,-0.5266155577078361,2025-12-03 23:25:31.109221,2025-12-03 23:27:12.148117,0 days 00:01:41.038896,0.8896786623805625,0.09556905681459482,0.09473057484888943,10,2,629,7.249765053902758,0.9715194378305474,0.729542947140019,2.3984870930230366,0.6026834792534987,1.36002775383927,COMPLETE
93,-0.5242044292117289,2025-12-03 23:25:31.288401,2025-12-03 23:27:09.748106,0 days 00:01:38.459705,0.8941486654532796,0.17877333915379728,0.06391491191587258,10,2,622,7.231624631137729,0.913027709686264,0.7441401024779104,2.3198696065427287,0.6004777473619518,1.373126585392856,COMPLETE
94,-0.4945842090851511,2025-12-03 23:25:31.588051,2025-12-03 23:26:01.046169,0 days 00:00:29.458118,0.9120586983112816,2.4164997236707135,0.09175961797874216,10,2,625,7.090597152540534,0.5322881682792021,0.743843612943882,2.3440905378906565,0.6004105875006598,1.2708470981510727,COMPLETE
95,-0.5240869059346251,2025-12-03 23:25:32.113739,2025-12-03 23:26:46.586794,0 days 00:01:14.473055,0.8970094003614271,0.058668897526835684,0.20443933437438297,10,1,631,7.267883649032227,0.5895962722750777,0.6686861249983864,2.3543107808888695,0.6044886910218435,1.3770652654695936,COMPLETE
96,-0.5283965942222258,2025-12-03 23:25:32.231682,2025-12-03 23:26:21.110677,0 days 00:00:48.878995,0.8948945175016063,0.06034354350527682,0.08927171167242984,10,1,294,7.088974589496413,4.7661633505234935,0.6644608304771444,1.9588566133733791,0.6065183442213917,1.367596414836595,COMPLETE
97,-0.5250058954117142,2025-12-03 23:25:32.643905,2025-12-03 23:26:38.261009,0 days 00:01:05.617104,0.6300825166200362,0.1235567712313954,0.2037859709789674,10,1,646,7.203997030045159,0.5025979605416735,0.6658188717698355,1.9403126961679193,0.6071954405170162,1.36438221695999,COMPLETE
98,-0.5055205858980225,2025-12-03 23:25:32.710836,2025-12-03 23:26:05.091379,0 days 00:00:32.380543,0.6216266434157062,2.2810224759940043,0.08135452498829884,10,1,608,7.26662511513526,4.789995039478414,0.6624026452119384,1.9475179108001583,0.6070774734144871,1.3804279449106733,COMPLETE
99,-0.523291044336065,2025-12-03 23:25:33.656446,2025-12-03 23:27:05.609249,0 days 00:01:31.952803,0.6312063418880038,0.18275315540958215,0.08907648237598115,10,1,622,7.287842812127392,0.4232023921548649,0.6584383389350758,2.338393963432349,0.6056487756289151,1.367651585250087,COMPLETE
100,-0.4861851617199829,2025-12-03 23:25:33.975394,2025-12-03 23:26:07.352267,0 days 00:00:33.376873,0.5168899594570638,2.2688668087585313,0.08831835233447827,10,1,619,7.165805839041958,0.4225294012258367,0.6598999699805193,2.3327407835544203,0.6057636591068724,1.3772173061652846,COMPLETE
101,-0.4841477447837755,2025-12-03 23:25:34.054062,2025-12-03 23:26:02.095271,0 days 00:00:28.041209,0.5156630403208005,2.6155554503594445,0.10118988470005728,10,1,596,7.18715971206831,0.6348210762076231,0.66995329817219,2.318871646218935,0.6078441957191801,1.3726879846058102,COMPLETE
102,-0.5100693366283431,2025-12-03 23:25:34.414523,2025-12-03 23:26:14.931555,0 days 00:00:40.517032,0.5158113031869682,1.4722114080092252,0.08889721597963537,10,1,610,7.171645786687383,0.5235993582738903,0.6673903352177234,1.9485466400829612,0.604864542265545,1.3690778667248273,COMPLETE
103,-0.5070981957468671,2025-12-03 23:25:34.584759,2025-12-03 23:26:14.792168,0 days 00:00:40.207409,0.5185859356994147,1.0928623518016802,0.19841579441416266,10,1,610,7.304613827044795,1.0858754247656224,0.6588985057526416,2.3085124554053653,0.6057933786309846,1.3796778071729248,COMPLETE
104,-0.5080972015078628,2025-12-03 23:25:34.653371,2025-12-03 23:26:01.078788,0 days 00:00:26.425417,0.6935251773675779,2.0938672273949015,0.19643418629664963,10,1,624,7.043971285481761,0.9133037164874681,0.66201925518163,1.9426826008725795,0.6032316292082225,1.3759800260814499,COMPLETE
105,-0.48790288222570827,2025-12-03 23:25:36.980424,2025-12-03 23:26:01.358121,0 days 00:00:24.377697,0.515487935858057,2.266079054326965,0.19758432001530496,10,1,576,7.338962757268706,0.43873641276264863,0.6633200830926788,2.3583120031160667,0.6086102018358452,1.3658382753623397,COMPLETE
106,-0.5084451063109202,2025-12-03 23:25:37.048858,2025-12-03 23:26:01.709102,0 days 00:00:24.660244,0.6928245452429924,2.188456220309872,0.1991857064746022,10,1,589,6.239918920200656,0.984509293766898,0.6623443520724241,1.9435716112782375,0.6072327433270897,1.3761122240299484,COMPLETE
107,-0.48593146998107056,2025-12-03 23:25:37.057750,2025-12-03 23:26:01.640407,0 days 00:00:24.582657,0.5152114143719415,2.239324915646004,0.19454919210549404,10,1,583,9.079423397711624,0.9181154489313659,0.6662617489158092,2.3300881104643434,0.6058064847360692,1.3709834392208538,COMPLETE
108,-0.49379963960403667,2025-12-03 23:25:37.082509,2025-12-03 23:26:02.915593,0 days 00:00:25.833084,0.6934009469464911,2.2293832960377773,0.2101462189708863,10,1,602,7.097689582914188,0.8309526633714097,0.6659587598392172,2.346071678612327,0.6038613880305421,1.381922270732439,COMPLETE
109,-0.4974118306983734,2025-12-03 23:25:40.697701,2025-12-03 23:25:49.138834,0 days 00:00:08.441133,0.6793290767511968,2.211189093292726,0.1407641939358478,10,1,95,7.256289764731822,0.5024811413506403,0.6698407839066045,1.958609685106809,0.5634564994728362,1.2594064853455547,COMPLETE
110,-0.5010758704458059,2025-12-03 23:25:41.382151,2025-12-03 23:26:05.194497,0 days 00:00:23.812346,0.6696394190048902,2.9347665717967497,0.14155056157921725,10,1,649,6.257753622708423,0.9741661465134204,0.663623840449442,1.9500596075129852,0.6065464510071074,1.378742338242036,COMPLETE
111,-0.5265220872111643,2025-12-03 23:25:47.066173,2025-12-03 23:27:07.384171,0 days 00:01:20.317998,0.6887660297167235,0.14030088282471537,0.14136316429848828,10,1,667,2.791949396255313,0.9715514101275808,0.6608673072166034,1.93014594712543,0.6069127826245176,1.373526939416379,COMPLETE
112,-0.4901383793526106,2025-12-03 23:25:49.142394,2025-12-03 23:26:02.007864,0 days 00:00:12.865470,0.7220292307119498,0.09149248163154607,0.14276882609692454,10,1,88,7.2287209851758725,0.6439256104198052,0.660091140168563,2.293936624406402,0.5587734901907291,1.3826406407136047,COMPLETE
113,-0.5201452600125016,2025-12-03 23:25:49.143346,2025-12-03 23:27:35.768524,0 days 00:01:46.625178,0.725112407503787,0.11456495733274119,0.1365220707705045,10,1,716,7.220107353876874,0.4402517250652629,0.7665477177983495,2.3575288161183843,0.50766797731078,1.3887104773904162,COMPLETE
114,-0.5226293468937762,2025-12-03 23:25:58.665602,2025-12-03 23:27:16.480721,0 days 00:01:17.815119,0.667404282292603,0.052974382918940716,0.197300275866849,10,1,578,7.214629870719246,0.3810557996962298,0.6627924405394048,2.3433039746821596,0.6067164935591882,1.251813202582331,COMPLETE
115,-0.5247745278120878,2025-12-03 23:26:01.049411,2025-12-03 23:27:30.267479,0 days 00:01:29.218068,0.7326746072721748,0.017493454961718904,0.06529641732197747,10,1,567,6.343467360258617,0.9777403857056371,0.7685347196428779,1.9402072047505754,0.5604877853447732,1.3669538699511345,COMPLETE
116,-0.5246626093737926,2025-12-03 23:26:01.081921,2025-12-03 23:27:17.790590,0 days 00:01:16.708669,0.7160540158149584,0.0661129384939514,0.19790278073310413,10,1,663,6.1578235815054505,7.900485234678285,0.761993128499566,2.2961558712340135,0.6068537945915768,1.3762830643351955,COMPLETE
117,-0.5237184331391134,2025-12-03 23:26:01.361244,2025-12-03 23:27:41.177825,0 days 00:01:39.816581,0.7329163625282199,0.05578276008945543,0.1954433985338988,10,1,713,6.250929581624229,8.113742777934844,0.7568034186205295,1.9350247922340875,0.4754262818360831,1.3902480527867367,COMPLETE
118,-0.5242651461113765,2025-12-03 23:26:01.643443,2025-12-03 23:27:46.345047,0 days 00:01:44.701604,0.6910413108709613,0.032771626784848275,0.05988112712971008,10,1,674,6.2556961956737185,8.166428190379051,0.7641344845184407,1.9320801590868841,0.6144464024417856,1.5688378549857012,COMPLETE
119,-0.5210068779571088,2025-12-03 23:26:01.712327,2025-12-03 23:27:42.809276,0 days 00:01:41.096949,0.688656036819583,0.02837449870769863,0.2064232280193178,10,1,674,6.1588903385057066,8.38009163308186,0.7641229896228615,1.9301597638481747,0.48257217938622876,1.927977409954784,COMPLETE
120,-0.49307667317316334,2025-12-03 23:26:02.010983,2025-12-03 23:26:47.292975,0 days 00:00:45.281992,0.6963523744772551,1.4692100033373725,0.06401087294312566,10,1,670,6.34863953580805,7.858721183930015,0.7680276630629315,1.9227098954407362,0.508641907758162,1.260343510642891,COMPLETE
121,-0.47014865275309736,2025-12-03 23:26:02.098411,2025-12-03 23:26:45.716658,0 days 00:00:43.618247,0.7397883197366651,1.852854161413583,0.05926756554048059,10,1,676,6.236297439842761,8.075199873079153,0.7619284866416558,1.9370312225133484,0.5069697739940526,1.5662429105085425,COMPLETE
122,-0.5098135905039992,2025-12-03 23:26:02.919168,2025-12-03 23:26:32.834067,0 days 00:00:29.914899,0.6617833296820482,1.4717779920416376,0.15931969608551175,10,1,552,4.346921887084206,7.5966131290555285,0.7739418112721403,1.9298646969935593,0.6157466708041476,1.5230052427982785,COMPLETE
123,-0.5053640481824996,2025-12-03 23:26:05.094621,2025-12-03 23:26:47.895178,0 days 00:00:42.800557,0.6675006241482427,1.8543049078078235,0.07870198271038233,10,1,659,6.234115112008298,1.2343282415099186,0.6341443172280189,1.925257529529222,0.6160513824642071,1.5705430235483515,COMPLETE
124,-0.5059430863619406,2025-12-03 23:26:05.197706,2025-12-03 23:26:53.512089,0 days 00:00:48.314383,0.658960183787576,1.5545140779891922,0.07254729614141571,10,1,663,6.242120790116441,1.642165442359639,0.6834084049278609,1.9232866494412404,0.6108975133271368,1.5679240708922542,COMPLETE
125,-0.5093286177905857,2025-12-03 23:26:07.355545,2025-12-03 23:26:46.041588,0 days 00:00:38.686043,0.6551384071775664,1.4957194546122516,0.1550288476074258,10,1,663,6.280990146270486,1.102288143479996,0.6834114997520319,1.9255769474347593,0.613948337331127,1.579023799633929,COMPLETE
126,-0.5100631903021722,2025-12-03 23:26:14.796141,2025-12-03 23:26:52.263828,0 days 00:00:37.467687,0.6676383770592869,1.5070005299091458,0.15731291805346473,10,1,656,6.133316791335701,1.1024990174918108,0.6847244986329478,1.9299721218681083,0.6163425829135087,1.557951526215302,COMPLETE
127,-0.521001122089582,2025-12-03 23:26:14.934707,2025-12-03 23:27:13.575055,0 days 00:00:58.640348,0.5634593859836322,1.1447318168833718,0.06691341029001893,10,1,676,6.196790798680008,1.5036442679082964,0.686165393608887,2.0172863807528287,0.6161654826426097,1.2413777794461043,COMPLETE
128,-0.513557522910142,2025-12-03 23:26:21.114391,2025-12-03 23:27:18.984625,0 days 00:00:57.870234,0.9429853377628914,1.3340989381755939,0.056382355969419505,10,1,564,6.308428674235807,1.4484260388780807,0.6875439150667118,2.0249356549281967,0.6151526349777051,1.5439316208085345,COMPLETE
129,-0.5103683286942574,2025-12-03 23:26:32.837362,2025-12-03 23:27:30.201381,0 days 00:00:57.364019,0.7429064310182611,1.1611586781064944,0.06403070801428398,10,1,557,6.309982597898912,1.6823361472491736,0.6341006325780043,2.0200225146110276,0.6146452220003522,1.5700643311661748,COMPLETE
130,-0.5074058563712978,2025-12-03 23:26:38.264204,2025-12-03 23:27:27.145439,0 days 00:00:48.881235,0.6453128614497273,1.2883908089561773,0.06434156788170135,10,1,560,8.170461725708982,1.5475755360227046,0.6834078309261107,2.0156267587804324,0.6161847316146996,1.5539530193564604,COMPLETE
131,-0.5124276808662468,2025-12-03 23:26:42.242560,2025-12-03 23:27:19.646869,0 days 00:00:37.404309,0.6609938183466272,1.1587850622202838,0.19207173209749803,10,1,544,6.120420606303968,1.5108601361206975,0.684202991212986,2.0326132056108834,0.6142993831555483,1.558381652185603,COMPLETE
132,-0.502167950418035,2025-12-03 23:26:45.719848,2025-12-03 23:27:29.768693,0 days 00:00:44.048845,0.6550178209099756,1.1045534030016024,0.15366425171786563,10,1,565,6.7525522806022185,1.1256072763816976,0.6846184776000396,2.6279640566358746,0.6144551177717998,1.552997828606203,COMPLETE
133,-0.5088666998989978,2025-12-03 23:26:46.044643,2025-12-03 23:27:31.737834,0 days 00:00:45.693191,0.6697407641020725,1.5139573285656018,0.06989723189226643,10,1,541,4.542066137019255,1.19313304661639,0.6397785885119391,2.0143447308668874,0.6146891189741747,1.5441809420601427,COMPLETE
134,-0.5042809642901983,2025-12-03 23:26:46.589972,2025-12-03 23:27:30.159510,0 days 00:00:43.569538,0.6631250935791942,1.1273856954474701,0.19573125156454985,10,1,560,6.7850619036551345,1.4855830064675621,0.6339999274387198,2.678305195548506,0.6130973981273634,1.5397956232449819,COMPLETE
135,-0.5091933213412334,2025-12-03 23:26:47.296628,2025-12-03 23:27:26.392234,0 days 00:00:39.095606,0.6631592172946148,1.2096122424008966,0.19535896273117406,10,1,559,6.812489756914878,1.5920879036216014,0.6338289102890922,2.0055838454283585,0.6151674624754784,1.543354379181582,COMPLETE
136,-0.4977709950004676,2025-12-03 23:26:47.898459,2025-12-03 23:27:36.438724,0 days 00:00:48.540265,0.6521383261631356,1.0729998008122612,0.19152581988706027,10,1,706,8.208457868799115,1.446753353265145,0.6911529704794259,2.4687452350236887,0.6138771350705815,1.8963829206909995,COMPLETE
137,-0.5230414972668251,2025-12-03 23:26:52.267065,2025-12-03 23:28:05.657718,0 days 00:01:13.390653,0.6459341025982649,0.24685912173258087,0.19020578580328049,10,1,567,6.766994687639171,1.528081013680088,0.6868729923649087,2.0323791417059422,0.6136755377767057,1.5394299849030582,COMPLETE
138,-0.5134889487286939,2025-12-03 23:26:53.516097,2025-12-03 23:27:45.215175,0 days 00:00:51.699078,0.6507773407961635,0.4181171949626093,0.27700976913484593,10,1,561,6.7495442882650325,0.2508888463675759,0.7163814007327386,2.0117545351343566,0.614059999340974,1.9034504496373794,COMPLETE
139,-0.5146080117677805,2025-12-03 23:27:05.612618,2025-12-03 23:28:18.990644,0 days 00:01:13.378026,0.6440254288108029,0.36869833058805346,0.18842490295240172,10,1,569,8.122186000211263,1.4635189463628628,0.7134207222078827,2.687858188719482,0.6163228757416856,1.926412034223005,COMPLETE
140,-0.5279842091010617,2025-12-03 23:27:07.387560,2025-12-03 23:28:18.005086,0 days 00:01:10.617526,0.649927529512781,0.34013465588306063,0.1565833045026351,10,1,550,1.9089004911561487,1.4492593633134805,0.798307033829205,2.6113857379321654,0.6119877136970344,1.5294388015223532,COMPLETE
141,-0.5241336495477183,2025-12-03 23:27:07.843978,2025-12-03 23:28:37.886218,0 days 00:01:30.042240,0.6438838750631406,0.3382450309928046,0.06758116458984653,10,1,562,1.526262815001603,1.4198538404402556,0.7250639438536094,2.5012207898244863,0.6134120081753096,1.6456574740097007,COMPLETE
142,-0.5300233486809834,2025-12-03 23:27:09.751641,2025-12-03 23:29:01.504228,0 days 00:01:51.752587,0.6379713368341428,0.2832893523481282,0.06581825449284762,10,2,715,1.0293005932999462,0.2764497917151584,0.7971736509112337,2.637460123045455,0.6162126625094434,1.5314548660447533,COMPLETE
143,-0.43900099231868867,2025-12-03 23:27:12.151216,2025-12-03 23:27:52.392805,0 days 00:00:40.241589,0.9456577437070046,0.27973932700785575,0.06530880736674735,5,2,705,6.772285207549609,1.4638577187602335,0.7147660356318287,2.4666698648846377,0.48241235405071864,1.537857385730959,COMPLETE
144,-0.4757885245252733,2025-12-03 23:27:13.578299,2025-12-03 23:27:53.182100,0 days 00:00:39.603801,0.8779979715262177,0.2913323864725705,0.06647296947936185,5,2,702,6.820410850788254,1.4774653523966559,0.7173003445939725,2.469631265193266,0.592365287720012,1.5311251898419156,COMPLETE
145,-0.5053323493320173,2025-12-03 23:27:16.483888,2025-12-03 23:28:48.276284,0 days 00:01:31.792396,0.9141224530380564,0.3195391486763436,0.06414234466046889,10,2,572,8.138900726456233,0.33374503899303565,0.7195937281885728,2.5151847403046133,0.5908040587844452,1.8841330212882095,COMPLETE
146,-0.5168341790517732,2025-12-03 23:27:17.793789,2025-12-03 23:29:21.174379,0 days 00:02:03.380590,0.9445524373482433,0.327154868417993,0.049632479037285945,10,2,714,1.8871529484583789,1.5256878437659265,0.7145064912563508,2.5108182308032023,0.594018765267033,1.9354102558124997,COMPLETE
147,-0.48644543111462246,2025-12-03 23:27:18.987846,2025-12-03 23:27:57.860696,0 days 00:00:38.872850,0.9438437736718372,0.3140623165982317,0.06619895561068205,5,2,689,1.8317769536385233,1.3633456918061677,0.7167872176129506,2.494395041465701,0.5916212916700365,1.2601481140979915,COMPLETE
148,-0.5268532294686472,2025-12-03 23:27:19.650003,2025-12-03 23:28:57.809627,0 days 00:01:38.159624,0.9429969192762868,0.3109762975515082,0.049297618897407317,10,2,568,1.9810388616760506,1.822973686962198,0.6960595521479136,2.480124167403865,0.5928677801009243,1.2589498812342008,COMPLETE
149,-0.46192312296854415,2025-12-03 23:27:26.395508,2025-12-03 23:27:59.458997,0 days 00:00:33.063489,0.6416933091649033,0.2901943884958617,0.05350312077653035,4,2,713,1.4449229927374638,1.8770025403826263,0.7209839270342902,2.5110752900687565,0.5911034878053096,1.4159685101455468,COMPLETE
150,-0.4747071177719644,2025-12-03 23:27:27.148244,2025-12-03 23:28:07.224115,0 days 00:00:40.075871,0.9507286107473758,0.3292255578179083,0.043756186647137166,5,2,714,2.196344116723145,0.3221975828794229,0.7267804683391907,2.4767517548191886,0.5915884305864648,1.4129750098575362,COMPLETE
151,-0.47532614390372435,2025-12-03 23:27:29.772044,2025-12-03 23:28:04.569598,0 days 00:00:34.797554,0.939820638648126,0.29061765994032634,0.06025662234594903,4,2,715,7.448183511260961,0.3598949969202564,0.7188670403733102,2.448900614968759,0.5903122915048004,1.2698906348407704,COMPLETE
152,-0.5211200688912975,2025-12-03 23:27:30.162846,2025-12-03 23:29:21.095946,0 days 00:01:50.933100,0.9457943174048027,0.37025845677102326,0.05509802552636107,10,2,696,7.711964091706978,0.30177422995553504,0.7253860480199061,2.4729468514172153,0.591660683568295,1.254427657388812,COMPLETE
153,-0.4712376246322578,2025-12-03 23:27:30.205031,2025-12-03 23:28:03.611768,0 days 00:00:33.406737,0.9202699900176264,0.29131792138457424,0.05502386431800401,4,2,714,1.947225731431652,0.2556257497256074,0.727765056060731,2.4804813285388017,0.5904751230454041,1.2516237921486546,COMPLETE
154,-0.5291334438857968,2025-12-03 23:27:30.270954,2025-12-03 23:29:30.630481,0 days 00:02:00.359527,0.9467733266498998,0.3107404211608711,0.049330892056269456,10,2,709,1.8704592044244808,0.3675068336075009,0.7249727599375682,2.42786368962217,0.59120768482346,1.4169894016934377,COMPLETE
155,-0.5177678121330799,2025-12-03 23:27:31.740736,2025-12-03 23:29:27.539983,0 days 00:01:55.799247,0.9569077172748255,0.3428321727234809,0.04372317582968178,10,2,704,1.5269811121619692,0.24920548264649223,0.7896721340355379,2.4492370680416675,0.5910110885293357,1.9030238587582557,COMPLETE
156,-0.4415401530697976,2025-12-03 23:27:35.771616,2025-12-03 23:28:08.196172,0 days 00:00:32.424556,0.7240696760900804,0.3110844540412485,0.10229386140441436,4,2,690,7.514260399496311,0.24410963653533158,0.7882801549030317,2.487050611766716,0.48180194824459005,1.2568092367337838,COMPLETE
157,-0.4721942877595175,2025-12-03 23:27:36.442223,2025-12-03 23:28:08.811838,0 days 00:00:32.369615,0.720261347032057,0.2837340059690929,0.044458809291356476,4,2,687,1.7337453564733551,0.29050933107533455,0.803054132628376,2.401093581807077,0.5930510852125437,1.2609757833436668,COMPLETE
158,-0.48066250099124136,2025-12-03 23:27:41.181253,2025-12-03 23:28:21.670145,0 days 00:00:40.488892,0.9206988570335788,0.2933052863610902,0.052527643716053354,5,2,699,1.3423318825598056,8.508236278970852,0.7198486120083684,2.43857944949306,0.5875407039374344,1.2577702740424608,COMPLETE
159,-0.42563680923044406,2025-12-03 23:27:42.812267,2025-12-03 23:28:15.590557,0 days 00:00:32.778290,0.9178041764567789,0.3423632832697672,0.04918628956241509,4,2,691,7.714042827387153,8.777944906694326,0.791461977844463,2.4343426490979554,0.4773835536390527,1.3446627168755367,COMPLETE
160,-0.4940295365548306,2025-12-03 23:27:45.218601,2025-12-03 23:29:31.112652,0 days 00:01:45.894051,0.7107793312774898,0.2366915140174511,0.05198459861434773,10,2,694,5.572531465521543,8.652670135839353,0.7943634950584327,2.4341099526405245,0.4758484561863122,1.4200364492163045,COMPLETE
161,-0.5260884435251089,2025-12-03 23:27:46.348687,2025-12-03 23:29:27.827724,0 days 00:01:41.479037,0.7081059787307098,0.27185049796565164,0.05058739606676314,10,2,643,1.952778027048745,0.267991786380529,0.8010567555895151,2.415411752542962,0.5932607440276159,1.4184726191151311,COMPLETE
162,-0.5163778035205984,2025-12-03 23:27:52.396098,2025-12-03 23:29:23.877183,0 days 00:01:31.481085,0.9179867065470874,0.5783530650806817,0.04776192522793054,10,2,640,7.755776269372856,8.385457667037608,0.8043173069317286,2.259182239879723,0.589780201059952,1.3386101104810855,COMPLETE
163,-0.4996643251843376,2025-12-03 23:27:53.185098,2025-12-03 23:29:23.140727,0 days 00:01:29.955629,0.7125466801704448,0.5395361032246254,0.05203766619512991,10,2,636,1.6157276749086906,9.074996982592083,0.7989886820984033,2.2661163150938024,0.4721928750882123,1.4151366460248975,COMPLETE
164,-0.4956196305085825,2025-12-03 23:27:57.864473,2025-12-03 23:29:34.881864,0 days 00:01:37.017391,0.7109329760209587,0.1769984909644941,0.05529452551391505,10,2,639,7.607411669888483,8.656276210905817,0.7840277329121946,2.2519570018067263,0.4707067440597311,1.339923238134859,COMPLETE
165,-0.48905534070334805,2025-12-03 23:27:59.462019,2025-12-03 23:29:26.177385,0 days 00:01:26.715366,0.7167730091494979,0.5367082573470259,0.050480805260077415,10,2,644,5.5745261604303895,9.109390852967705,0.784530384975126,2.2652563514018578,0.46511340370587195,1.3408045363101686,COMPLETE
166,-0.47506705908875535,2025-12-03 23:28:03.615627,2025-12-03 23:29:45.689600,0 days 00:01:42.073973,0.7099108592820075,0.15693752375554137,0.04517627544145338,10,2,640,5.56989986958393,8.531946689835165,0.8031440776858195,2.8641064057470134,0.46269955745357505,1.3398091518038435,COMPLETE
167,-0.5006516901452481,2025-12-03 23:28:04.572831,2025-12-03 23:29:14.216159,0 days 00:01:09.643328,0.7144443272305514,0.5537490294642092,0.10812641876272916,10,2,642,7.745652763473007,8.85838738882402,0.8079355001440974,2.2654460122161075,0.49211106325682696,1.3396515246863936,COMPLETE
168,-0.49897894641086005,2025-12-03 23:28:05.661296,2025-12-03 23:29:24.105839,0 days 00:01:18.444543,0.7076309867233177,0.5126634052490353,0.07356971434398617,10,2,638,7.809556331678467,9.325574801258798,0.8005081382958641,2.2760943430506044,0.49553388171803014,1.3395061310718053,COMPLETE
169,-0.4599508202462561,2025-12-03 23:28:07.227989,2025-12-03 23:29:17.399453,0 days 00:01:10.171464,0.7108901485432425,0.5481749758645599,0.046391511281114975,10,2,500,7.6660561196389425,8.892164879551165,0.7875082974290688,2.397052771806628,0.43269021235440835,1.3397059315868212,COMPLETE
170,-0.47180361110815205,2025-12-03 23:28:08.199613,2025-12-03 23:29:14.874890,0 days 00:01:06.675277,0.6152068024330264,0.6062195951728341,0.08329375967025578,10,2,639,7.680304971894793,9.093205054835177,0.8012293636228027,2.270158451011458,0.42959103509395286,1.3251564256081645,COMPLETE
171,-0.49347123444469626,2025-12-03 23:28:08.815176,2025-12-03 23:29:32.071000,0 days 00:01:23.255824,0.7122699817642225,0.15939751875839508,0.07745506030033686,10,1,515,0.6691699175333108,8.64227182051209,0.7771704461491818,2.2641415509983682,0.3807300116114874,1.3354445891751425,COMPLETE
172,-0.496109940285906,2025-12-03 23:28:15.593855,2025-12-03 23:29:45.475943,0 days 00:01:29.882088,0.7052610087184479,0.5859876731871927,0.05016154711504817,10,1,637,5.534720587033714,8.608447009008952,0.7527485209740102,2.226142230559802,0.49355747378165943,1.3408128520885296,COMPLETE
173,-0.5175098378378612,2025-12-03 23:28:18.008600,2025-12-03 23:29:41.680602,0 days 00:01:23.672002,0.7799163460680597,0.4903087160132783,0.07418547320209655,10,1,517,1.003985387608632,8.485711874434548,0.7783544648013189,2.9139698082158008,0.5791141599804849,1.3446599613582761,COMPLETE
174,-0.48601467694083794,2025-12-03 23:28:18.994139,2025-12-03 23:29:34.801971,0 days 00:01:15.807832,0.7070148240875019,0.5350873048740336,0.07948672766179506,10,1,640,5.4592210606612595,0.8159146561701152,0.821841429271018,2.2680723709011255,0.44359822084442113,1.4940345589573856,COMPLETE
175,-0.5042473314935387,2025-12-03 23:28:21.673593,2025-12-03 23:29:56.411551,0 days 00:01:34.737958,0.7127826972982432,0.5307772815490699,0.07866403438159855,10,1,634,5.554180591226855,9.04383667069211,0.7539786097137017,2.8914825626563925,0.5769975168372456,1.6493309703241308,COMPLETE
176,-0.4845770862416212,2025-12-03 23:28:37.889274,2025-12-03 23:29:58.698438,0 days 00:01:20.809164,0.615540641543774,0.5356768335613031,0.07708962600510594,10,1,644,2.874666023679898,6.250682089967917,0.8309348770254321,2.2277124255069376,0.4354268347693873,1.6393975594279615,COMPLETE
177,-0.4867998602567065,2025-12-03 23:28:48.279460,2025-12-03 23:29:55.424614,0 days 00:01:07.145154,0.7104708604662443,0.5558574587994202,0.08290790599215736,10,1,513,2.7915572305550636,8.855776607802603,0.8196125096712934,2.582070412117809,0.4495751812324941,1.3478276949415526,COMPLETE
178,-0.523203430280394,2025-12-03 23:28:57.813163,2025-12-03 23:30:19.942771,0 days 00:01:22.129608,0.7095291584840858,0.5206937280786621,0.07923167905451171,10,1,518,2.478786830284321,0.7158384847169672,0.7533541541756483,2.253048506939016,0.5788466674925321,1.4902310234640086,COMPLETE
179,-0.5244768281583,2025-12-03 23:29:01.507682,2025-12-03 23:30:33.201711,0 days 00:01:31.694029,0.7079390411560529,0.16357104352039017,0.07977077851980083,10,1,524,1.2055994528068408,0.6565882702359613,0.8385760523904074,2.889277540026378,0.6225203464262835,1.6306430182704446,COMPLETE
180,-0.4964057138962006,2025-12-03 23:29:14.219044,2025-12-03 23:30:40.310120,0 days 00:01:26.091076,0.7059274007274396,0.17497923690539002,0.07810980782387848,10,1,509,0.5402363761798532,6.357888278025877,0.7764714226045853,2.578670973136225,0.4436367008334787,1.6283422587762328,COMPLETE
181,-0.5224400360941663,2025-12-03 23:29:14.880292,2025-12-03 23:30:49.446067,0 days 00:01:34.565775,0.9061724226543484,0.17381607458118092,0.07575540040575439,10,1,516,0.8491246296584023,0.70276036478886,0.8234953042232307,2.906203108607724,0.5789831798574034,1.4252959022392488,COMPLETE
182,-0.5081591568570727,2025-12-03 23:29:17.402810,2025-12-03 23:30:52.373719,0 days 00:01:34.970909,0.8252423604663393,0.182790473518535,0.03833050530020297,10,1,521,0.7592170543656634,0.665963462224745,0.7793007393024917,2.5991484814063366,0.579327493803066,1.6424324806605304,COMPLETE
183,-0.5221762639244515,2025-12-03 23:29:21.099085,2025-12-03 23:30:51.262426,0 days 00:01:30.163341,0.6161293251863986,0.15076143672863995,0.08148723899706309,10,1,517,0.4642089648632619,0.7310345182978291,0.8218400263981155,2.806725225249246,0.5745861488424521,1.65318048404885,COMPLETE
184,-0.5204080165583758,2025-12-03 23:29:21.178204,2025-12-03 23:30:32.334231,0 days 00:01:11.156027,0.7816513713375133,0.14773443954730386,0.07366193040004666,10,1,404,0.8265453390357403,0.7638186382580339,0.8202295253342422,2.8976697996187304,0.6216576921328467,1.4932690170251899,COMPLETE
185,-0.5218833458855686,2025-12-03 23:29:23.145614,2025-12-03 23:30:56.362810,0 days 00:01:33.217196,0.7728875087624951,0.15859672511039632,0.07227614969373305,10,1,523,0.5045768843524281,0.761005811981927,0.8309393597848018,2.718369251918369,0.5800889374770859,1.6540225905472852,COMPLETE
186,-0.5231001077254884,2025-12-03 23:29:23.880161,2025-12-03 23:30:59.524132,0 days 00:01:35.643971,0.8193231122088006,0.17093809608736704,0.07698533508286796,10,1,514,2.5185799149514754,0.7094912090620744,0.7491319211616944,2.993002077350486,0.6211608416376041,1.6195546795711766,COMPLETE
187,-0.5320426212497545,2025-12-03 23:29:24.108661,2025-12-03 23:31:09.064486,0 days 00:01:44.955825,0.8162273011067254,0.1652616305924233,0.09685355630384425,10,1,592,0.9988218230415823,0.7311611997173488,0.7793492504549463,2.613820333056753,0.6226249707373384,1.6202943139527417,COMPLETE
188,-0.5335262190860749,2025-12-03 23:29:26.180822,2025-12-03 23:31:37.035495,0 days 00:02:10.854673,0.7802178112025078,0.18302776978476956,0.0770417889267879,10,1,737,0.8025372759758532,0.7205346032254798,0.8344651105993067,2.579306563283333,0.5775079965109734,1.638308424425638,COMPLETE
189,-0.49185243717028976,2025-12-03 23:29:27.543225,2025-12-03 23:31:02.147165,0 days 00:01:34.603940,0.7642668166070317,0.16799427749844512,0.07638853644007393,10,1,522,0.9597545859493044,1.878627085506837,0.7000639373515909,2.8652856673415465,0.3805271018950455,1.493792873207763,COMPLETE
190,-0.5270831827321062,2025-12-03 23:29:27.830880,2025-12-03 23:31:26.712024,0 days 00:01:58.881144,0.7509962315627131,0.16969801446257238,0.07662292641360488,10,1,653,0.732869468930373,0.7364154618871637,0.752718436213274,2.8251910486327594,0.5773344960252899,1.6270327099482498,COMPLETE
191,-0.5333251833257436,2025-12-03 23:29:30.637711,2025-12-03 23:31:46.225880,0 days 00:02:15.588169,0.8995209347039931,0.1532048977842282,0.0770735193854104,10,1,736,0.8692422615697155,0.6607218400379007,0.7569287092625355,2.600143754602585,0.5801605921457622,1.6220720668723245,COMPLETE
192,-0.49002558372698185,2025-12-03 23:29:31.115964,2025-12-03 23:30:39.201920,0 days 00:01:08.085956,0.7716805402343129,0.1422989054962079,0.03519230612983197,10,1,360,0.9295024577961645,0.6888809264091049,0.8299050893435407,2.595686855454064,0.5764974043956994,1.6431278985643671,COMPLETE
193,-0.48977216132727475,2025-12-03 23:29:32.074294,2025-12-03 23:30:37.754565,0 days 00:01:05.680271,0.9015585193307804,0.12255619899916141,0.03987740135417004,10,1,331,0.9706280797293177,0.7557807828691209,0.8234929383302085,2.8755775884047177,0.5752675086435544,1.4919467732984764,COMPLETE
194,-0.5235577005280762,2025-12-03 23:29:34.805010,2025-12-03 23:31:53.655315,0 days 00:02:18.850305,0.7359540909931382,0.1471825819674844,0.05943955020731626,10,1,749,1.1122605107071797,0.6800292521244253,0.750111924373104,2.8844715389727917,0.5816034440756725,1.6489330938007014,COMPLETE
195,-0.5013413424426029,2025-12-03 23:29:34.884629,2025-12-03 23:30:41.213374,0 days 00:01:06.328745,0.7695791791078588,0.7249743919960583,0.05873595608416405,10,1,378,0.917415994486771,0.6846923592580081,0.7480519129835516,2.967475075037698,0.578399951699992,1.6121334216654917,COMPLETE
196,-0.5163008891813448,2025-12-03 23:29:41.685955,2025-12-03 23:31:55.158943,0 days 00:02:13.472988,0.753592276562681,0.12295200654317459,0.040278943076857754,10,1,740,2.652254389391094,0.6774342329098895,0.7520661961881328,2.576611062118959,0.6009477520572903,1.6168232725716887,COMPLETE
197,-0.495221133802848,2025-12-03 23:29:45.478882,2025-12-03 23:30:58.648156,0 days 00:01:13.169274,0.7493830870664376,0.11664028970941592,0.04070101965911792,10,1,388,2.7956251369234453,0.6750904522398196,0.838248885936825,2.5947386105174206,0.5984594904455779,1.650520809898302,COMPLETE
198,-0.5270394233251909,2025-12-03 23:29:45.693130,2025-12-03 23:32:09.458163,0 days 00:02:23.765033,0.9744785078942855,0.028234538674110785,0.059533798757697175,10,1,735,2.6731923921339855,0.6637612290557695,0.834691781339559,2.5996681260662644,0.5806857861906236,1.623113242641903,COMPLETE
199,-0.5223441550270107,2025-12-03 23:29:55.427875,2025-12-03 23:32:17.438040,0 days 00:02:22.010165,0.9010254429985969,0.030262683429031243,0.038871150333295856,10,1,729,2.196191088299223,0.6991405896882701,0.7517467808958712,2.586232951124762,0.6221098174435924,1.6203362388564548,COMPLETE
200,-0.5221923152527524,2025-12-03 23:29:56.415130,2025-12-03 23:32:19.626121,0 days 00:02:23.210991,0.9005438292715096,0.011336829998121745,0.03954933425554568,10,1,743,2.5335533340886696,0.6346469839177842,0.832359094229554,2.5974135606622224,0.6001387415846462,1.492660281065203,COMPLETE
201,-0.5088164031130059,2025-12-03 23:29:58.703290,2025-12-03 23:31:10.393314,0 days 00:01:11.690024,0.8995609957566193,0.7456327109223809,0.03855348420342854,10,1,386,1.051927523069304,0.7636672491689754,0.7393886509983381,2.5990807066041373,0.6217408940859839,1.4870328437452716,COMPLETE
202,-0.5183327960052373,2025-12-03 23:30:19.946026,2025-12-03 23:31:24.057067,0 days 00:01:04.111041,0.7370378699815427,0.738158228636504,0.09470539147272956,10,1,411,1.1185346743738012,4.760627430382672,0.6992106494219983,2.5856890760054685,0.6020117200471327,1.4359218040485071,COMPLETE
203,-0.5260783351403611,2025-12-03 23:30:32.337398,2025-12-03 23:32:54.677897,0 days 00:02:22.340499,0.8744055284674039,4.919087727141974e-05,0.05703990325452885,10,1,749,2.1679477414734336,8.111414621242234,0.6490000419472195,2.560265546151372,0.600252300775466,1.4285725040256723,COMPLETE
204,-0.5042640101943119,2025-12-03 23:30:33.202960,2025-12-03 23:32:19.288747,0 days 00:01:46.085787,0.7582524422325392,0.02581568738999704,0.03845026486252252,10,1,597,1.2217714456725564,7.932751936578664,0.8925079011585035,2.724321741734591,0.6007791055488976,1.6056716526839134,COMPLETE
205,-0.5231867842475346,2025-12-03 23:30:37.755911,2025-12-03 23:32:34.130767,0 days 00:01:56.374856,0.7396705692923103,0.0836224825748419,0.05967495885554678,10,1,661,2.1809517825280507,0.01590111674788869,0.8832515009869375,2.616480692158893,0.6009938583126953,1.7430765717078591,COMPLETE
206,-0.5317959147518511,2025-12-03 23:30:39.204277,2025-12-03 23:32:47.658406,0 days 00:02:08.454129,0.755153229692775,0.006623244325571681,0.09811197380322369,10,1,736,2.2794869389927133,8.159019700822483,0.8766787719172122,2.643282203242607,0.6022485135585606,1.4201078993529854,COMPLETE
207,-0.5331711184836466,2025-12-03 23:30:40.311582,2025-12-03 23:32:50.455409,0 days 00:02:10.143827,0.7354021476002862,0.000559223902804315,0.09566786002245004,10,1,742,2.2846228734629723,0.030146295467650852,0.8501187538713159,2.7509751075290856,0.6014921616582962,1.415598071866676,COMPLETE
208,-0.5302486087293031,2025-12-03 23:30:41.214489,2025-12-03 23:32:39.435690,0 days 00:01:58.221201,0.7341352105220794,0.06444652755120407,0.0988901877194045,10,1,659,2.2829058750249334,8.005696750414424,0.7362988891557903,2.617329679350883,0.6015150115627487,1.4367769850576468,COMPLETE
209,-0.5254892302466443,2025-12-03 23:30:49.447275,2025-12-03 23:32:12.954050,0 days 00:01:23.506775,0.7365804062237079,0.0037830915078473845,0.09785806482371918,10,1,464,2.2025889760557997,7.760119888063824,0.8736770341534609,2.546609260391483,0.6032389560123839,1.4629249479534985,COMPLETE
210,-0.5267861271965821,2025-12-03 23:30:51.263510,2025-12-03 23:33:04.335729,0 days 00:02:13.072219,0.7338343331113348,0.026438100906050387,0.05896703007089313,10,1,743,2.208003754261614,7.838916556489064,0.7009142539228703,2.3825080448743368,0.6019404636941139,1.4177106614542538,COMPLETE
211,-0.5351170491077202,2025-12-03 23:30:52.375026,2025-12-03 23:33:03.173527,0 days 00:02:10.798501,0.7335588039011873,0.02060165939880934,0.09690826651428099,10,1,747,1.1766773172676053,8.11642893986916,0.8399343949823539,2.739370648112149,0.5992583472608779,1.4127981295505216,COMPLETE
212,-0.46969663741324635,2025-12-03 23:30:56.363928,2025-12-03 23:31:50.641832,0 days 00:00:54.277904,0.7342995776204091,0.015973045277917625,0.09484155205696534,7,1,597,2.2472210275708457,7.971762567728205,0.7011661771996229,3.2529553739431174,0.6008548352028749,1.7720139522394875,COMPLETE
213,-0.5044484271160151,2025-12-03 23:30:58.649444,2025-12-03 23:32:41.099672,0 days 00:01:42.450228,0.730762528178129,0.01572925302481277,0.06148920458291475,9,1,746,1.19928517022215,7.738598628507173,0.8538455890243613,3.272326638147941,0.6214109358299911,1.7318190747521456,COMPLETE
214,-0.529371997503893,2025-12-03 23:30:59.525272,2025-12-03 23:32:50.228144,0 days 00:01:50.702872,0.7300863870251082,0.015891349792949427,0.10010653168678135,10,1,599,2.201244774890766,7.852660504308343,0.6996903532650016,2.360978864216055,0.6012313214538934,1.4733314218902271,COMPLETE
215,-0.5265876275415163,2025-12-03 23:31:02.148348,2025-12-03 23:32:49.375073,0 days 00:01:47.226725,0.7338290748410502,0.02406914743853142,0.09583713485038543,10,1,594,2.2424801111352837,8.189785382608274,0.7375850790920909,2.3844087066508193,0.6006538133298515,1.735412073206804,COMPLETE
216,-0.5263588095589726,2025-12-03 23:31:09.065709,2025-12-03 23:32:56.166803,0 days 00:01:47.101094,0.7346480590205895,0.03892595992195455,0.09312406724322185,10,1,592,2.2075469888209165,7.937743455086003,0.6492999143013467,2.5416099210969243,0.603085501337788,1.40388488472522,COMPLETE
217,-0.47920046260459276,2025-12-03 23:31:10.394688,2025-12-03 23:32:17.241246,0 days 00:01:06.846558,0.7383018848804755,0.009233984236030925,0.09936360548347375,7,1,741,1.2626973235424341,7.787375027027169,0.6504485009964046,3.2733855168870996,0.6008165273130892,1.792027316214686,COMPLETE
218,-0.5306087106987379,2025-12-03 23:31:24.058602,2025-12-03 23:33:45.082152,0 days 00:02:21.023550,0.8849651738657834,0.04617695729227901,0.10458617342021034,10,1,746,2.2058684263130917,8.000429906496887,0.6473637620435301,2.3825995065166157,0.6074017676925466,1.4057700211858906,COMPLETE
219,-0.4441431510884475,2025-12-03 23:31:26.713371,2025-12-03 23:32:31.845251,0 days 00:01:05.131880,0.6788647424312462,0.00230610829258468,0.05866369935579094,7,6,749,1.2533344361923353,0.023979549565249947,0.6483328127094701,2.7436641485989615,0.5997495326681903,2.7705678731337353,COMPLETE
220,-0.4989691361358572,2025-12-03 23:31:37.037190,2025-12-03 23:32:38.713201,0 days 00:01:01.676011,0.8825460156702126,0.052613610073969364,0.09561536056986425,7,1,732,2.237067233320911,1.00592199613751,0.8607575806007747,2.6614830577500252,0.6026333961820264,1.73744672148112,COMPLETE
221,-0.5265119670264595,2025-12-03 23:31:46.227755,2025-12-03 23:33:19.353458,0 days 00:01:33.125703,0.7964651525066216,0.010242173789529657,0.09609347702993015,9,1,731,0.22316693417920386,0.009083734151170475,0.8633514089340948,2.771771831482996,0.6004990621168931,1.7762006893371383,COMPLETE
222,-0.5177793947687901,2025-12-03 23:31:50.642981,2025-12-03 23:33:28.350394,0 days 00:01:37.707413,0.8809914399933266,0.0016322003414302871,0.059523177237448405,9,3,748,1.2834429580532123,0.05203126133162453,0.8470790663173141,2.7236360004851514,0.6079513519911647,1.7230418310901041,COMPLETE
223,-0.5175632073237711,2025-12-03 23:31:53.656505,2025-12-03 23:33:17.858057,0 days 00:01:24.201552,0.679308188083027,0.023047475611584094,0.09946457491055367,9,5,727,0.11759237276325596,1.0792218592100842,0.8556741103961875,2.781596219727065,0.599311886008283,1.7136867767862702,COMPLETE
224,-0.5251237555026154,2025-12-03 23:31:55.160604,2025-12-03 23:33:17.540684,0 days 00:01:22.380080,0.8794695360200849,0.428446749154429,0.09927255893922934,10,5,665,2.1381486602595094,0.0033427107260817213,0.8819004731681565,2.7764091687007073,0.6106066425273153,1.72183693169122,COMPLETE
225,-0.5264483158665899,2025-12-03 23:32:09.461590,2025-12-03 23:34:23.649896,0 days 00:02:14.188306,0.9646142624726715,0.028755633846822906,0.06852887775265558,10,1,730,2.075705085153359,1.0595736008226553,0.8649468213900299,2.6371408030263104,0.5635378511264625,1.703338560051388,COMPLETE
226,-0.5325852484857737,2025-12-03 23:32:12.957819,2025-12-03 23:34:18.371628,0 days 00:02:05.413809,0.9732667511388465,0.004055454497232557,0.10078050256309168,10,1,661,2.295138686396577,0.04009476776443488,0.8660912858884822,2.687772117636602,0.5693157750233546,1.7343194921440583,COMPLETE
227,-0.5202858312028,2025-12-03 23:32:17.244423,2025-12-03 23:33:49.680390,0 days 00:01:32.435967,0.9725123619965044,0.4253733568509084,0.10697297335620366,10,1,735,2.281200179556027,7.535535170930383,0.8757446985299352,2.651668341862961,0.5665897910756438,1.743412858328284,COMPLETE
228,-0.4550860602006412,2025-12-03 23:32:17.441238,2025-12-03 23:33:36.829343,0 days 00:01:19.388105,0.9745290843787863,0.41151591678961374,0.010591139434324763,10,5,451,0.20246042932916675,0.02890099255824896,0.8633087257922838,2.6557153383297765,0.5852810186857336,1.7033313528266183,COMPLETE
229,-0.5237718886229209,2025-12-03 23:32:19.291885,2025-12-03 23:33:22.506023,0 days 00:01:03.214138,0.9642260476435177,0.4302950545210819,0.10867019300208781,10,2,427,0.09885660116158945,0.057493258671428876,0.8651438059741263,2.6549897352108225,0.5645277985596611,1.7292802688185207,COMPLETE
230,-0.5111362013413894,2025-12-03 23:32:19.629444,2025-12-03 23:33:29.077649,0 days 00:01:09.448205,0.9792970133031673,0.4322983256591832,0.10393603787791583,10,2,430,1.7255986516943764,7.492321486258309,0.8463012662006361,2.778747724439311,0.5636509349221062,1.745618225265327,COMPLETE
231,-0.5161632990709605,2025-12-03 23:32:31.848647,2025-12-03 23:33:44.773511,0 days 00:01:12.924864,0.8723711921879679,0.2177591738923828,0.08778748794418986,10,2,429,0.4255204796173176,7.3276897647959585,0.7620809230935323,2.6806528053899576,0.5641425021992257,1.744812704188017,COMPLETE
232,-0.529437075312711,2025-12-03 23:32:34.133919,2025-12-03 23:34:18.190054,0 days 00:01:44.056135,0.8782847424247319,0.24708389925090046,0.10054422506600018,10,5,726,0.03896954359040439,7.399579392853584,0.8554675374556516,2.6653842377251267,0.5640882503473525,1.7174644071421983,COMPLETE
233,-0.5170671617149529,2025-12-03 23:32:38.716486,2025-12-03 23:33:59.632258,0 days 00:01:20.915772,0.9809555122430517,0.4449431748494083,0.09065317741431343,9,9,678,0.22400296788156593,7.112093367931862,0.7672794874789144,2.3878483707054023,0.587383944814668,1.7185088513167504,COMPLETE
234,-0.5213020697141592,2025-12-03 23:32:39.438499,2025-12-03 23:33:45.509175,0 days 00:01:06.070676,0.7996488322995596,0.42563055782348913,0.10641379529405837,10,2,462,1.981151973335317,7.209805340438913,0.8616661474574528,2.660102948339485,0.5674343108646375,1.4516585521623702,COMPLETE
235,-0.5239613726820583,2025-12-03 23:32:41.103648,2025-12-03 23:34:05.084632,0 days 00:01:23.980984,0.978449576489843,0.23421562622288683,0.10696643969692196,10,2,478,1.7483377267290534,7.58859516036484,0.7679839429533216,2.7931095962938715,0.5661839677048675,1.4573698900388012,COMPLETE
236,-0.5189873304366154,2025-12-03 23:32:47.661550,2025-12-03 23:34:12.700783,0 days 00:01:25.039233,0.7955784239068802,0.4380738008803106,0.1099468256954015,10,1,725,3.0791493850192415,8.207885425326525,0.8672080418893823,2.789280107766112,0.5685538874555235,1.4571260328693374,COMPLETE
237,-0.531498231659434,2025-12-03 23:32:49.378238,2025-12-03 23:34:00.267401,0 days 00:01:10.889163,0.9772353574659143,0.4026379812197729,0.10325398039108277,10,1,464,0.038944694598009644,0.9786628620418267,0.8738771477264512,2.6611094721083624,0.5851026953813134,1.45473293993331,COMPLETE
238,-0.5232483555360781,2025-12-03 23:32:50.231180,2025-12-03 23:34:18.276227,0 days 00:01:28.045047,0.7944576487180796,0.38667990139180336,0.11143612631324588,10,9,612,2.0015452663074216,7.4752699925300075,0.7351374692792467,2.655232282557046,0.5629556477605696,1.4102637938414349,COMPLETE
239,-0.5238343404794809,2025-12-03 23:32:50.458411,2025-12-03 23:34:22.969407,0 days 00:01:32.510996,0.9661444079595776,0.42179613182071046,0.11013542291723387,10,1,730,2.355380889644234,7.228694470671141,0.8574256428301561,2.7932527325533787,0.5627789098852596,1.4629705790851923,COMPLETE
240,-0.5296577479049855,2025-12-03 23:32:54.681726,2025-12-03 23:34:49.584748,0 days 00:01:54.903022,0.7944508693671257,0.23725208515417057,0.11351608541543423,10,1,730,1.9931158859601679,7.256521009794544,0.8680336005414078,2.6729046695574157,0.5855984456518789,1.4606165986146147,COMPLETE
241,-0.519984956598328,2025-12-03 23:32:56.170018,2025-12-03 23:33:58.624497,0 days 00:01:02.454479,0.7981861158819087,0.4172206021673805,0.1064163211107887,10,1,457,2.0098963826241723,7.586085901407272,0.9013225454473133,2.671127031234673,0.5955391016729915,1.4620921924251171,COMPLETE
242,-0.5313980203537563,2025-12-03 23:33:03.176869,2025-12-03 23:35:01.978456,0 days 00:01:58.801587,0.9723285756952456,0.25001536132662916,0.10935255696016888,10,1,729,0.13676630899303444,7.520042709491005,0.8644559885052897,2.8023668125681964,0.5867518846011586,1.4517586688347022,COMPLETE
243,-0.5249771561057315,2025-12-03 23:33:04.338813,2025-12-03 23:34:29.874640,0 days 00:01:25.535827,0.9623019656521176,0.4418025405595669,0.11384986420122896,10,1,725,1.9705556724874282,7.506043595412598,0.8734640593415235,2.7771669613757215,0.5855473582890429,1.4465752889750103,COMPLETE
244,-0.5293129148788899,2025-12-03 23:33:17.543946,2025-12-03 23:35:16.117650,0 days 00:01:58.573704,0.9699656478697105,0.2549319436243849,0.1057135747407196,10,1,719,1.9844441933104302,7.344862664215093,0.8542016972573598,2.6651360013616934,0.5851889198640164,1.453487313284176,COMPLETE
245,-0.5251711450698556,2025-12-03 23:33:17.859255,2025-12-03 23:34:39.991293,0 days 00:01:22.132038,0.9733067703993419,0.4187108028875631,0.10603562953041812,10,1,731,1.895377880349913,7.56338750310553,0.9080002565465023,2.672463410159032,0.5877924912510156,1.4304082485056036,COMPLETE
246,-0.5285248805644326,2025-12-03 23:33:19.354715,2025-12-03 23:35:13.163729,0 days 00:01:53.809014,0.7900376423422557,0.24231666110573566,0.11004615512279269,10,1,728,1.981894032332401,8.185432613203783,0.8648712569691342,2.651814766343139,0.5864923135468946,1.4229327894197887,COMPLETE
247,-0.5279891428580832,2025-12-03 23:33:22.507140,2025-12-03 23:35:16.648571,0 days 00:01:54.141431,0.7895640229250682,0.25710697198612553,0.1136200855737792,10,1,724,2.0658408926973246,7.336807066938951,0.8461878294745696,2.656759103997604,0.5947918374353222,1.4451225189293189,COMPLETE
248,-0.5318487229319581,2025-12-03 23:33:28.351615,2025-12-03 23:35:19.726789,0 days 00:01:51.375174,0.7470343102398569,0.23253175067148113,0.11560748302639538,10,1,729,1.8498364001336154,7.547056918975048,0.8460467724597077,2.66788951017262,0.5953347454373101,1.422088749991371,COMPLETE
249,-0.527130222282925,2025-12-03 23:33:29.079015,2025-12-03 23:35:32.015629,0 days 00:02:02.936614,0.8010710288999101,0.26484158434496197,0.11649151818670624,10,1,738,2.042779840738135,8.283955734022818,0.8130612786905879,2.6803991861722833,0.5852404059205639,2.0269695311709417,COMPLETE
250,-0.5279116932104247,2025-12-03 23:33:36.830816,2025-12-03 23:35:38.278130,0 days 00:02:01.447314,0.8013431210273136,0.2337504978525346,0.087818478464972,10,1,727,3.082189053197645,7.131420045996308,0.8432018217200726,2.6830003982483754,0.5852081519190346,1.4256400381794747,COMPLETE
251,-0.5252982065770223,2025-12-03 23:33:44.775002,2025-12-03 23:35:43.388717,0 days 00:01:58.613715,0.7472382699923246,0.2393757156556466,0.121359938109852,10,1,728,1.9174813237232242,8.253585613095966,0.732710842741617,2.5387174065222697,0.5846470330356358,1.4509864350882768,COMPLETE
252,-0.5252532100298041,2025-12-03 23:33:45.083829,2025-12-03 23:35:52.286420,0 days 00:02:07.202591,0.7967755516869067,0.24597791201125696,0.10474210606141815,10,1,728,1.946249837105145,8.224452448268414,0.7072384159810694,2.5270502903747567,0.586813979677987,2.003715985270533,COMPLETE
253,-0.5280902232191317,2025-12-03 23:33:45.510252,2025-12-03 23:35:42.164069,0 days 00:01:56.653817,0.7909524115871144,0.2544590852259539,0.11389451052151163,10,1,721,3.059917508876464,8.231072238439749,0.7338585124016592,2.3898894963830886,0.5856178764744755,1.4213324068175393,COMPLETE
254,-0.5287266530430349,2025-12-03 23:33:49.681597,2025-12-03 23:35:55.189815,0 days 00:02:05.508218,0.7917655857816036,0.22273529632745442,0.08741659833603284,10,1,723,2.006952744666855,8.254392729806774,0.7329502193272458,2.530313830074234,0.5849250411549105,1.4147001844958573,COMPLETE
255,-0.5294168384082122,2025-12-03 23:33:58.625752,2025-12-03 23:35:46.744194,0 days 00:01:48.118442,0.748730481870324,0.24090663978498333,0.11700749662676652,10,1,720,2.4500433343815295,8.249030138415918,0.8447068699731914,2.5244382923551263,0.5861635334087664,1.42279731189202,COMPLETE
256,-0.5244513675487538,2025-12-03 23:33:59.633568,2025-12-03 23:36:00.753495,0 days 00:02:01.119927,0.748007118037336,0.23646586458715046,0.11701574539634615,10,1,733,2.415452136945071,8.183681439745511,0.6425198984686147,2.529886747755922,0.5849770271174755,1.409256109402467,COMPLETE
257,-0.5251134872560191,2025-12-03 23:34:00.268706,2025-12-03 23:35:53.527797,0 days 00:01:53.259091,0.7527972032439525,0.243583890438817,0.13105902391036514,10,1,724,2.412887519170543,8.253140391439382,0.7355579031075975,2.5361827928148526,0.5842916382579706,1.414114189354848,COMPLETE
258,-0.5288319701108081,2025-12-03 23:34:05.087976,2025-12-03 23:36:00.613452,0 days 00:01:55.525476,0.7478259039291514,0.22966827811787796,0.11904338232693677,10,1,730,2.3833120124623823,8.379413169783422,0.7326663530220636,2.5260582958956057,0.5850516450783614,1.4098194147913097,COMPLETE
259,-0.528155087937403,2025-12-03 23:34:12.703994,2025-12-03 23:35:57.898674,0 days 00:01:45.194680,0.7523492308211118,0.2339771771916598,0.11658348653672199,10,1,729,2.395220732392817,8.257378194035745,0.8906551714368797,2.5346417039999083,0.5844873178508018,1.4070286864266535,COMPLETE
260,-0.5294179482753711,2025-12-03 23:34:18.191273,2025-12-03 23:36:18.039110,0 days 00:01:59.847837,0.8525227581646705,0.24198610837580137,0.11402418492192355,10,1,725,2.599147298080552,8.302478641699691,0.8435972362084677,2.536352954580967,0.5874039363955662,1.415249844805249,COMPLETE
261,-0.5291115817052292,2025-12-03 23:34:18.277289,2025-12-03 23:36:19.516841,0 days 00:02:01.239552,0.853108620421103,0.23777399136159524,0.12147409396535362,10,1,725,0.013534440326879643,8.276144750601249,0.8482694813065669,2.7107369203691714,0.6099160807341477,2.1136974685332977,COMPLETE
262,-0.5255547732657432,2025-12-03 23:34:18.373124,2025-12-03 23:36:21.533147,0 days 00:02:03.160023,0.8516486974231451,0.255665969115221,0.0868049092222668,10,1,724,2.5694044688970163,8.334320664644196,0.8499184191514402,2.7359670535161524,0.5835183077941487,1.6720999551290898,COMPLETE
263,-0.532654113637634,2025-12-03 23:34:22.970674,2025-12-03 23:36:14.737777,0 days 00:01:51.767103,0.8431705256357331,0.25894735775719424,0.12153518729004321,10,1,723,0.01759871604677979,8.139097510227453,0.8431771526965439,2.733375902367933,0.5841030569072305,1.518050902115115,COMPLETE
264,-0.5282180490851367,2025-12-03 23:34:23.651345,2025-12-03 23:36:23.063212,0 days 00:01:59.411867,0.989150781960639,0.24012902935289004,0.12235353950122532,10,1,731,2.5549884750424097,8.3080792012403,0.8428972775335607,2.7264976372782685,0.5836509525734498,1.8068378245100656,COMPLETE
265,-0.5234428185675589,2025-12-03 23:34:29.876218,2025-12-03 23:36:23.783580,0 days 00:01:53.907362,0.7485195321599285,0.22230964229377706,0.1261614263513201,10,1,725,2.4374292843687284,8.251228193813537,0.8460459140536191,2.7229485103030737,0.550724983924742,1.8170010170350783,COMPLETE
266,-0.531042504519449,2025-12-03 23:34:39.992561,2025-12-03 23:36:45.184899,0 days 00:02:05.192338,0.9924996402701294,0.2393562514751007,0.12370030813162122,10,1,721,2.4653366608434952,8.329048699420689,0.8412861851600039,2.531908154162754,0.5850974959739916,1.822868453610098,COMPLETE
267,-0.5278000697806193,2025-12-03 23:34:49.586281,2025-12-03 23:36:52.245144,0 days 00:02:02.658863,0.9929050284847764,0.2232005723083158,0.11807359250035172,10,1,719,0.3013914558313662,8.276708278515574,0.8452915210723998,3.566147111950034,0.5843869825852753,1.806328205569536,COMPLETE
268,-0.5282534181762416,2025-12-03 23:35:01.979941,2025-12-03 23:36:54.299875,0 days 00:01:52.319934,0.9947862511582465,0.2707218972162351,0.1289657726027878,10,1,715,2.460201102961452,8.12427459873343,0.8467436705629885,2.7308716231929835,0.5852932030009796,1.5220563220246546,COMPLETE
269,-0.5269827548330244,2025-12-03 23:35:13.165611,2025-12-03 23:37:15.029062,0 days 00:02:01.863451,0.9901073776673772,0.24113504590482138,0.12255991870979428,10,1,717,2.497310669171582,8.137844095994966,0.8460567527023922,2.7043919866117228,0.5816592218786933,2.0964969099515844,COMPLETE
270,-0.5313574978340291,2025-12-03 23:35:16.118712,2025-12-03 23:37:05.816531,0 days 00:01:49.697819,0.9920530806705069,0.23020446587282606,0.12579413540425502,10,1,719,2.4145331175949325,8.048904646035979,0.8835831720212958,2.689801804987972,0.5853254223413896,1.5149622404561127,COMPLETE
271,-0.5308185070373471,2025-12-03 23:35:16.649731,2025-12-03 23:37:09.301431,0 days 00:01:52.651700,0.9899318123140736,0.26099639537486335,0.12335261917881192,10,1,716,2.4463398245992716,7.07740612355644,0.8532332311837793,2.6950941551335577,0.5851736910373817,1.5148894893649802,COMPLETE
272,-0.5300976896036868,2025-12-03 23:35:19.728022,2025-12-03 23:37:08.350872,0 days 00:01:48.622850,0.8119908008235421,0.25848968399098726,0.12630942627350777,10,1,716,1.6311762626033035,6.911112223118097,0.8444467263140282,2.7282882935570774,0.5857050223170152,1.4953747673923488,COMPLETE
273,-0.5265163579767828,2025-12-03 23:35:32.016861,2025-12-03 23:37:24.695132,0 days 00:01:52.678271,0.8116408101027025,0.2697438675734227,0.12498924070463362,10,1,716,1.5958258105979752,8.315289503395634,0.8425667404471455,2.7039802650129823,0.5843191943727758,2.1062289879768943,COMPLETE
274,-0.5269458341063648,2025-12-03 23:35:38.279286,2025-12-03 23:37:29.884033,0 days 00:01:51.604747,0.8116326570848441,0.2667847843834773,0.12625325990332503,10,1,719,1.5848694819807156,6.871622117810717,0.8459895785012482,2.6987959362584064,0.584163640901007,2.1378986931087374,COMPLETE
275,-0.5299930099116995,2025-12-03 23:35:42.165358,2025-12-03 23:37:33.878646,0 days 00:01:51.713288,0.8122364581867966,0.23250519235932704,0.1259202702961278,10,1,717,1.6168958727935239,7.119678890371507,0.8484010497249074,2.7178729253773817,0.5842287218365292,1.8410978697728013,COMPLETE
276,-0.5270977161633333,2025-12-03 23:35:43.389910,2025-12-03 23:37:36.824143,0 days 00:01:53.434233,0.8129670338151137,0.2426947768058244,0.12496224545500605,10,1,715,1.655705662075238,6.870829730932715,0.8449405204520988,2.7079834682466903,0.584261037360989,2.120585956535868,COMPLETE
277,-0.5297913664061783,2025-12-03 23:35:46.745397,2025-12-03 23:37:36.808554,0 days 00:01:50.063157,0.8210367114573052,0.2354231205305055,0.12296868070976617,10,1,715,2.4292452719025404,6.877864325048846,0.8469656761890382,2.708352462940315,0.5846412651727894,1.5235582916712156,COMPLETE
278,-0.5305948184795607,2025-12-03 23:35:52.287747,2025-12-03 23:37:44.532491,0 days 00:01:52.244744,0.8145270755293269,0.23286697304495835,0.11270953603635243,10,1,710,2.4286405945987055,7.23668681561074,0.8445308841176176,2.730058285857625,0.5714044299306045,1.4023408839724028,COMPLETE
279,-0.5289356642084057,2025-12-03 23:35:53.528961,2025-12-03 23:37:45.243967,0 days 00:01:51.715006,0.8137633422118216,0.2482082115420394,0.12527070515327374,10,1,711,1.6541907350155372,7.050415255165229,0.8458483762854351,2.7063794947588558,0.5945027287927562,1.4917912907553021,COMPLETE
280,-0.5307140950877342,2025-12-03 23:35:55.191618,2025-12-03 23:37:36.083798,0 days 00:01:40.892180,0.8164879248592553,0.25907254645101196,0.12012661566580554,10,1,711,1.6337620405403035,7.03140025555517,0.8908728333700195,2.692638652923363,0.5726810870392004,1.5004704936044329,COMPLETE
281,-0.5317670886566408,2025-12-03 23:35:57.899936,2025-12-03 23:37:48.858593,0 days 00:01:50.958657,0.8113835553271094,0.20327940965604685,0.1251853296306766,10,1,709,1.6550457546887754,7.97746446578368,0.8897162686052098,2.7333517357260697,0.5834104528365435,1.5122509584710826,COMPLETE
282,-0.5311777594107184,2025-12-03 23:36:00.614907,2025-12-03 23:38:04.456018,0 days 00:02:03.841111,0.9910859578644303,0.13451370634589405,0.12421989587678978,10,1,712,1.567160235469594,8.047097509697016,0.8805240864264826,2.702308367752404,0.5730236906638873,1.4858289907702111,COMPLETE
283,-0.531742123485679,2025-12-03 23:36:00.754770,2025-12-03 23:38:07.161412,0 days 00:02:06.406642,0.9896435117975335,0.12627204239200465,0.126219712508469,10,1,711,1.5918826838842206,7.9894757177352576,0.8937840130063062,2.721136464578152,0.5713115710624315,1.505779969415496,COMPLETE
284,-0.5277084824413656,2025-12-03 23:36:14.739477,2025-12-03 23:38:10.500952,0 days 00:01:55.761475,0.8178609766576318,0.12964579209112442,0.12942746709749703,10,1,706,0.02325037789323135,6.8123168300763375,0.8869786060662507,3.5300026993141866,0.5754357060584766,1.5042772591822435,COMPLETE
285,-0.5286302590331978,2025-12-03 23:36:18.040299,2025-12-03 23:38:16.511487,0 days 00:01:58.471188,0.8333057638705537,0.13644914109392914,0.1310166332667271,10,1,709,0.050190717129357396,7.948887810234429,0.8541618261431572,2.719194741904888,0.5738207483854495,1.5077988018355348,COMPLETE
286,-0.5304866750737923,2025-12-03 23:36:19.518310,2025-12-03 23:38:15.999028,0 days 00:01:56.480718,0.8343517193343436,0.14242535102378262,0.1300034028516434,10,1,708,0.04024865577876682,6.898319826196834,0.8477093859129795,2.714825587114926,0.5711783580078181,1.5019857930789202,COMPLETE
287,-0.5289766705893109,2025-12-03 23:36:21.534687,2025-12-03 23:38:27.020031,0 days 00:02:05.485344,0.843588910563788,0.16026945879116405,0.12645533262642694,10,1,708,1.5731091332815925,8.06954497344174,0.8532415152163318,2.7200024488638697,0.5729906456858588,2.077503547008836,COMPLETE
288,-0.5285153916335447,2025-12-03 23:36:23.064589,2025-12-03 23:38:23.210944,0 days 00:02:00.146355,0.8189232354115501,0.13200129731958882,0.1293013021210911,10,1,705,0.49211643911792635,7.939309005243558,0.8525735135394882,2.7119904804634163,0.5720104867888981,2.0806215358317943,COMPLETE
289,-0.5299780972216,2025-12-03 23:36:23.784853,2025-12-03 23:38:21.303530,0 days 00:01:57.518677,0.8316767287651737,0.12052338200264852,0.12869031709959142,10,1,712,0.08040767061705331,7.894658265090205,0.8551361367445922,2.715320119407478,0.5716982447482024,1.508938490114582,COMPLETE
290,-0.5285962265053614,2025-12-03 23:36:45.186510,2025-12-03 23:38:46.284472,0 days 00:02:01.097962,0.8323217457869463,0.12265358177533282,0.1286733055477178,10,1,706,0.020319686178875085,7.963324249168185,0.8549501737701404,2.7231066692301367,0.5715041426507163,2.1149271776970346,COMPLETE
291,-0.4047738238559963,2025-12-03 23:36:52.246311,2025-12-03 23:37:22.752029,0 days 00:00:30.505718,0.824970324499488,3.5439724796964076,0.12149125199832414,10,1,704,0.33543732547462773,7.74036516354111,0.8531778250974033,3.9309683142265577,0.5752966075347227,2.1708524864329886,COMPLETE
292,-0.5313295102812065,2025-12-03 23:36:54.301323,2025-12-03 23:38:54.864504,0 days 00:02:00.563181,0.8608624661233041,0.11021252216273436,0.13051808597610687,10,1,706,0.10077174721196841,6.99656809596085,0.8557356500814539,2.7145328147552443,0.5709926705729832,1.5147862812275488,COMPLETE
293,-0.5314779487728843,2025-12-03 23:37:05.817776,2025-12-03 23:39:01.875474,0 days 00:01:56.057698,0.8212124283824587,0.1399501121893168,0.13294939848601908,10,1,706,0.4603202499841452,7.9829076013761195,0.8770009930378546,2.7151606408699465,0.5733796617537806,1.4962950884114492,COMPLETE
294,-0.5302620147949425,2025-12-03 23:37:08.352215,2025-12-03 23:39:02.903904,0 days 00:01:54.551689,0.8343603421793544,0.11326130239763514,0.1319685252151187,10,1,703,0.40592921193131526,6.594403636901261,0.8898665544922065,2.7237814533990483,0.5708382541907786,1.5172472582984924,COMPLETE
295,-0.5314008034888242,2025-12-03 23:37:09.302626,2025-12-03 23:39:04.523427,0 days 00:01:55.220801,0.8276838617002834,0.1191352858088317,0.1400654504781726,10,1,707,0.563634794534099,7.041399060699786,0.8767115487869108,2.722632424134375,0.5741881549890486,1.4983077112208643,COMPLETE
296,-0.5304637960889367,2025-12-03 23:37:15.030486,2025-12-03 23:39:11.139027,0 days 00:01:56.108541,0.8342359768105313,0.10430382041164118,0.1328190389209648,10,1,698,1.517083678136821,7.009785339631524,0.8851876645040719,2.615208533739394,0.5720793621974087,1.5237859441613493,COMPLETE
297,-0.5316317431022785,2025-12-03 23:37:22.753501,2025-12-03 23:39:18.402002,0 days 00:01:55.648501,0.9997807942151775,0.1208645823560105,0.13340324636644668,10,1,703,1.5275320929592968,6.598469592847285,0.8842119834843222,2.6244311383343515,0.5940987479756178,1.5077698242290587,COMPLETE
298,-0.5296798205402995,2025-12-03 23:37:24.696142,2025-12-03 23:39:23.864889,0 days 00:01:59.168747,0.9988463606873266,0.10540141751536315,0.13573107793098427,10,1,701,0.6377910504180077,6.955171845978957,0.8870973017546859,2.612094320167713,0.5695547513534199,1.5157654158530527,COMPLETE
299,-0.5270613680828911,2025-12-03 23:37:29.885219,2025-12-03 23:39:29.193872,0 days 00:01:59.308653,0.8446558902114822,0.11039625247735897,0.1307233679671331,10,1,702,0.6428035922851496,6.917911529912798,0.8745178106757703,2.8355205288298904,0.5722658958489584,1.4982422448765356,COMPLETE
300,-0.5292869600003806,2025-12-03 23:37:33.879868,2025-12-03 23:39:25.390633,0 days 00:01:51.510765,0.8368955384554635,0.11953874936243378,0.13451432104730687,10,1,700,0.03258237253634353,7.876512266021301,0.8866009049318542,2.6176300055163777,0.572944175514424,1.8448900609399816,COMPLETE
301,-0.5332989969080916,2025-12-03 23:37:36.084876,2025-12-03 23:39:23.740105,0 days 00:01:47.655229,0.8296406454967832,0.11944295381043023,0.13703387115983842,10,1,702,0.006364107540733162,6.85500700458181,0.8886976090419056,2.611890466607215,0.5723588409198581,1.5130631458470458,COMPLETE
302,-0.5252614430659921,2025-12-03 23:37:36.809809,2025-12-03 23:39:15.592523,0 days 00:01:38.782714,0.8388343881258961,0.12440012905634067,0.13291801487472635,10,7,698,0.01902243186107778,6.807183998966955,0.8870539389438311,2.8298091886796506,0.5712247228364465,1.5124455771924659,COMPLETE
303,-0.4216481829134911,2025-12-03 23:37:36.834248,2025-12-03 23:38:04.594830,0 days 00:00:27.760582,0.8279522716286635,0.1214519132717751,0.13533456526153045,3,1,692,0.010680727923743822,6.835320720896575,0.8887037677556395,2.828964238398472,0.571877948323481,1.8540982343516685,COMPLETE
304,-0.5311644183590642,2025-12-03 23:37:44.534101,2025-12-03 23:39:35.547873,0 days 00:01:51.013772,0.8357666264085938,0.11877425680313874,0.13260775543002373,10,1,699,0.015539210627472475,6.966262656134551,0.891619167337546,2.809432039919871,0.5702810326517838,1.8527846046535892,COMPLETE
305,-0.5301000920272432,2025-12-03 23:37:45.245555,2025-12-03 23:39:40.380262,0 days 00:01:55.134707,0.8381568720316404,0.12962658844298403,0.13613486113986095,10,1,693,0.5579929847707767,6.770387913053414,0.8782723793323265,2.8312649450881384,0.5771522926562511,1.5103257612893317,COMPLETE
306,-0.530057227739172,2025-12-03 23:37:48.859623,2025-12-03 23:39:45.931839,0 days 00:01:57.072216,0.8455835764373048,0.11892342431495792,0.13946476968686275,10,1,694,1.4379011330540066,6.7661984977631375,0.8882991660068386,2.842756750374614,0.5715019562252086,1.5063483722397806,COMPLETE
307,-0.5324464265415303,2025-12-03 23:38:04.457279,2025-12-03 23:40:00.691487,0 days 00:01:56.234208,0.83401210300656,0.11376951951615745,0.1280645016848891,10,1,697,1.4815497401299285,6.939857023247777,0.890747025147649,2.8240474029445566,0.5725568048688314,1.5138856124944227,COMPLETE
308,-0.5291249268020698,2025-12-03 23:38:04.595981,2025-12-03 23:40:00.226045,0 days 00:01:55.630064,0.8426162119222583,0.11403551832924733,0.14528132895640325,10,1,700,1.3767956307696105,6.646293966652702,0.897724603789225,2.839911787895215,0.5724557658389773,1.5199381582373264,COMPLETE
309,-0.48485589166490667,2025-12-03 23:38:07.162760,2025-12-03 23:38:54.769813,0 days 00:00:47.607053,0.8393249690506309,0.11005157912912512,0.14463189644695812,6,1,700,1.3416876445086419,6.996330428597889,0.9009723746539556,2.7586776895827536,0.5697345532591687,1.5188077865208989,COMPLETE
310,-0.4860446888442734,2025-12-03 23:38:10.502377,2025-12-03 23:38:56.634955,0 days 00:00:46.132578,0.8414829860955302,0.11769841987781393,0.14529861737570196,6,1,686,1.4384074572870054,7.929143910451922,0.9204242252707933,2.8222207130776633,0.5723486798386306,1.5144182843763894,COMPLETE
311,-0.5290360560100186,2025-12-03 23:38:16.000153,2025-12-03 23:40:11.986536,0 days 00:01:55.986383,0.985095279438985,0.12013505462414592,0.14387483092464676,10,1,694,1.4345275059006846,6.650213865215589,0.8989890068243244,2.748215699263619,0.5725154061638706,1.5919753230286409,COMPLETE
312,-0.4792732843612429,2025-12-03 23:38:16.512582,2025-12-03 23:39:08.063792,0 days 00:00:51.551210,0.8374313944854207,0.11466659296192248,0.1353497112161782,6,1,683,1.4502611945569952,7.00475857625348,0.505129311922899,2.8264786104676767,0.5701383145478603,1.594496373866993,COMPLETE
313,-0.5291152310902877,2025-12-03 23:38:21.305021,2025-12-03 23:40:16.946740,0 days 00:01:55.641719,0.997473348241954,0.10783681499423617,0.14557279858802022,10,1,686,1.4254046201446244,5.869182575881748,0.9231196977928303,2.8412816868436823,0.5727028329772371,1.5614586816536697,COMPLETE
314,-0.4835481428837496,2025-12-03 23:38:23.212141,2025-12-03 23:39:10.464337,0 days 00:00:47.252196,0.9990732455370647,0.10847307586695308,0.14380468097670543,6,1,687,1.3922525263464052,7.712632703883411,0.9254817641009006,2.8361900081934706,0.5711823842241228,1.5885388714666786,COMPLETE
315,-0.5304360104432219,2025-12-03 23:38:27.021649,2025-12-03 23:40:23.138092,0 days 00:01:56.116443,0.9962128934988974,0.10546067581656604,0.14724907922835354,10,1,679,1.3547541466497843,6.62659303667574,0.9204754736255766,2.76364150402372,0.5583703440167084,1.580891733325007,COMPLETE
316,-0.5304769741719382,2025-12-03 23:38:46.285642,2025-12-03 23:40:38.759902,0 days 00:01:52.474260,0.9950987808637732,0.112144342363215,0.14585012466314287,10,1,686,1.4477933472771913,6.39595278663378,0.9049331973483208,2.62090235455018,0.5528588210998758,1.5719341893669783,COMPLETE
317,-0.5206948859576165,2025-12-03 23:38:54.771114,2025-12-03 23:40:02.252770,0 days 00:01:07.481656,0.9955021613303615,0.3612419444513051,0.14512969661717945,10,10,691,1.4154980418831913,7.721741158949842,0.9255491170270674,2.833480970558295,0.5576106860880977,1.5878716200719358,COMPLETE
318,-0.530387701915498,2025-12-03 23:38:54.865699,2025-12-03 23:40:15.985548,0 days 00:01:21.119849,0.9949564396513082,0.3682230834968623,0.1483083231231508,10,1,684,0.6664908823728939,6.560067929895336,0.8759870623328828,2.8315514771201236,0.5771460443489084,1.5788379566369588,COMPLETE
319,-0.5058303753384502,2025-12-03 23:38:56.636139,2025-12-03 23:39:47.528190,0 days 00:00:50.892051,0.990083831577557,0.8789208732901042,0.13800614664859528,10,1,750,0.5931242538158713,5.904625069788796,0.8758337740386486,2.617712689266325,0.5558559345843288,1.577323065961612,COMPLETE
320,-0.528286675730145,2025-12-03 23:39:01.876921,2025-12-03 23:40:58.476660,0 days 00:01:56.599739,0.9827225162484059,0.10932824376318745,0.13923122867740775,10,1,692,0.5423305213342557,6.578024096742742,0.878258637986428,2.8166121927911614,0.5580693854885393,1.5725189380392874,COMPLETE
321,-0.530440347990524,2025-12-03 23:39:02.905203,2025-12-03 23:40:55.866268,0 days 00:01:52.961065,0.9984604638641684,0.09735269738779748,0.14370755368889723,10,1,750,0.5804662152189322,7.813100482717474,0.8795027995536787,2.806691806533879,0.5752559566144095,1.5595749358206863,COMPLETE
322,-0.5293111023359393,2025-12-03 23:39:04.524646,2025-12-03 23:41:03.196299,0 days 00:01:58.671653,0.99562414835463,0.10729838751460408,0.1436547786027095,10,1,747,0.418835254373071,6.539028846111134,0.896382781946567,2.8317278728293167,0.5539940754121133,1.5845091279001793,COMPLETE
323,-0.5286412702562738,2025-12-03 23:39:08.065042,2025-12-03 23:40:31.670717,0 days 00:01:23.605675,0.9958898939981518,0.3564259981436395,0.14607294253014352,10,1,691,0.5787925084562136,6.547562603855594,0.8785206939716667,2.833983953496437,0.576418437035034,1.5831145360367704,COMPLETE
324,-0.5095183849071774,2025-12-03 23:39:10.465828,2025-12-03 23:40:28.780441,0 days 00:01:18.314613,0.9911786798203879,0.36262636981240864,0.1422519044026841,10,1,747,0.384356778615647,6.682679644854787,0.8805458091404057,2.784917455420072,0.4028719072850497,1.5706362448674385,COMPLETE
325,-0.5299259591533342,2025-12-03 23:39:11.140207,2025-12-03 23:40:36.320571,0 days 00:01:25.180364,0.8603619865443317,0.35309815091423435,0.1358074559518753,10,1,745,0.6596781196194113,6.643678034273002,0.8784617008043857,2.627844761214585,0.5592586244289467,1.5829509942855176,COMPLETE
326,-0.5248999103360702,2025-12-03 23:39:15.593873,2025-12-03 23:40:35.495950,0 days 00:01:19.902077,0.8633942693210886,0.37688209567242437,0.14962493381998693,10,1,746,0.560485273301303,7.612457129197476,0.8758264419260077,2.7736186101775813,0.5557711861375089,1.5761591786555809,COMPLETE
327,-0.5258952505387304,2025-12-03 23:39:18.403160,2025-12-03 23:40:34.620040,0 days 00:01:16.216880,0.9859325512425756,0.3572547394424372,0.14883212239577756,10,1,749,0.6463988216356849,6.5798859543886286,0.901179929458223,2.623536702568829,0.554339758009685,1.5782168335939757,COMPLETE
328,-0.5268198233732453,2025-12-03 23:39:23.741549,2025-12-03 23:40:39.147875,0 days 00:01:15.406326,0.983313240000779,0.3605021368453387,0.14854991968399725,10,1,750,0.6405920720402777,6.464840555439438,0.9020363814424842,2.6157789199611337,0.5552220262262466,1.5568893253470306,COMPLETE
329,-0.5280215754919307,2025-12-03 23:39:23.866239,2025-12-03 23:40:44.102424,0 days 00:01:20.236185,0.9870841522425939,0.3470888748318238,0.14747890209227113,10,1,741,0.6393384078273265,6.703397261402305,0.9009451318191483,2.7752187987868795,0.5604656063325268,1.594957294334442,COMPLETE
330,-0.5259864536746625,2025-12-03 23:39:25.391777,2025-12-03 23:40:42.244322,0 days 00:01:16.852545,0.9846376501546926,0.35437666648094157,0.1517744240068574,10,1,743,0.5591056583597802,6.652302127160779,0.900231140872546,2.772452698818584,0.5565680039633631,1.5751816369710938,COMPLETE
331,-0.5284960734782463,2025-12-03 23:39:29.195160,2025-12-03 23:40:46.822691,0 days 00:01:17.627531,0.9879225828440693,0.35810204043315325,0.1502801684007585,10,1,747,0.7827757413306665,7.6249192982938085,0.9025843287962875,2.6303441167493617,0.5556842135013116,1.5756734636712642,COMPLETE
332,-0.5281285909021688,2025-12-03 23:39:35.549830,2025-12-03 23:40:53.348726,0 days 00:01:17.798896,0.9852411292620147,0.3515579180514986,0.13805500901459325,10,1,680,0.3854970495538206,5.946806777174783,0.9034405742664435,2.7807408979472243,0.5605208058571286,1.5802852194903276,COMPLETE
333,-0.5278769811983293,2025-12-03 23:39:40.381936,2025-12-03 23:40:55.422337,0 days 00:01:15.040401,0.9890736986782623,0.35953815738253947,0.15581205132130735,10,1,747,0.3924613964734981,6.5237112623463585,0.9032559452591945,2.7810080236326886,0.5928063441517843,1.5728834288387432,COMPLETE
334,-0.5244153191151143,2025-12-03 23:39:45.933620,2025-12-03 23:40:57.362968,0 days 00:01:11.429348,0.9854234925522382,0.3750583335977775,0.16307614937209605,10,1,750,0.33842697115853404,6.574689288003986,0.9011032746027685,2.7816714538807976,0.5561670318391843,1.5707206829082185,COMPLETE
335,-0.5266525645138082,2025-12-03 23:39:47.529880,2025-12-03 23:40:58.276055,0 days 00:01:10.746175,0.8644362179029003,0.37370167226072154,0.15806302427305635,10,1,746,0.3478234103667265,6.60982810412709,0.8992891869803273,2.9690030858983394,0.5531458388891412,1.5546536744662223,COMPLETE
336,-0.5243285645624903,2025-12-03 23:40:00.227195,2025-12-03 23:41:12.028125,0 days 00:01:11.800930,0.9830951159181432,0.36919345368049394,0.15446113757779156,10,1,750,0.29963995715722536,7.659623144635829,0.9108659915329872,2.755037666374256,0.5615383020343974,1.5836266111874187,COMPLETE
337,-0.5225405013411172,2025-12-03 23:40:00.692575,2025-12-03 23:41:07.752497,0 days 00:01:07.059922,0.9862089942346186,0.3619917510555569,0.15202823600031118,10,10,679,0.3227503790726105,6.511815718077647,0.9071802926933182,2.7892683110283145,0.5573134842440158,1.5701666529402172,COMPLETE
338,-0.526366938507215,2025-12-03 23:40:02.254108,2025-12-03 23:41:16.130636,0 days 00:01:13.876528,0.9842330979855307,0.3394163958484915,0.1599726982727394,10,1,679,0.8865079531714851,6.4154381661375,0.9030910831979153,2.9399825732219793,0.556718114135663,1.5700378047502117,COMPLETE
339,-0.5272067280349071,2025-12-03 23:40:11.987771,2025-12-03 23:41:30.999659,0 days 00:01:19.011888,0.9838296129814679,0.3447123974303965,0.15577719045444716,10,1,671,0.2571784216919291,6.2851930566565795,0.8724067240669541,2.937629966784554,0.5483356801727268,1.5683714897432524,COMPLETE
340,-0.5248346436297648,2025-12-03 23:40:15.986704,2025-12-03 23:41:28.763367,0 days 00:01:12.776663,0.9768043688712035,0.35416709660184975,0.15453762250581232,10,1,679,0.28531977421281596,6.53720596915965,0.9098881656221545,2.951312726483276,0.5529753411823081,1.5607366305593926,COMPLETE
341,-0.5220321047779461,2025-12-03 23:40:16.947826,2025-12-03 23:41:24.039785,0 days 00:01:07.091959,0.9830508986055031,0.4224983616931813,0.1555019257706318,10,1,677,0.8216842846465605,7.420358838370655,0.8969770543273321,2.7762196464224465,0.5533568449018652,1.5530486207852652,COMPLETE
342,-0.5147404269598518,2025-12-03 23:40:23.139315,2025-12-03 23:41:51.648200,0 days 00:01:28.508885,0.8250802282946971,0.37902512003490263,0.11694377710201845,10,1,748,0.31065192940262387,6.380528322508867,0.9032270150511643,2.7784066934280935,0.5496098512737857,2.3164201887657683,COMPLETE
343,-0.5280188259637234,2025-12-03 23:40:28.781504,2025-12-03 23:41:37.981494,0 days 00:01:09.199990,0.982042128581552,0.34990095488588624,0.16639767084683582,10,1,749,0.30633443197430704,6.135481259769104,0.9097525111735166,2.6265732497609564,0.5466884382421777,1.4723270534623614,COMPLETE
344,-0.5309434981175618,2025-12-03 23:40:31.671794,2025-12-03 23:41:44.888969,0 days 00:01:13.217175,0.9830185601620971,0.34976936268008685,0.16958684072097943,10,1,743,0.2702169355575835,7.343793277224173,0.9027793843560022,2.6360923353420884,0.5928519833415704,1.4783771916044712,COMPLETE
345,-0.5252099600577201,2025-12-03 23:40:34.621214,2025-12-03 23:41:43.791656,0 days 00:01:09.170442,0.985068595483302,0.35231122724177233,0.16340203966562003,10,1,676,0.32676151333419845,7.387749552100523,0.9107529396631776,2.639438260901363,0.5597980883686376,1.4720199015932103,COMPLETE
346,-0.48906350095584644,2025-12-03 23:40:35.497312,2025-12-03 23:41:43.083280,0 days 00:01:07.585968,0.9837414558065893,0.36377458199704277,0.16341006314830028,10,1,738,0.809889099879596,7.369978612669974,0.9087592401042636,2.9913197788681445,0.3619456775061845,1.5518544005322308,COMPLETE
347,-0.532787781392367,2025-12-03 23:40:36.321736,2025-12-03 23:42:34.900567,0 days 00:01:58.578831,0.9815145605003432,0.042663752178137594,0.11669855944011945,10,1,674,0.2991772165590788,7.2703191038782435,0.8967885780217872,2.973439925759468,0.5944323387112042,1.4690352541947977,COMPLETE
348,-0.5261971008371498,2025-12-03 23:40:38.761499,2025-12-03 23:42:25.619902,0 days 00:01:46.858403,0.9782232650061075,0.010711678895061277,0.1671321761545734,10,1,676,0.2817672777524294,7.472563561968501,0.8666500982132914,3.043855005657902,0.5952421509949524,1.4788519493121053,COMPLETE
349,-0.528327589463398,2025-12-03 23:40:39.149177,2025-12-03 23:42:29.258471,0 days 00:01:50.109294,0.9785663200829301,0.008520765031783478,0.16412242959600384,10,1,678,0.29609709194989364,7.317920451960552,0.8698621377722092,2.992550449806855,0.5949148013395938,1.4722818006966687,COMPLETE
350,-0.5113408572697696,2025-12-03 23:40:42.245827,2025-12-03 23:42:18.070683,0 days 00:01:35.824856,0.9553808831421761,0.03612550066264977,0.16466535240185068,9,1,676,0.3488603685214127,7.381082748252413,0.910969890467068,2.6523118089239484,0.35284688060790964,1.4695215456634914,COMPLETE
351,-0.5257577491342744,2025-12-03 23:40:44.103556,2025-12-03 23:42:15.886719,0 days 00:01:31.783163,0.8256933901842878,0.021338609836765582,0.11619776001123118,9,1,671,0.3175215186197847,6.186550541216688,0.871984581251706,2.5810590181230513,0.5929895837010447,1.4654034566047778,COMPLETE
352,-0.5221431349505571,2025-12-03 23:40:46.823977,2025-12-03 23:42:42.439521,0 days 00:01:55.615544,0.8250609872491007,0.031183754148314202,0.1684130889516359,10,1,674,0.29134733225533715,7.384687768295698,0.8678457299098525,2.975944820874294,0.3583413440210841,1.4702937457699858,COMPLETE
353,-0.5277707069875842,2025-12-03 23:40:53.349972,2025-12-03 23:42:54.517777,0 days 00:02:01.167805,0.970445455404389,0.015234588135115065,0.11425352406051956,10,1,675,0.2965078171296392,7.288101453256878,0.8687523218446981,2.5646008220661543,0.5938756217764611,2.2536295996378133,COMPLETE
354,-0.4985382323815264,2025-12-03 23:40:55.423508,2025-12-03 23:42:29.213085,0 days 00:01:33.789577,0.9557394645968293,0.013178924859005708,0.11304545646542453,9,1,670,0.2920460433694245,7.3469797064705835,0.8681787174510891,2.56488025078234,0.35269212842131603,1.471318076501495,COMPLETE
355,-0.5298060436440779,2025-12-03 23:40:55.867392,2025-12-03 23:42:36.233668,0 days 00:01:40.366276,0.9595441657062234,0.03966399918408212,0.16381513380321,9,1,736,0.20828920914559412,7.3009730723034405,0.8674453448175049,2.579155350837691,0.5800910532061618,1.4746190273444868,COMPLETE
356,-0.5279972204273765,2025-12-03 23:40:57.364054,2025-12-03 23:42:31.080357,0 days 00:01:33.716303,0.8250360569499549,0.016583240205979205,0.1714703467094725,9,1,676,1.0598134622292166,7.382927197437367,0.8681405237978401,2.571157491670403,0.5783593932594269,1.4782042456411362,COMPLETE
357,-0.5278950360940607,2025-12-03 23:40:58.277330,2025-12-03 23:42:28.427788,0 days 00:01:30.150458,0.8238056484255307,0.031688380965764706,0.1159966856388542,9,1,673,0.24192731708398263,7.264907531910267,0.8677315970574874,2.661912911891703,0.5927774247738875,1.4739957351029493,COMPLETE
358,-0.5254200319366374,2025-12-03 23:40:58.477883,2025-12-03 23:42:31.415887,0 days 00:01:32.938004,0.9586014389601383,0.024766097629502576,0.11586545331342858,9,1,676,0.24679664202101081,7.329138698918655,0.86897161284566,2.93924865568315,0.5922119725980658,1.4711206337967189,COMPLETE
359,-0.525051481446984,2025-12-03 23:41:03.197675,2025-12-03 23:42:39.886043,0 days 00:01:36.688368,0.9550378247032358,0.005443603243939658,0.1158143906205157,9,1,675,1.0384384282006478,7.379637793773806,0.8708933212212032,2.5683494521369887,0.5775767777316553,1.4706606664055015,COMPLETE
360,-0.5238517365919632,2025-12-03 23:41:07.753611,2025-12-03 23:42:46.394040,0 days 00:01:38.640429,0.825764256975909,0.011473688413655397,0.11279221454812433,9,1,709,1.115926202929826,7.3766620383650965,0.867807806086,2.946121869098671,0.5797222254088896,1.4729108331284488,COMPLETE
361,-0.5086919312712795,2025-12-03 23:41:12.029421,2025-12-03 23:43:12.388707,0 days 00:02:00.359286,0.8252363690005858,0.0012676716207190297,0.11579874551296168,10,1,674,0.9645661184792809,7.168394182457002,0.8658868322085718,3.0709367753905954,0.34556116614803517,1.4712126593144272,COMPLETE
362,-0.5255351450078397,2025-12-03 23:41:16.131813,2025-12-03 23:42:58.742739,0 days 00:01:42.610926,0.825297182726985,0.005086193060517469,0.11181050276148205,9,1,733,0.9923188369567804,7.364413165407976,0.8691941424374785,2.5688019643641407,0.5789165286821909,1.464817028963698,COMPLETE
363,-0.529724872783245,2025-12-03 23:41:24.041065,2025-12-03 23:43:06.102872,0 days 00:01:42.061807,0.9611444203553877,0.02042183952969316,0.11510223197222079,9,1,709,1.0065411774232536,7.265362162080342,0.8607812228583054,2.57535163231341,0.5792595934808146,1.4891347207315346,COMPLETE
364,-0.5247119338517868,2025-12-03 23:41:28.764858,2025-12-03 23:43:09.453099,0 days 00:01:40.688241,0.8225550893969921,0.0005479540326471244,0.117043755910254,9,1,733,1.183999633744951,8.533795193511889,0.868925911851769,2.5699148406493015,0.5791577279211981,1.4712802611109896,COMPLETE
365,-0.5095606425786174,2025-12-03 23:41:31.001076,2025-12-03 23:43:39.861776,0 days 00:02:08.860700,0.7637946381507131,0.00945029096555522,0.1157246271317388,10,1,710,1.0134627502049485,8.535825345414949,0.8641418494177399,3.0973478009823117,0.36164456239415294,1.4857057851901447,COMPLETE
366,-0.5272552726905024,2025-12-03 23:41:37.983262,2025-12-03 23:43:18.346192,0 days 00:01:40.362930,0.9579751670121516,0.011228320540882741,0.1140137990973321,9,1,709,1.071298663556711,7.233800253434214,0.8714816183304437,2.6569007365580726,0.5792543988945731,1.479629703946562,COMPLETE
367,-0.5272037695324842,2025-12-03 23:41:43.084677,2025-12-03 23:43:28.016561,0 days 00:01:44.931884,0.9569314278425958,0.01199767384335984,0.11571564942384958,9,1,709,1.770712263897392,8.501591376169285,0.8659258627456039,2.569944704768871,0.5938898840392961,1.4684989993103577,COMPLETE
368,-0.4915086323627465,2025-12-03 23:41:43.793198,2025-12-03 23:43:16.456889,0 days 00:01:32.663691,0.8232034124464067,0.011114611221106921,0.11553357501185609,9,1,715,1.0325464997272422,8.5158763567766,0.9686579600871741,2.558369744320573,0.3497466052327326,1.477990116890467,COMPLETE
369,-0.5345688740778396,2025-12-03 23:41:44.890178,2025-12-03 23:44:06.907632,0 days 00:02:22.017454,0.9704824687486308,0.0030033467178098294,0.10488739836458957,10,1,732,0.9714276539890635,8.54676716184516,0.8645886660108331,2.574195938114234,0.5793826688105782,1.4850178279630435,COMPLETE
370,-0.5343813164656002,2025-12-03 23:41:51.650596,2025-12-03 23:44:09.417815,0 days 00:02:17.767219,0.9602093073726228,0.016807442400073244,0.10072771611739051,10,1,713,1.1273839604584488,7.205966271054761,0.8672165058993907,2.5582390580339385,0.5947364516460425,1.477140312750076,COMPLETE
371,-0.5252841700338151,2025-12-03 23:42:15.888212,2025-12-03 23:43:56.286288,0 days 00:01:40.398076,0.8549545119898952,0.007735771163164568,0.10551050255846817,9,1,733,1.1145435360662796,8.577417646470414,0.9559896703982459,2.660482537095019,0.5960267857645057,1.4727641785239634,COMPLETE
372,-0.5345586380643922,2025-12-03 23:42:18.072045,2025-12-03 23:44:27.093356,0 days 00:02:09.021311,0.9699381067006775,0.18579407840363765,0.10114198612889172,10,1,730,1.1397796310399793,7.278269119158402,0.8656718836773548,2.5638726422908493,0.5936602854762077,1.4793095157627683,COMPLETE
373,-0.5345862950380277,2025-12-03 23:42:25.621507,2025-12-03 23:44:44.587933,0 days 00:02:18.966426,0.9696184328917447,0.005239273910076607,0.09964407817963047,10,1,733,1.086876228823,8.52109305517976,0.8659539126995284,2.6712634377230833,0.5804462841221938,1.475680977898571,COMPLETE
374,-0.5164839171640453,2025-12-03 23:42:28.428995,2025-12-03 23:43:21.834902,0 days 00:00:53.405907,0.9577188855529373,0.19164138327613778,0.09973397879185852,10,1,309,1.0537525195222197,7.143024118056465,0.8313247742222217,2.6838036601645983,0.5801120829871291,1.468587832164217,COMPLETE
375,-0.40828144145088285,2025-12-03 23:42:29.214162,2025-12-03 23:42:46.799960,0 days 00:00:17.585798,0.9660885921246252,4.061369616238624,0.10165232423141411,10,1,308,1.1357741032084159,7.1393515257615245,0.8634407731191769,4.0647319022871,0.5791379048726006,1.6787892285969763,COMPLETE
376,-0.48958164409096794,2025-12-03 23:42:29.260021,2025-12-03 23:44:34.793063,0 days 00:02:05.533042,0.9623297469372305,0.6395466771812909,0.021022558456982327,10,1,731,0.9300174384082981,8.595548676311445,0.8317483706671179,2.563381417299089,0.5774719580330202,1.6873940606445623,COMPLETE
377,-0.46403108477588556,2025-12-03 23:42:31.082055,2025-12-03 23:43:03.323785,0 days 00:00:32.241730,0.9682207613349981,2.8375479340319174,0.09787487604864001,10,1,710,1.102523067213405,7.091947102104922,0.8616579705469607,2.676273566304801,0.5782097109420369,1.6822394366006124,COMPLETE
378,-0.5325267974280311,2025-12-03 23:42:31.417448,2025-12-03 23:44:45.539780,0 days 00:02:14.122332,0.9669109633962296,0.18115910573493751,0.10072619730452807,10,1,732,0.9715071657368437,8.48769960013114,0.8342319388791843,2.5695104567425266,0.5792675202453227,1.665185094383195,COMPLETE
379,-0.5299169089319659,2025-12-03 23:42:34.905110,2025-12-03 23:44:22.636493,0 days 00:01:47.731383,0.7748260526700002,0.17178444130720533,0.10104128492676741,10,8,734,1.0862213358999737,8.530609765363584,0.8867230200147472,2.5761312681134574,0.5801233079606216,1.446409234502932,COMPLETE
380,-0.5242365908856425,2025-12-03 23:42:36.234998,2025-12-03 23:44:14.456776,0 days 00:01:38.221778,0.7637435160147897,0.1763877999776876,0.10052263786312969,10,1,706,1.0583758815557425,7.719310471947872,0.9634356897182172,2.672094836706907,0.5802512514896064,1.5316277811688228,COMPLETE
381,-0.4549474692933863,2025-12-03 23:42:39.887307,2025-12-03 23:43:08.411450,0 days 00:00:28.524143,0.9680388468528491,3.8825539218244294,0.10069168634989005,10,8,704,1.1582159198052873,8.567175570638616,0.8309665972144865,2.6693822449637223,0.5800850537576456,1.68158118909093,COMPLETE
382,-0.5193207758746484,2025-12-03 23:42:42.440745,2025-12-03 23:44:33.141903,0 days 00:01:50.701158,0.8055556651077581,0.15518624523025626,0.10222745861623073,10,6,711,1.112175520523097,8.63705489990487,0.8864075319702426,3.18466280311968,0.5800225392241438,1.970379657584087,COMPLETE
383,-0.4676565340439125,2025-12-03 23:42:46.395283,2025-12-03 23:43:04.693654,0 days 00:00:18.298371,0.7678811149902438,2.7813911525471355,0.47118544672180535,10,1,730,1.764832976590616,7.725367214191374,0.9363374228917731,2.6712282121537836,0.5925098967522614,1.5338868338888203,COMPLETE
384,-0.5310755931925724,2025-12-03 23:42:46.801087,2025-12-03 23:44:54.849130,0 days 00:02:08.048043,0.9687524167266308,0.17555306593168235,0.10117624884807982,10,1,731,1.7780285093850228,8.463129713559852,0.8883063008619698,3.1089164323892278,0.5920519612595359,1.5224391473602883,COMPLETE
385,-0.498232017864251,2025-12-03 23:42:54.519417,2025-12-03 23:44:34.948094,0 days 00:01:40.428677,0.9342844750270619,0.19180888549017422,0.09283281702853062,10,1,704,9.986311067798486,8.508854333287527,0.9626344584268449,4.33344123902949,0.589922122919616,1.527101588936061,COMPLETE
386,-0.5210421934402932,2025-12-03 23:42:58.743749,2025-12-03 23:44:43.299921,0 days 00:01:44.556172,0.7743057094201927,0.17125832165656674,0.09319006775624201,10,8,701,1.7412854074702127,7.953706295917553,0.8898808138639648,2.667481918128833,0.5910941653688876,1.983779704099091,COMPLETE
387,-0.525128222693303,2025-12-03 23:43:03.325211,2025-12-03 23:45:02.074886,0 days 00:01:58.749675,0.7625529113482243,0.18003041571018444,0.0922540545028866,10,1,704,1.78713517554672,8.54572925621549,0.8331221334212559,2.6636010048828793,0.5904089779883904,1.533251190924275,COMPLETE
388,-0.5213676791356391,2025-12-03 23:43:04.694987,2025-12-03 23:44:36.353768,0 days 00:01:31.658781,0.7636178776742512,0.18387177236713875,0.10310081836985,10,1,719,0.007899362068269744,8.427913593844801,0.9694939347679579,2.879046062997157,0.5658985727598659,1.5292283047402782,COMPLETE
389,-0.5300271625134158,2025-12-03 23:43:06.104177,2025-12-03 23:45:01.240207,0 days 00:01:55.136030,0.8535146737462943,0.178139720056714,0.08964409509010278,10,1,696,0.014510281103802997,8.531362798021325,0.8879078298487032,2.6602000944308912,0.5655360295395534,1.5302291601132478,COMPLETE
390,-0.5228092949985345,2025-12-03 23:43:08.412632,2025-12-03 23:45:13.226459,0 days 00:02:04.813827,0.8530481343615804,0.16729346377019977,0.08695357251125016,10,1,731,0.056908511453938694,8.452697455748643,0.8881123764340759,2.672083441740504,0.5646262427660038,1.9835234555405536,COMPLETE
391,-0.5231551976268095,2025-12-03 23:43:09.454353,2025-12-03 23:45:03.901301,0 days 00:01:54.446948,0.7609180607452335,0.1728485195139878,0.09197792298652357,10,1,718,0.015474855597782273,7.953789594355807,0.888590729655267,2.6553429566304096,0.5663051893976863,1.9802621717407327,COMPLETE
392,-0.5235206833501416,2025-12-03 23:43:12.390067,2025-12-03 23:45:06.329808,0 days 00:01:53.939741,0.7638078555411799,0.19281808064021305,0.0922131370815571,10,1,718,0.0015949996578856415,7.975204839918825,0.8840861392791891,2.679567270381513,0.5660172444725451,1.9446451195985952,COMPLETE
393,-0.5307577576974234,2025-12-03 23:43:16.458541,2025-12-03 23:45:19.182584,0 days 00:02:02.724043,0.9332270719563737,0.1784099282443572,0.10176310823079791,10,1,700,1.7694841158755559,8.01824714646144,0.8880912665818674,2.8814133647086564,0.5662038690914044,1.5264971868301853,COMPLETE
394,-0.5135622691265095,2025-12-03 23:43:18.347325,2025-12-03 23:45:06.624222,0 days 00:01:48.276897,0.9293178675421192,0.1741619166168791,0.09372198428393318,10,6,732,0.00029188462386440985,8.028101415738627,0.8928782071782027,2.735237096236105,0.5657686564483966,2.497019418139407,COMPLETE
395,-0.5285561789135182,2025-12-03 23:43:21.836271,2025-12-03 23:45:15.502282,0 days 00:01:53.666011,0.8561639008631684,0.20376493734399304,0.0947282991288685,10,1,699,0.01542069160021211,8.043867567203836,0.8853949165752346,2.7333339235325607,0.590214107575933,1.9520275824346163,COMPLETE
396,-0.5281385907465376,2025-12-03 23:43:28.018226,2025-12-03 23:45:13.656731,0 days 00:01:45.638505,0.8503193754491607,0.17760073307703445,0.08987990278589648,10,6,724,0.10525975897993906,8.033656923657633,0.889543127256062,2.747582804071457,0.5896192528186119,1.5374369195587103,COMPLETE
397,-0.4706870983377729,2025-12-03 23:43:39.863324,2025-12-03 23:44:26.623159,0 days 00:00:46.759835,0.9706763190508737,1.659982338829145,0.08510675514662702,10,1,730,1.8107294652897898,8.00806231100222,0.8796153019553302,2.7340004643712885,0.5896923076509923,1.9830305778330675,COMPLETE
398,-0.4863718447174456,2025-12-03 23:43:56.287734,2025-12-03 23:45:54.049880,0 days 00:01:57.762146,0.7582747108065507,0.18114680983238354,0.022178023671165812,10,1,697,0.009703985321388579,8.040843763626635,0.883455418570061,2.7571282255244034,0.5650594083283895,1.5274144081129089,COMPLETE
399,-0.5236791971110327,2025-12-03 23:44:06.909202,2025-12-03 23:46:06.295698,0 days 00:01:59.386496,0.8505036654977901,0.16145137735114162,0.08897718924891655,10,1,699,0.015334406736780206,8.768002201375642,0.8868794108462588,2.900105500756179,0.5655937428608294,1.8808641442929697,COMPLETE
400,-0.5251832360480205,2025-12-03 23:44:09.419103,2025-12-03 23:45:54.527929,0 days 00:01:45.108826,0.8508490349755453,0.19221508613202506,0.09127195391025876,10,6,697,0.7819532692452169,8.01323729921581,0.8860187399691358,2.8824512296470792,0.5685428813144552,1.5304626078891774,COMPLETE
401,-0.5293976212731244,2025-12-03 23:44:14.457989,2025-12-03 23:46:07.581995,0 days 00:01:53.124006,0.8045962219351146,0.17149951282030923,0.08884999606713706,10,1,694,0.8173732786870984,7.959215719335776,0.8854492375635067,2.7323238426031455,0.5669526301804809,1.5348321562639808,COMPLETE
402,-0.5289400286517892,2025-12-03 23:44:22.637647,2025-12-03 23:46:23.089356,0 days 00:02:00.451709,0.9368690683696157,0.17269174057622638,0.09052054516163531,10,1,693,0.8110157231337538,8.852569610652546,0.8862325340661922,2.8891291804785344,0.5653447293119878,1.5250736337240038,COMPLETE
403,-0.5208921974251215,2025-12-03 23:44:26.624440,2025-12-03 23:45:54.236715,0 days 00:01:27.612275,0.9343498718537077,0.1595908937561386,0.09241993113393174,10,1,489,0.8022237114518311,8.767341359091706,0.8862619320470064,2.892745899606661,0.5656161763126042,1.5252604804719017,COMPLETE
404,-0.5298335551958361,2025-12-03 23:44:27.094782,2025-12-03 23:46:27.393009,0 days 00:02:00.298227,0.8083892640675759,0.19652256906675336,0.08801776583524382,10,1,722,0.8026398378050125,8.064542554321276,0.8861307908957824,2.5143364609717263,0.566768445289373,1.3965142943409972,COMPLETE
405,-0.5340799070678699,2025-12-03 23:44:33.143352,2025-12-03 23:46:40.733136,0 days 00:02:07.589784,0.9241711650301385,0.17825977200773974,0.08938742868923426,10,1,723,0.8100777324596938,8.019131370714398,0.8846866856973283,2.49447220017913,0.5970338434942312,1.5313735213587398,COMPLETE
406,-0.533748916899407,2025-12-03 23:44:34.794284,2025-12-03 23:46:37.390541,0 days 00:02:02.596257,0.9373891067343124,0.17805824069454662,0.09319636180168568,10,1,698,0.7845073937194865,0.49158754826644774,0.8850765636200876,2.503090167220251,0.5666192648598114,1.5323454816102453,COMPLETE
407,-0.5269148700341807,2025-12-03 23:44:34.949244,2025-12-03 23:46:01.124069,0 days 00:01:26.174825,0.9315441581716096,0.19444943220148847,0.0917179010236557,10,1,490,1.2797992688674897,7.80825720092515,0.8829210501484545,2.4900557151184395,0.5659773467374414,1.3931322222144005,COMPLETE
408,-0.5356462284133388,2025-12-03 23:44:36.355078,2025-12-03 23:46:42.792207,0 days 00:02:06.437129,0.9770782801097858,0.1661326098049274,0.08670416742722772,10,1,721,0.7080230957081491,0.4537606366679607,0.8836378738277334,2.7401336940938816,0.5952454610280986,1.393942655109038,COMPLETE
409,-0.535440265744726,2025-12-03 23:44:43.301819,2025-12-03 23:46:47.680421,0 days 00:02:04.378602,0.9724594218236974,0.18630803045038313,0.09028728454226574,10,1,724,0.7988791709015172,8.065330258650159,0.882919270335972,2.4876166026960065,0.5971204244146016,1.380649450902829,COMPLETE
410,-0.5370903794570615,2025-12-03 23:44:44.589119,2025-12-03 23:46:50.415905,0 days 00:02:05.826786,0.9711288367232744,0.18008064590482617,0.08664602028410442,10,1,721,0.7700777000872172,0.5146177032189354,0.8837685546302237,2.4912610529290387,0.5973558176782262,1.429651358935901,COMPLETE
411,-0.5360233642789116,2025-12-03 23:44:45.541153,2025-12-03 23:46:51.212332,0 days 00:02:05.671179,0.9736405849667891,0.17501195763932187,0.08993254352655909,10,1,725,0.8099218683118443,0.4249381908667772,0.8825033890943719,2.5021571283317106,0.5980853921298943,1.384010088932675,COMPLETE
412,-0.48165224895213327,2025-12-03 23:44:54.850683,2025-12-03 23:45:25.863371,0 days 00:00:31.012688,0.9251405352910741,3.3009779090976674,0.08962507125020884,10,1,725,0.8762966973429274,8.874412977906204,0.8825453652958835,2.4643429625966204,0.5959820239280189,1.384449262043621,COMPLETE
413,-0.5277382976487098,2025-12-03 23:45:01.241259,2025-12-03 23:46:30.615961,0 days 00:01:29.374702,0.9289459417598983,0.17072350005715625,0.08365526896507874,10,1,489,0.7874511839116528,8.042653411962458,0.821780162011743,2.478675557110749,0.5973491939863882,1.3856964121580577,COMPLETE
414,-0.5336541978982835,2025-12-03 23:45:02.076201,2025-12-03 23:47:15.909705,0 days 00:02:13.833504,0.9292844457388907,0.13699406303462763,0.08344394952913005,10,1,726,1.3126828949672622,8.931441259521714,0.8118153040496411,2.487194112514515,0.5976443434703737,1.393377927919818,COMPLETE
415,-0.5348217125480416,2025-12-03 23:45:03.902590,2025-12-03 23:47:13.078318,0 days 00:02:09.175728,0.971909547070745,0.17711687711215757,0.08635726282833173,10,1,734,0.8108004565316393,9.337169775142923,0.8812035308132724,2.4805729366312113,0.5973934159839867,1.3837863826650905,COMPLETE
416,-0.4852271178004855,2025-12-03 23:45:06.331397,2025-12-03 23:45:41.474190,0 days 00:00:35.142793,0.9251809953565394,3.198299597092266,0.08364011883343768,10,1,732,1.2613611810180938,8.854765125231038,0.8170703775499589,2.485866501779676,0.5978116205982952,1.3831256649692545,COMPLETE
417,-0.5311956068482077,2025-12-03 23:45:06.625549,2025-12-03 23:47:21.161033,0 days 00:02:14.535484,0.9706161670335374,0.11177901046921794,0.10526383188108178,10,1,735,0.8001571081720379,8.896725885664257,0.8156145850784077,2.4853137609981144,0.5968586058513491,1.3850777479341287,COMPLETE
418,-0.5209683658064806,2025-12-03 23:45:13.227678,2025-12-03 23:46:19.690148,0 days 00:01:06.462470,0.9722426124844405,0.11147706430192386,0.08038656746120829,10,1,346,0.7727057225779985,9.617778822012804,0.8184897095604361,2.480029225724985,0.5991330185849844,1.3906557338972678,COMPLETE
419,-0.5321270682997951,2025-12-03 23:45:13.657875,2025-12-03 23:47:28.888706,0 days 00:02:15.230831,0.9466585057036809,0.11035734809469999,0.10545436330822057,10,1,737,0.8627459209196402,9.017841594550628,0.8165274893418673,2.488401698432335,0.5979255095670656,1.3866305548353168,COMPLETE
420,-0.534128072728549,2025-12-03 23:45:15.503554,2025-12-03 23:47:25.352025,0 days 00:02:09.848471,0.9481590447246719,0.12861864486710065,0.08403215530225805,10,1,735,0.8496260617831427,8.924341736947522,0.8572733962838102,2.4983201569713462,0.5985901914082796,1.392141718334782,COMPLETE
421,-0.5259242854663617,2025-12-03 23:45:19.184102,2025-12-03 23:47:33.236565,0 days 00:02:14.052463,0.9748116394177924,0.10813304158207247,0.08455826265042497,10,1,737,0.7991910979743365,5.565399498564511,0.8594232520783536,3.789466279679811,0.599288152587615,1.3881183286438086,COMPLETE
422,-0.5346539535607133,2025-12-03 23:45:25.864872,2025-12-03 23:47:39.941067,0 days 00:02:14.076195,0.9456864607957921,0.12190949172039127,0.08277084055195523,10,1,730,1.2922896824815457,7.708104330044007,0.8229262883541497,2.501632528520281,0.6065356742554854,1.383741848546918,COMPLETE
423,-0.5262372409333966,2025-12-03 23:45:41.475501,2025-12-03 23:46:42.086674,0 days 00:01:00.611173,0.9707611853777561,0.10065409197822231,0.08447763389475836,10,1,342,0.72079067507809,0.4556113872082266,0.8784372076445833,2.5221157828971634,0.6079010197500532,1.4243817609972018,COMPLETE
424,-0.5332688031036366,2025-12-03 23:45:54.051032,2025-12-03 23:48:04.960539,0 days 00:02:10.909507,0.9742340428246911,0.09128295061924564,0.08279033467664193,10,1,738,0.7698344949107189,0.3874749470500303,0.8565065642570965,2.4901924289253126,0.6081758817608335,1.6249404137121544,COMPLETE
425,-0.5328084574373956,2025-12-03 23:45:54.237900,2025-12-03 23:47:57.245176,0 days 00:02:03.007276,0.948416423302448,0.09273179810937694,0.10616917729865814,10,1,735,0.7630188139544499,0.5072313208136213,0.8566302352493241,2.497438540999283,0.6075584552952344,1.4322314139629955,COMPLETE
426,-0.5115142988333969,2025-12-03 23:45:54.529706,2025-12-03 23:47:11.486475,0 days 00:01:16.956769,0.9450266642322585,0.4796607267455558,0.10531060359467109,10,1,737,0.8106864306219372,0.2947896546299998,0.8569318831571018,2.511087307811937,0.4231376387830237,1.4363676827917398,COMPLETE
427,-0.5353977212929143,2025-12-03 23:46:01.125387,2025-12-03 23:48:15.050532,0 days 00:02:13.925145,0.9761469676313457,0.10507396637231509,0.08249541862936786,10,1,737,0.7725926627619892,7.694075876905226,0.8600178364310689,2.501868370964197,0.6040080742386669,1.4329642188380962,COMPLETE
428,-0.5076609823303014,2025-12-03 23:46:06.296932,2025-12-03 23:47:08.025796,0 days 00:01:01.728864,0.9459325564652428,0.12307875238758044,0.10767702487359468,10,1,342,0.7749018914328709,7.74633165934563,0.8571580620123045,3.7891735517150176,0.604848801930561,1.4432210165157668,COMPLETE
429,-0.5331581834542393,2025-12-03 23:46:07.583922,2025-12-03 23:48:20.568414,0 days 00:02:12.984492,0.9705911978522438,0.0891989126905538,0.08181924542302285,10,1,737,1.2963319909781055,1.2911265552284799,0.8568362198889375,2.515670255407162,0.6084922092592943,1.4352539451728297,COMPLETE
430,-0.5239720263719544,2025-12-03 23:46:19.691814,2025-12-03 23:47:46.002677,0 days 00:01:26.310863,0.9703347627843157,0.498555139632367,0.10767894229203316,10,1,723,1.326264331357962,0.5237442277686478,0.8581226903690923,3.831137217618591,0.6049270229981195,1.4364770420632604,COMPLETE
431,-0.5329465219150183,2025-12-03 23:46:23.090770,2025-12-03 23:48:28.420697,0 days 00:02:05.329927,0.9733962597675453,0.11364344747014729,0.10430335714560447,10,1,734,1.2774023473708362,0.4095205754741913,0.8575161146977971,2.6138853064863072,0.6071939368037185,1.4312309084553307,COMPLETE
432,-0.5316375895245321,2025-12-03 23:46:27.394583,2025-12-03 23:47:50.876324,0 days 00:01:23.481741,0.9468861028790552,0.47721549506283045,0.1056365801155686,10,1,734,1.334576354995653,0.4262583953031921,0.8559667346583315,2.6145379298893237,0.6099340282128752,1.4369881954805572,COMPLETE
433,-0.39244636138004524,2025-12-03 23:46:30.617282,2025-12-03 23:47:00.041208,0 days 00:00:29.423926,0.9460497441256409,0.08926963191262229,0.1065288410843379,3,2,737,1.3452445492590461,0.3443254752993239,0.8574354075467059,2.607635792902482,0.4243711394962661,1.4370705689890508,COMPLETE
434,-0.5279747986735163,2025-12-03 23:46:37.391711,2025-12-03 23:48:07.246952,0 days 00:01:29.855241,0.9464617512174166,0.48701468287110816,0.10291379298314911,10,2,738,1.262888035402562,0.533172725505783,0.8368639451717416,2.598869662452482,0.5977763186060374,1.6050293252365107,COMPLETE
435,-0.45275419222550034,2025-12-03 23:46:40.734458,2025-12-03 23:47:06.791199,0 days 00:00:26.056741,0.9469157744117821,0.10657674065569493,0.10835699923268101,3,1,652,1.2044377139131925,0.4185572085243667,0.8576336994468656,2.6068491268317295,0.6062131356513508,1.6277848211358075,COMPLETE
436,-0.5302556229395402,2025-12-03 23:46:42.087702,2025-12-03 23:48:48.937474,0 days 00:02:06.849772,0.953752530663623,0.09825583300995265,0.10574363931652866,10,2,737,1.379047271200074,0.4368756393692188,0.8538513704304943,2.6144314718433193,0.6055219395080778,1.6374186726375524,COMPLETE
437,-0.5178063215731847,2025-12-03 23:46:42.793310,2025-12-03 23:48:17.909880,0 days 00:01:35.116570,0.9449478715757431,0.5060378358415298,0.07434723469356748,10,2,656,1.3483922863119289,0.4735470037851979,0.8572774803175063,3.819006424732694,0.6098951773485493,1.6491341411337221,COMPLETE
438,-0.5317310562423776,2025-12-03 23:46:47.681691,2025-12-03 23:48:23.638967,0 days 00:01:35.957276,0.9462950938172819,0.48296257647362295,0.08163154940594872,10,1,735,1.32389713976161,0.28887784684334167,0.8570975166023106,2.498169039485777,0.6023930629263958,1.6146258100236508,COMPLETE
439,-0.5334740581086727,2025-12-03 23:46:50.417122,2025-12-03 23:48:56.819993,0 days 00:02:06.402871,0.9486149410910899,0.083144847800851,0.08283815056922451,10,2,736,1.3154422165489086,0.21398732078083085,0.8587391786958475,2.434349456994477,0.6063894133323063,1.617768940247857,COMPLETE
440,-0.5355587579110449,2025-12-03 23:46:51.213531,2025-12-03 23:48:27.354956,0 days 00:01:36.141425,0.946108795247191,0.5034035384112789,0.08203906240659486,10,2,738,1.2869388459009978,0.26841889889223103,0.8319649683208119,2.4318093238101524,0.606945675643014,1.355626643331603,COMPLETE
441,-0.5330151739837502,2025-12-03 23:47:00.042426,2025-12-03 23:49:05.431812,0 days 00:02:05.389386,0.9432276123021314,0.27961565562697044,0.08096184461420979,10,1,736,1.1959403903053805,0.20221196755611692,0.8352640170553862,2.461688012012089,0.6020584058398833,1.624786726968399,COMPLETE
442,-0.5356255224768341,2025-12-03 23:47:06.792338,2025-12-03 23:48:52.121098,0 days 00:01:45.328760,0.9627124474501482,0.2894864446812839,0.07320934113053658,10,2,736,0.8971870708142833,0.3754001977540007,0.917769015003925,2.472622961040583,0.6031590823542671,1.3396775918999224,COMPLETE
443,-0.5346639436580009,2025-12-03 23:47:08.027138,2025-12-03 23:49:10.687032,0 days 00:02:02.659894,0.9486440724318423,0.28492425538597843,0.08161357747808265,10,2,737,1.2505611651668125,0.26058292230350066,0.8392450798403881,2.436258947239864,0.6076942761990266,1.6232229336341775,COMPLETE
444,-0.5355032456737883,2025-12-03 23:47:11.488192,2025-12-03 23:48:56.247595,0 days 00:01:44.759403,0.9649942257955535,0.2655462757409158,0.08088148279505775,10,2,736,1.2535925587120111,0.219334239567006,0.9170370154225201,2.4559971048016296,0.5999787417246724,1.357031417558295,COMPLETE
445,-0.5384826734254761,2025-12-03 23:47:13.079637,2025-12-03 23:49:15.494764,0 days 00:02:02.415127,0.9630970660162059,0.27190910285602227,0.0793401467566603,10,2,738,0.8968800906508109,0.43672394007094306,0.8366925356286524,2.4379028812864387,0.6079185533292346,1.3598969074044884,COMPLETE
446,-0.5356541630015174,2025-12-03 23:47:15.912122,2025-12-03 23:49:23.712906,0 days 00:02:07.800784,0.9123857898338752,0.2694251274472439,0.07156870524054461,10,1,737,0.9789678603542346,0.24631429770642993,0.8377230690559678,2.4315817697554674,0.6098382563255699,1.3773000854586779,COMPLETE
447,-0.5318765477583489,2025-12-03 23:47:21.162410,2025-12-03 23:49:23.108095,0 days 00:02:01.945685,0.9491402880736274,0.2937437841804695,0.07212312531147562,10,2,738,1.24489472876325,9.385156037701556,0.8358127348027936,2.4446271683357415,0.6090058269626131,1.3498030561309284,COMPLETE
448,-0.5329191021528656,2025-12-03 23:47:25.353164,2025-12-03 23:49:26.536344,0 days 00:02:01.183180,0.9542078990940419,0.2688079461187841,0.07672047250981626,10,2,736,0.9008958515538236,9.283698459576264,0.8269020838005541,2.4252262479984545,0.6093107420742575,1.3103016803944785,COMPLETE
449,-0.524775808980999,2025-12-03 23:47:28.889955,2025-12-03 23:49:26.710752,0 days 00:01:57.820797,0.9544778205237314,0.2759158555439465,0.07319229653725641,10,2,738,8.637578272149101,9.201898227626415,0.8346353328081978,2.4127969714578983,0.6058304780725072,1.3311717340453795,COMPLETE
450,-0.5346963966734787,2025-12-03 23:47:33.238957,2025-12-03 23:49:36.415106,0 days 00:02:03.176149,0.9507266973878389,0.2831893323851107,0.07176826372304346,10,2,738,0.8952214900664479,9.484309206017473,0.8262217060130729,2.4369007408179435,0.6099155376360813,1.2935471261824698,COMPLETE
451,-0.5305954450451839,2025-12-03 23:47:39.942851,2025-12-03 23:49:40.402640,0 days 00:02:00.459789,0.9088322646947329,0.2897908068190649,0.07297871501076832,10,2,736,1.2421504262766763,9.19481001272671,0.827205820160259,2.431738316114171,0.6108611634131867,1.3271347704813872,COMPLETE
452,-0.49058587918369484,2025-12-03 23:47:46.004691,2025-12-03 23:48:18.739502,0 days 00:00:32.734811,0.9104819326068907,3.605833473804089,0.07175192359898908,10,2,739,0.947544874530086,9.271098933786748,0.8346830193450325,2.4327438224213167,0.6100091485275907,1.324489436234877,COMPLETE
453,-0.5293554705553509,2025-12-03 23:47:50.877684,2025-12-03 23:49:52.905767,0 days 00:02:02.028083,0.9153337995301792,0.2856375053018484,0.07311909735538145,10,2,738,3.359740974390246,9.732693987029808,0.8351539551842788,2.4185439195180263,0.6108864380917056,1.3523110496081223,COMPLETE
454,-0.5333870674639992,2025-12-03 23:47:57.246884,2025-12-03 23:49:59.177779,0 days 00:02:01.930895,0.9551212087815162,0.2970149841817283,0.07346432258586405,10,2,721,0.9264419805330357,9.350677312538119,0.8346879411725403,2.3948328835840087,0.6077996129990799,1.3212977815649973,COMPLETE
455,-0.53559596100107,2025-12-03 23:48:04.962153,2025-12-03 23:50:09.495687,0 days 00:02:04.533534,0.9516149331920956,0.2922851685638851,0.07458558438729151,10,1,749,0.5716813695886149,9.289973315363165,0.8360759281398558,2.4178018651573283,0.608086966137039,1.3070223702273138,COMPLETE
456,-0.5311150223985133,2025-12-03 23:48:07.248196,2025-12-03 23:50:06.896100,0 days 00:01:59.647904,0.9071598742526538,0.26885200422294814,0.07148420627337158,10,2,722,0.5791662409670162,9.22520216925971,0.8335946904773849,2.426877214810529,0.6101622645969085,1.3031997267917257,COMPLETE
457,-0.5335222811678247,2025-12-03 23:48:15.051789,2025-12-03 23:50:15.881550,0 days 00:02:00.829761,0.9522645265797302,0.2906558911946445,0.07187878579751211,10,2,720,0.6032454088492574,9.809272791979497,0.834709228342789,2.3737256230199306,0.6098185265320724,1.3223742217665952,COMPLETE
458,-0.5348604250607413,2025-12-03 23:48:17.911125,2025-12-03 23:50:22.866602,0 days 00:02:04.955477,0.9081530300477287,0.3043612223515584,0.07026799822010057,10,1,749,0.6426963522667551,9.662535474552918,0.826586648233861,2.4205224748642937,0.6065456517710686,1.3715159429860684,COMPLETE
459,-0.5379981728370772,2025-12-03 23:48:18.740814,2025-12-03 23:50:23.022824,0 days 00:02:04.282010,0.9553142681254675,0.29399469109501797,0.0784233551667672,10,1,750,0.5733721761476556,0.22553562748881234,0.8378958575020926,2.4366906473457832,0.6048893274754996,1.354376038649719,COMPLETE
460,-0.5355969423652759,2025-12-03 23:48:20.570077,2025-12-03 23:50:22.764606,0 days 00:02:02.194529,0.9562534629374032,0.27507102967237296,0.07999167827841679,10,1,723,0.5688320741526413,9.428610333748619,0.8358509651713351,2.424863625039437,0.6067667485613534,1.3526932656345698,COMPLETE
461,-0.5343466590603095,2025-12-03 23:48:23.640318,2025-12-03 23:50:26.922740,0 days 00:02:03.282422,0.9553869742757393,0.3003401403230386,0.07860716800937542,10,1,750,0.5084518582438492,9.323251777395322,0.8381625931444014,2.4314631473373547,0.6093471187902669,1.3416955963668162,COMPLETE
462,-0.5314158766422116,2025-12-03 23:48:27.356278,2025-12-03 23:50:29.737776,0 days 00:02:02.381498,0.9534755247604653,0.293105986583758,0.07076326484114408,10,2,747,0.5917844214441064,9.279472524066458,0.8095061747499555,2.444941313635075,0.608663442615369,1.3084159248907063,COMPLETE
463,-0.5359380584920107,2025-12-03 23:48:28.422373,2025-12-03 23:50:30.710762,0 days 00:02:02.288389,0.9549767604681988,0.2906672617424006,0.07081510906086437,10,2,749,0.6171292143736975,0.2643395835048744,0.8379100092081343,2.4010553233988765,0.6120539202452968,1.3063584405403699,COMPLETE
464,-0.5331906183915063,2025-12-03 23:48:48.938935,2025-12-03 23:50:57.357844,0 days 00:02:08.418909,0.9567972205851247,0.2918335201157237,0.0704899667662705,10,1,747,0.9704021945759057,9.2246139222795,0.8076571287098946,2.425873213971998,0.6127116004807611,1.3071755498673427,COMPLETE
465,-0.5324081632484052,2025-12-03 23:48:52.122164,2025-12-03 23:50:53.886548,0 days 00:02:01.764384,0.9608274118258311,0.3255552515249338,0.06985492996265473,10,2,748,0.9342689002924537,9.482370503556643,0.8363396022648844,2.415637562929073,0.6109680674995107,1.3217021268936453,COMPLETE
466,-0.5353405615938808,2025-12-03 23:48:56.249496,2025-12-03 23:50:56.696027,0 days 00:02:00.446531,0.963158179314567,0.2979016128863764,0.0699810493728214,10,3,750,0.9616739972928454,9.387053970419315,0.8302991370710059,2.4128111194633797,0.614217466230513,1.3059711880470042,COMPLETE
467,-0.5361529983924973,2025-12-03 23:48:56.821367,2025-12-03 23:50:40.892877,0 days 00:01:44.071510,0.9185721070725696,0.22632157989669444,0.07025271758946673,10,3,750,0.9723177396147586,0.13001977784971314,0.9414155728830135,2.4029529696360608,0.6127150809331934,1.3114679965165181,COMPLETE
468,-0.5332095606268994,2025-12-03 23:49:05.433130,2025-12-03 23:50:40.156660,0 days 00:01:34.723530,0.9574762457296568,0.29236043218803337,0.07173340551905895,10,3,750,0.9497834395722534,0.22023585680380087,0.9382374921664433,2.414198712963276,0.6098633559824382,1.3479193559279308,COMPLETE
469,-0.5333909706230626,2025-12-03 23:49:10.688453,2025-12-03 23:50:56.321897,0 days 00:01:45.633444,0.9584447222830631,0.2992895273970128,0.07306364160561322,10,2,749,0.9656024443224567,9.86643211899952,0.9208960752179154,2.410277263183448,0.615622541621471,1.2839619013521815,COMPLETE
470,-0.5337506229380051,2025-12-03 23:49:15.496018,2025-12-03 23:50:52.093966,0 days 00:01:36.597948,0.917086986593329,0.2618979692243167,0.07048995172585927,10,3,749,1.0147066275693548,0.22056369459350075,0.9405259555232177,2.4127690294190955,0.6142162402848945,1.2951874607193454,COMPLETE
471,-0.532141130960993,2025-12-03 23:49:23.109345,2025-12-03 23:51:23.338974,0 days 00:02:00.229629,0.9587924070850123,0.29584609062372635,0.07338711225891281,10,3,750,1.0381836239850961,9.707354167458215,0.8240789164159519,2.4104977479857137,0.6134854698238685,1.2950588133770684,COMPLETE
472,-0.5333645962730568,2025-12-03 23:49:23.714615,2025-12-03 23:51:19.054274,0 days 00:01:55.339659,0.9191394455099648,0.2823836877385445,0.07129135502119228,10,3,721,1.0695813612016818,9.737191692515207,0.8231724902395661,2.4120517805325767,0.6168151015491338,1.2997235910086682,COMPLETE
473,-0.5225842572180085,2025-12-03 23:49:26.537646,2025-12-03 23:50:28.315250,0 days 00:01:01.777604,0.9208310987856569,0.6716324109102246,0.07059854762075701,10,3,750,0.9788595771551099,9.784088774746657,0.9351967307226854,2.3999779075444234,0.6158437609949928,1.3044449665164617,COMPLETE
474,-0.5347194350983452,2025-12-03 23:49:26.711977,2025-12-03 23:50:59.881060,0 days 00:01:33.169083,0.9262803083285658,0.6249950459658525,0.06907647793971324,10,3,750,0.965406036363959,0.18709037667247025,0.8076266854569643,2.3879119187755893,0.6157362656954432,1.2978870797328679,COMPLETE
475,-0.5349193802449038,2025-12-03 23:49:36.416835,2025-12-03 23:51:33.692392,0 days 00:01:57.275557,0.9161060663316943,0.30038975136093804,0.06899717081095352,10,3,750,0.9953804437823743,0.14339765496998189,0.8102826940392559,2.3962035632762233,0.6158993395913207,1.2868434126270603,COMPLETE
476,-0.5231605293504616,2025-12-03 23:49:40.403831,2025-12-03 23:50:45.372640,0 days 00:01:04.968809,0.9354534274358968,0.6358395729786636,0.06686687686997421,10,2,748,0.970302603901871,9.545417004165497,0.945836850586752,2.39354231335229,0.6147966005488761,1.2781111246891528,COMPLETE
477,-0.5362629650319085,2025-12-03 23:49:52.906997,2025-12-03 23:51:36.877985,0 days 00:01:43.970988,0.9365647224256048,0.44931422592027,0.06881926256638808,10,3,720,0.9826267449357893,0.19030762413080637,0.8128324788850767,2.3779605639497747,0.6167469817115574,1.314903931636358,COMPLETE
478,-0.531694689418074,2025-12-03 23:49:59.179162,2025-12-03 23:51:15.389869,0 days 00:01:16.210707,0.932826773782932,0.44728929914336235,0.06812519083705214,10,2,748,1.0343950134681763,0.159150908699525,0.9458445203522174,2.336922664000025,0.6142181086382289,1.3604465202323566,COMPLETE
479,-0.5344230509618794,2025-12-03 23:50:06.897293,2025-12-03 23:51:43.296989,0 days 00:01:36.399696,0.9365312291360911,0.5852637174734908,0.06552887681375213,10,2,750,1.0252025510379936,0.1921219115719524,0.8059650071933336,2.3394957164331096,0.6165179422363524,1.3003688135085543,COMPLETE
480,-0.5333393975629486,2025-12-03 23:50:09.496929,2025-12-03 23:51:50.459660,0 days 00:01:40.962731,0.9373270877402752,0.4663216064288239,0.06828524032928636,10,3,721,1.0004152878710049,9.682366422861687,0.8127538863925992,2.3167820842908133,0.6175143856657586,1.2740053096978687,COMPLETE
481,-0.5327945238594951,2025-12-03 23:50:15.883051,2025-12-03 23:52:00.164551,0 days 00:01:44.281500,0.9343588149239991,0.4732824889671918,0.06605933822092183,10,3,750,0.9852277314520393,9.946042866302019,0.8085124691875467,2.3535108371817364,0.6145732421771378,1.2862351220354136,COMPLETE
482,-0.5320015424595965,2025-12-03 23:50:22.765734,2025-12-03 23:51:52.924437,0 days 00:01:30.158703,0.9360052421288787,0.6138540396386016,0.07908816090555484,10,2,748,1.014972679265283,9.655265353984387,0.8096984453686092,2.3174535931175217,0.6135257083595487,1.27223681584448,COMPLETE
483,-0.5340386926291057,2025-12-03 23:50:22.867717,2025-12-03 23:51:54.957560,0 days 00:01:32.089843,0.9362018493752927,0.6223478375130382,0.06613417555964049,10,2,747,0.5755176031431549,9.97366885769548,0.8211002140541629,2.344578595648451,0.6171753946844155,1.2920698469186542,COMPLETE
484,-0.5295645748192613,2025-12-03 23:50:23.024354,2025-12-03 23:51:42.399415,0 days 00:01:19.375061,0.963300816680531,0.4699826239639796,0.06520619284237326,10,3,746,0.5843921860112735,9.678222294940598,0.9367105042343189,2.346268424606253,0.6168939318208672,1.287594720583508,COMPLETE
485,-0.5320133465635227,2025-12-03 23:50:26.924007,2025-12-03 23:51:54.403538,0 days 00:01:27.479531,0.9615257482605577,0.645122451187678,0.06550313138245936,10,3,748,1.0182408248568406,9.490599136760173,0.8254637117163804,2.3276995152382085,0.617482790503529,1.2679359690732346,COMPLETE
486,-0.5340308016010856,2025-12-03 23:50:28.316885,2025-12-03 23:52:06.362824,0 days 00:01:38.045939,0.9607729001635644,0.46760135769290595,0.06577622463103357,10,3,750,0.558477966489034,9.672247951210975,0.8246921173155695,2.3435464352404574,0.6125041181246487,1.2944478823342407,COMPLETE
487,-0.531014482233875,2025-12-03 23:50:29.739063,2025-12-03 23:52:09.601192,0 days 00:01:39.862129,0.9616799228232217,0.4637406902097454,0.0659845608867675,10,3,749,0.531204116490117,9.564487943532887,0.823782521376975,2.3281054633103926,0.6044039459567615,1.3593102022913022,COMPLETE
488,-0.5320264617385742,2025-12-03 23:50:30.712094,2025-12-03 23:52:02.371077,0 days 00:01:31.658983,0.9616920928758282,0.608811992817637,0.06560753420906515,10,2,749,0.6060649652082452,9.593280410099622,0.8112714106323048,2.343983995472245,0.6194531466285952,1.2898161713928769,COMPLETE
489,-0.5328034033409211,2025-12-03 23:50:40.157975,2025-12-03 23:52:10.496722,0 days 00:01:30.338747,0.9635038422702015,0.522522525075961,0.07768140391897763,10,2,750,0.6432169272733753,9.40226032839046,0.8205044081505528,2.3498711219995387,0.6178371683280793,1.2729009846646386,COMPLETE
490,-0.5324008416997724,2025-12-03 23:50:40.894059,2025-12-03 23:52:19.931404,0 days 00:01:39.037345,0.9629623705999596,0.4716674804116331,0.06436795431109323,10,2,750,0.5726258803288182,9.597476662761716,0.8216257559892614,2.35527608232252,0.6184942317500256,1.2839571473598708,COMPLETE
491,-0.5324105990741366,2025-12-03 23:50:45.373779,2025-12-03 23:52:15.455539,0 days 00:01:30.081760,0.9624925081394781,0.5836516881825875,0.0645252077056862,10,2,749,0.6151921944248964,9.537974289462463,0.8262108456722091,2.319248292349218,0.6182781524128572,1.2789381616958044,COMPLETE
492,-0.5346086652187556,2025-12-03 23:50:52.095186,2025-12-03 23:52:27.018812,0 days 00:01:34.923626,0.963846431016743,0.4461922889421087,0.06429643084941956,10,2,750,0.6703277944749322,9.599410359698263,0.8219773688543736,2.317925000003605,0.6153106995252693,1.2085561165371401,COMPLETE
493,-0.5346982947542734,2025-12-03 23:50:53.887753,2025-12-03 23:52:21.827968,0 days 00:01:27.940215,0.9618595575130605,0.5552080501629945,0.06610550308861406,10,3,750,0.5781415460217506,9.564866022935862,0.8226681072858872,2.316820685375489,0.6171027379977592,1.2038472378767742,COMPLETE
494,-0.5314479660921041,2025-12-03 23:50:56.323318,2025-12-03 23:52:20.350532,0 days 00:01:24.027214,0.9640550469615048,0.5734018062516784,0.06502600366906944,10,3,720,0.5640051481494519,9.511828363456587,0.8232425297250154,2.3374442908324733,0.6178996381132278,1.2161646412612734,COMPLETE
495,-0.5334866088120896,2025-12-03 23:50:56.697322,2025-12-03 23:52:25.233727,0 days 00:01:28.536405,0.9650544392053564,0.5047342757541193,0.06533951261404844,10,3,750,0.6865276860246132,9.455370820643335,0.8236395952753651,2.316922204665747,0.6200180923552577,1.2394559395816465,COMPLETE
496,-0.5348056185297118,2025-12-03 23:50:57.359176,2025-12-03 23:52:18.328818,0 days 00:01:20.969642,0.9653132387390043,0.6546271372563897,0.0642886758796937,10,3,750,0.5761035110725286,9.606039885194232,0.8239813390901891,2.3111467381247404,0.6193529799563938,1.2238270942287872,COMPLETE
497,-0.5340155141222089,2025-12-03 23:50:59.882570,2025-12-03 23:52:24.756342,0 days 00:01:24.873772,0.938636459945505,0.566706332718208,0.06565133884245197,10,3,750,0.6799216971080385,9.987222901759898,0.823791159081883,2.3402343596793402,0.6222051784544678,1.206520075842841,COMPLETE
498,-0.5359972908535605,2025-12-03 23:51:15.391393,2025-12-03 23:52:31.218154,0 days 00:01:15.826761,0.9395868430600275,0.5492655995019554,0.0647054162605322,10,3,748,0.5797129153995919,0.030673754743412857,0.8241412167979852,2.3032067604423334,0.6193637209754923,1.2244259249672924,COMPLETE
499,-0.5163215918120376,2025-12-03 23:51:19.055478,2025-12-03 23:52:11.996786,0 days 00:00:52.941308,0.937277557391886,0.5724320261679713,0.06241206154381616,7,3,750,0.5774135215574174,9.55665843221671,0.8224717057408091,2.34673497957538,0.6223298389645322,1.2240838975551305,COMPLETE
