number,value,datetime_start,datetime_complete,duration,params_colsample_bytree,params_gamma,params_learning_rate,params_max_delta_step,params_max_depth,params_min_child_weight,params_n_estimators,params_reg_alpha,params_reg_lambda,params_scale_pos_weight,params_subsample,params_weight_class_0,params_weight_class_1,params_weight_class_2,state
0,-0.5500260175147468,2025-12-04 13:32:30.690259,2025-12-04 13:32:40.224189,0 days 00:00:09.533930,0.7818333682880101,0.6998968809217696,0.04141763487952216,3,8,8,108,2.754863756816141,1.7945579305460262,1.7689065133634407,0.8726348840496061,2.856401777866896,0.6908189409119733,2.3724973915302767,COMPLETE
1,-0.5167430600748235,2025-12-04 13:32:30.692153,2025-12-04 13:33:12.518083,0 days 00:00:41.825930,0.6212990808352632,1.4018238965714953,0.012009420668586531,2,9,8,466,0.06561305156360997,3.1482427915167555,1.9467411257774334,0.7026067938713099,2.2378462182404637,0.9206891284622167,2.517525853404888,COMPLETE
2,-0.5352820387940044,2025-12-04 13:32:30.703151,2025-12-04 13:32:41.508734,0 days 00:00:10.805583,0.6067105331910947,0.6101755659377319,0.055526536281790655,9,8,7,134,1.219902509480784,3.493037333289779,1.4381597238911716,0.858051462063951,1.6550354858535579,0.5331254772955882,1.6094836723151578,COMPLETE
3,-0.5532503348247655,2025-12-04 13:32:30.705140,2025-12-04 13:32:47.934142,0 days 00:00:17.229002,0.8100083534244418,0.7923632042264843,0.034611492699408844,0,8,4,202,3.7517453240737337,2.3430282223993233,1.7182035611127073,0.7202462457791207,3.0286332855468525,0.8400978714624261,2.7830594679668543,COMPLETE
4,-0.5375030537661113,2025-12-04 13:32:30.706991,2025-12-04 13:32:43.292068,0 days 00:00:12.585077,0.8341374321606982,1.493471805313071,0.010125892043359465,3,8,7,145,4.3035971752780355,2.971813485673934,0.738220440743502,0.8958050801789411,2.7403224833377884,0.8850197202534191,1.7619962669982487,COMPLETE
5,-0.5348665303459373,2025-12-04 13:32:30.739801,2025-12-04 13:32:48.633958,0 days 00:00:17.894157,0.6349854437089026,1.8529789076087804,0.08671387830941148,1,4,10,448,3.608344844485319,4.682449802956256,1.4693736167940665,0.6168253735178827,2.3704345038338968,0.7513154722163509,2.8559324064903446,COMPLETE
6,-0.5840779727217258,2025-12-04 13:32:30.742181,2025-12-04 13:32:53.101989,0 days 00:00:22.359808,0.7692465479097156,0.8624206870673585,0.024001324837239258,10,7,7,333,3.9304159628935698,3.0966360639125035,0.5833087043942613,0.7346905963725054,3.4923664857279597,0.870601631210767,2.030358668407692,COMPLETE
7,-0.533490334294102,2025-12-04 13:32:30.743598,2025-12-04 13:32:47.027347,0 days 00:00:16.283749,0.737901860124722,1.6419821903154543,0.023139960112717732,7,7,6,243,1.398533043685863,3.1415960840885186,0.9797289271629737,0.7420489447952592,2.752848368548826,0.9305536272445756,2.5694672917843917,COMPLETE
8,-0.5752260537168673,2025-12-04 13:32:30.750507,2025-12-04 13:33:20.668437,0 days 00:00:49.917930,0.8988503933964718,0.8392020084471283,0.0340136470624996,3,10,3,425,4.774082003423279,0.12256219777749378,1.498155129744879,0.6511636995544119,2.9662755453150353,0.7488066966971669,1.4779160353350425,COMPLETE
9,-0.5560563377072357,2025-12-04 13:32:30.757149,2025-12-04 13:32:45.276098,0 days 00:00:14.518949,0.7004595835479981,0.24117090773219596,0.0982632256021912,6,9,4,138,4.2507405819200175,0.7449964455268887,1.5176235641303824,0.7006420346561791,2.2916354021632928,0.7928330710878858,1.6885071690390487,COMPLETE
10,-0.5644550428732966,2025-12-04 13:32:30.774797,2025-12-04 13:32:44.920242,0 days 00:00:14.145445,0.8474655833324009,1.9181823170083654,0.017215428009803996,0,7,1,209,2.3139324983672256,3.91907436830914,1.0455612642341339,0.8876963989692638,2.4026092543327624,0.6427740547696653,1.2510476909841493,COMPLETE
11,-0.5484980698682327,2025-12-04 13:32:30.781796,2025-12-04 13:33:00.926951,0 days 00:00:30.145155,0.6168252845394614,1.6527273455315985,0.010068059683656394,6,8,4,395,0.9884490712328842,4.832187207958163,1.5149900997328263,0.8729986554619613,3.1365586142241177,0.5105603295199173,2.3155369922717246,COMPLETE
12,-0.584612208900885,2025-12-04 13:32:30.828585,2025-12-04 13:32:51.801276,0 days 00:00:20.972691,0.7385990095800969,0.7214521045351112,0.047892104765336396,1,7,7,320,1.9304001697603812,0.9843016290570883,0.8522254224610744,0.6615961499025144,3.3622574353230457,0.7176444466840137,2.370351712120331,COMPLETE
13,-0.5595153240949939,2025-12-04 13:32:30.855479,2025-12-04 13:32:46.047566,0 days 00:00:15.192087,0.8010052303104744,0.7509995782239489,0.02463205298618366,2,3,9,428,4.1106705863561785,0.9625508828405727,1.1699835430043133,0.7384161702758534,3.3935507314759152,0.6026819527316835,2.0141047189332006,COMPLETE
14,-0.5774115683103612,2025-12-04 13:32:30.918682,2025-12-04 13:32:57.186975,0 days 00:00:26.268293,0.8922058045222742,0.6482516323585621,0.038740469875100686,9,7,5,401,1.4620377840754706,3.754182936805146,0.5736414188651795,0.7501617681126812,3.5979771911386216,0.5192724409821988,2.9124322047380997,COMPLETE
15,-0.5195777989198967,2025-12-04 13:32:30.926312,2025-12-04 13:32:35.531012,0 days 00:00:04.604700,0.8691479606786314,0.21612368377298607,0.0141626406466333,5,5,7,77,3.9384693968531854,2.056733362504887,1.0293841927717735,0.8407823450196938,3.4422587183380466,0.8822780598833038,2.4037373079206055,COMPLETE
16,-0.5318690856751759,2025-12-04 13:32:30.984318,2025-12-04 13:32:39.510858,0 days 00:00:08.526540,0.8144488522892418,0.9924475735004219,0.07345339663024876,1,3,10,233,3.5981577543450527,0.5271104880142424,0.6524787910608143,0.771304541212473,2.82714094617188,0.6915300163542698,0.9846146753692854,COMPLETE
17,-0.5577933650522259,2025-12-04 13:32:30.986159,2025-12-04 13:32:45.928734,0 days 00:00:14.942575,0.6361981875974685,1.0841940351722725,0.09981914705189256,7,9,2,152,0.8887374619248573,1.6454418666444448,1.4288617108235815,0.835382128180759,2.9443148797358085,0.8345143068496156,1.527116512864828,COMPLETE
18,-0.5298095448328431,2025-12-04 13:32:31.012360,2025-12-04 13:33:23.141598,0 days 00:00:52.129238,0.7789675981213743,0.43504026504137094,0.025727409295600658,3,10,6,455,3.185136790711577,1.4441830469185084,0.6787860712664417,0.7835763413929837,1.9082782753403376,0.8661966307087979,2.4938885388886325,COMPLETE
19,-0.5471347780427831,2025-12-04 13:32:31.022044,2025-12-04 13:32:56.524174,0 days 00:00:25.502130,0.6258359634899904,0.38893729656056286,0.08207623640326078,4,8,5,348,2.011184246380762,1.6226020203512532,1.21677975441938,0.7010966328902623,1.6617921933997493,0.5295080179416156,2.0480802384196166,COMPLETE
20,-0.5043153974109028,2025-12-04 13:32:31.092449,2025-12-04 13:32:35.933826,0 days 00:00:04.841377,0.6255353259755513,0.13329322941623656,0.057579872510532974,5,4,9,99,3.310409964311258,0.5446345521204998,1.273339662545305,0.6416934060005521,2.644064806902652,0.7987957948116132,2.473007034955261,COMPLETE
21,-0.5825746642182668,2025-12-04 13:32:31.146413,2025-12-04 13:32:59.172194,0 days 00:00:28.025781,0.8834405173121738,1.4183169822692427,0.07262708935150042,2,9,6,374,4.343352737626897,2.6648262926419704,1.2607649845807067,0.7567720642663516,2.4168411322477907,0.5777211455855168,1.2490444921636792,COMPLETE
22,-0.5047024560902257,2025-12-04 13:32:31.220774,2025-12-04 13:32:42.034277,0 days 00:00:10.813503,0.7639879255161499,1.9478841977141308,0.01875487219135547,4,9,3,106,0.10807399174638022,3.6468290542226582,1.0775777640200985,0.6571125181946867,3.4374539295113813,0.8009682713629729,0.9793819632497696,COMPLETE
23,-0.5297119313223542,2025-12-04 13:32:31.244687,2025-12-04 13:33:00.542560,0 days 00:00:29.297873,0.8337720327271936,0.5592313342799571,0.036730787894183256,7,7,6,475,0.3632156834902883,2.8346070811885236,1.0124002468885926,0.7279221095071029,1.4762258605463512,0.6436061576256126,2.022862627753416,COMPLETE
24,-0.5040424934742586,2025-12-04 13:32:35.532459,2025-12-04 13:32:47.310514,0 days 00:00:11.778055,0.8847657257429576,1.306594824314701,0.05013977494798545,10,10,5,89,4.56498711472293,2.814082823865254,0.6070729159951557,0.8477774034142999,1.7755815635201588,0.9087172457793999,2.60952176388518,COMPLETE
25,-0.5590793031900818,2025-12-04 13:32:35.934886,2025-12-04 13:32:51.864279,0 days 00:00:15.929393,0.7212227844493027,1.3159726542834689,0.024797152096044266,6,8,1,198,2.5024434699113125,1.9565144299390258,1.8418710491600483,0.8179705671921892,3.002170168745277,0.9253064238569446,1.9535870208543515,COMPLETE
26,-0.5793955710493095,2025-12-04 13:32:39.513278,2025-12-04 13:32:58.853892,0 days 00:00:19.340614,0.7677148844741786,0.13443913393684892,0.06430268505922655,10,8,5,265,2.5162671853380685,0.6718012982323096,1.4246822935039045,0.8681302142545867,1.956314421994434,0.5412564167033511,1.1884469263980166,COMPLETE
27,-0.5554056251336983,2025-12-04 13:32:40.225400,2025-12-04 13:33:12.416589,0 days 00:00:32.191189,0.8789262891802144,0.8848290265114476,0.05570529066420053,0,10,5,279,0.7666358755287639,1.3992579174757709,1.7664012768959987,0.6051679464835038,2.2338636605165547,0.7144652145824328,2.2933548488905506,COMPLETE
28,-0.5669890434118678,2025-12-04 13:32:41.509841,2025-12-04 13:32:50.564577,0 days 00:00:09.054736,0.7719088600180259,0.4359365462133047,0.010961353131603091,7,10,8,64,2.124617057329068,2.2632062589615973,1.400207559022559,0.685977870333693,3.270175539941409,0.8329926685736855,1.9960996754832965,COMPLETE
29,-0.5594853887514534,2025-12-04 13:32:42.035268,2025-12-04 13:32:50.825771,0 days 00:00:08.790503,0.6531322436802767,0.17008024558067047,0.04434190167665458,0,3,5,248,3.0233038497565863,2.203037107946108,1.7674825207420182,0.6958618155167783,2.2261271666927387,0.5246799123845345,1.2348726906237748,COMPLETE
30,-0.5871354088385609,2025-12-04 13:32:43.293348,2025-12-04 13:32:52.342489,0 days 00:00:09.049141,0.8243607299026727,1.2616800025561605,0.0577483075909451,2,4,4,234,3.5216214560059416,1.6293342889169682,0.8376068931850789,0.8428710709003191,3.027378394168016,0.5534573026843815,1.5115742738961557,COMPLETE
31,-0.5312130789723118,2025-12-04 13:32:44.921720,2025-12-04 13:33:09.517387,0 days 00:00:24.595667,0.7389703883602919,1.8807232287763158,0.01905229469111438,0,9,6,285,1.104892385918994,0.19146531680924783,1.0025620318298691,0.7941283072785433,1.7966335237305775,0.7668851482939605,1.6266512723943058,COMPLETE
32,-0.5954915065195334,2025-12-04 13:32:45.277238,2025-12-04 13:33:00.732936,0 days 00:00:15.455698,0.6330187415786738,1.6130505306006642,0.0846012501924923,3,4,8,408,4.737886769978215,3.564388139875891,0.5082216510868968,0.6859231258358667,3.248038163219067,0.6037132896690836,1.7757523213035813,COMPLETE
33,-0.5107637040644527,2025-12-04 13:32:45.930184,2025-12-04 13:33:08.765661,0 days 00:00:22.835477,0.8985490184974858,1.9795832898632353,0.024235457087433136,0,6,1,427,1.7627054797001984,4.982152795653887,1.8770009097898288,0.7746341760755513,2.0953339399326967,0.5745673843552841,2.956641597877204,COMPLETE
34,-0.5402438079923306,2025-12-04 13:32:46.048851,2025-12-04 13:33:10.824760,0 days 00:00:24.775909,0.8673542391460617,1.9894965926080925,0.024344679141779794,0,6,1,472,2.055434237032957,4.71717853049348,0.9695188691891299,0.7559066524111138,1.9245432541279155,0.584943872731098,2.0711243827666515,COMPLETE
35,-0.5583700284249858,2025-12-04 13:32:47.028267,2025-12-04 13:33:11.470863,0 days 00:00:24.442596,0.8972301587992167,1.202253886943979,0.028592989927529597,0,6,1,465,2.215925196704116,2.486792062894636,1.9619060417757197,0.7833767817157026,2.228121230351354,0.5754969439432935,2.090602054294857,COMPLETE
36,-0.5481849250132574,2025-12-04 13:32:47.311570,2025-12-04 13:33:09.909512,0 days 00:00:22.597942,0.8351178991066732,1.9755440541540341,0.02816090642708006,0,6,1,447,2.342052587181189,4.955591548777134,1.9455743780029122,0.7880157000154336,2.1127596117181136,0.5811051226233281,2.1179846668617732,COMPLETE
37,-0.5491146675548564,2025-12-04 13:32:47.935213,2025-12-04 13:33:08.157369,0 days 00:00:20.222156,0.8641685091235092,1.947744432746265,0.024907227718138938,1,6,1,382,2.4024139585929385,4.926077026268912,0.8658939219136084,0.785680191684962,2.2072333587638617,0.5987935168485398,2.0438731576722264,COMPLETE
38,-0.5367871768060595,2025-12-04 13:32:48.635234,2025-12-04 13:33:07.398542,0 days 00:00:18.763308,0.8501155236606456,0.46742577405451824,0.02316527773129121,0,6,1,346,2.052388187845677,4.998112931009954,0.8672929222444523,0.7950817411738603,2.116938455939998,0.6016347491505506,2.1154923719780867,COMPLETE
39,-0.5430168607163368,2025-12-04 13:32:50.565606,2025-12-04 13:33:08.769161,0 days 00:00:18.203555,0.7019330068337473,0.4434698393767098,0.010280749673698195,8,6,2,351,2.1409740661363497,4.457195137594875,1.9476726853506,0.7937122201164232,2.0583499912808576,0.6290855856651087,1.2816221891002635,COMPLETE
40,-0.4922818091168004,2025-12-04 13:32:50.826969,2025-12-04 13:33:08.891854,0 days 00:00:18.064885,0.7245683062317296,0.43498128621305676,0.010644481199912181,9,6,1,346,1.9876931196837802,4.461899534759226,1.967098516381749,0.8117032730956822,1.9498301662228052,0.649688417754901,2.176155124437804,COMPLETE
41,-0.588957734423576,2025-12-04 13:32:51.802349,2025-12-04 13:33:09.018923,0 days 00:00:17.216574,0.7237891929400333,0.4303547726406672,0.033255128722469614,8,6,8,331,2.1477599812837105,1.2906860527160582,1.9944982176711816,0.7806403261551699,3.6269406719518797,0.7287894479373507,2.1450896666933357,COMPLETE
42,-0.558538710256795,2025-12-04 13:32:51.865228,2025-12-04 13:33:09.422281,0 days 00:00:17.557053,0.6878812830185762,0.4428211726725049,0.01068666137878371,8,6,8,333,1.6962412074623834,1.2121717936791918,0.8786437078203904,0.6699905674420592,3.5993660727754477,0.7201424875515674,2.184610133578084,COMPLETE
43,-0.5962120697051909,2025-12-04 13:32:52.343752,2025-12-04 13:33:09.082849,0 days 00:00:16.739097,0.6934666740909807,0.9868935178724745,0.07088233840837493,2,6,3,331,4.950131532359639,1.2993194749976482,0.8387170567112785,0.7782930243518227,3.620143615583818,0.5806615585692615,2.2154395626947654,COMPLETE
44,-0.5780185947875199,2025-12-04 13:32:53.103095,2025-12-04 13:33:10.143724,0 days 00:00:17.040629,0.6894097104369408,1.0356461405732258,0.03673086138711075,2,6,6,332,4.764926904161052,1.3544088286629414,0.8143493035523812,0.7869829968913311,3.1793371749056667,0.5731162281903894,2.2051651966207055,COMPLETE
45,-0.5743888053488002,2025-12-04 13:32:56.525334,2025-12-04 13:33:13.033635,0 days 00:00:16.508301,0.6906926253142159,1.0114707200629012,0.03317015316614853,2,6,6,323,4.973982372816907,0.0022441773557129174,0.8539410770435251,0.7785922179683044,3.220922898577517,0.6047721584584691,2.2453569039662717,COMPLETE
46,-0.5690281733081033,2025-12-04 13:32:57.188056,2025-12-04 13:33:13.433942,0 days 00:00:16.245886,0.6931615944334562,0.9545362260823371,0.029725827654339215,2,6,6,315,4.796433544473858,1.061608318334689,0.8121644743833701,0.7878658154741396,3.2170003751758447,0.5880172650367531,2.2877721596449283,COMPLETE
47,-0.5762048200397653,2025-12-04 13:32:58.855064,2025-12-04 13:33:15.121854,0 days 00:00:16.266790,0.7182973247170301,0.961816038636094,0.03420326135163758,2,6,6,319,4.921251971137408,1.158700445360982,0.7913737661670275,0.7901812748154906,3.182686695904529,0.5957319245028069,2.2167630316023694,COMPLETE
48,-0.575354803616006,2025-12-04 13:32:59.173302,2025-12-04 13:33:15.231044,0 days 00:00:16.057742,0.6941044131384343,1.013555348482126,0.03117814422878706,2,6,8,310,4.99992350495401,0.09631362159734969,0.8385430600385079,0.7756714213859855,3.1895872035543964,0.7256879782003173,2.210315067662761,COMPLETE
49,-0.5728930964800658,2025-12-04 13:33:00.543927,2025-12-04 13:33:16.824484,0 days 00:00:16.280557,0.6860544822337277,1.0193917728165256,0.03223799909921647,2,6,3,320,3.2084809214205694,0.09562059067700235,0.853254777536122,0.7955267879194418,3.1830802507038936,0.7420440278148066,2.2217781772545333,COMPLETE
50,-0.5744759419184905,2025-12-04 13:33:00.734161,2025-12-04 13:33:14.087803,0 days 00:00:13.353642,0.678999338184101,1.1067243865474432,0.04887952719224394,2,5,8,306,4.776867073549792,1.1704627982563354,0.836961162633134,0.8042104123198673,3.172550554041649,0.5751410725967285,2.248569106123884,COMPLETE
51,-0.5800915560019827,2025-12-04 13:33:00.928085,2025-12-04 13:33:14.157399,0 days 00:00:13.229314,0.6609725174198049,1.1044240526624873,0.029725325648284805,2,5,8,305,4.984716293159227,1.1572642494964054,0.8264580674277997,0.7917431177729913,3.2143706991337098,0.5864877349035575,1.4017867773388475,COMPLETE
52,-0.5812367267472415,2025-12-04 13:33:07.399486,2025-12-04 13:33:20.838317,0 days 00:00:13.438831,0.6845521754965145,1.081095724584058,0.06491489608025997,2,5,8,314,4.898305177106834,1.2732150809676341,0.8269937154114456,0.66509046856007,3.177375817125043,0.7319052177699359,2.231143756107981,COMPLETE
53,-0.5807598470038173,2025-12-04 13:33:08.158395,2025-12-04 13:33:21.274098,0 days 00:00:13.115703,0.6815438024068016,1.1313421909214474,0.046828781563277244,3,5,8,300,4.978364067174848,1.278578198571723,0.7277773696661143,0.6507081833551264,3.2022722994501747,0.7311731178565508,1.458429788368626,COMPLETE
54,-0.5735282531053769,2025-12-04 13:33:08.767067,2025-12-04 13:33:22.641931,0 days 00:00:13.874864,0.6878029167097304,0.9573686812671909,0.030537046895661047,3,5,8,313,4.9176435251346255,1.3271313417862238,0.7512663620576469,0.6439433589187571,3.627416873953311,0.7325668672050695,2.218686078149674,COMPLETE
55,-0.5781917450030417,2025-12-04 13:33:08.772752,2025-12-04 13:33:22.945559,0 days 00:00:14.172807,0.7906067549010176,0.9733488544457914,0.031263919057217204,3,5,8,322,4.947085906515495,1.299452999985181,0.7293437213560103,0.6607235270223107,3.2082541169182046,0.7368163879804847,1.4705863042584455,COMPLETE
56,-0.5731046714160328,2025-12-04 13:33:08.893175,2025-12-04 13:33:22.153627,0 days 00:00:13.260452,0.6728890306217207,0.9709613637793622,0.029486283829950916,2,5,8,303,4.638414707790874,1.2213179894837038,0.5270409702978797,0.6732187013642467,3.198539115665042,0.7514580703374909,1.8517134049734043,COMPLETE
57,-0.5735311110460108,2025-12-04 13:33:09.019885,2025-12-04 13:33:22.264947,0 days 00:00:13.245062,0.6709300255502056,1.1453041664337502,0.03182198273605322,3,5,8,301,4.7405414205206915,1.2649380230383678,0.5007400336169068,0.6569288486747036,3.1846589747739027,0.7410983950368214,1.8536395600712716,COMPLETE
58,-0.5817885402019234,2025-12-04 13:33:09.083715,2025-12-04 13:33:21.844031,0 days 00:00:12.760316,0.668611299513569,1.1218233489039704,0.030906907108000432,3,5,8,299,4.833248134423247,0.01304804023932249,0.7563017508357608,0.8225653893875193,3.6119470747263134,0.559233487943465,1.8541674684828204,COMPLETE
59,-0.5796112741209781,2025-12-04 13:33:09.423235,2025-12-04 13:33:21.512963,0 days 00:00:12.089728,0.6639641685533266,1.128515659881895,0.03208878237343208,3,5,3,282,4.646468378719642,1.4196927088573075,0.6987849205804086,0.813068363897267,3.214068312865506,0.6755748235417445,1.4734830833359163,COMPLETE
60,-0.5768732886301402,2025-12-04 13:33:09.518912,2025-12-04 13:33:22.904853,0 days 00:00:13.385941,0.6693516281790407,1.1225302566342334,0.03215615438005537,3,5,3,298,4.8657569389913915,1.3778803494401763,0.5001269251947085,0.6102516053522963,3.230917105110285,0.6822424537921042,1.8441664281395098,COMPLETE
61,-0.5911083575452624,2025-12-04 13:33:09.910513,2025-12-04 13:33:23.257379,0 days 00:00:13.346866,0.6565773228056248,1.1875089212182495,0.058889148312247064,3,5,3,307,4.940150983105223,1.3510493303856408,0.7009429045912754,0.6069863329132695,3.172643435157989,0.5534514317977061,1.8411814300801748,COMPLETE
62,-0.591120718629991,2025-12-04 13:33:10.144636,2025-12-04 13:33:22.492520,0 days 00:00:12.347884,0.6662589627151664,1.1615323527286674,0.058887111336304684,3,5,3,294,4.990846763677661,1.3871282151352256,0.7136189324291683,0.816233868260359,3.2565415082306077,0.5518032437202433,1.874908614429436,COMPLETE
63,-0.5856332260679162,2025-12-04 13:33:10.825901,2025-12-04 13:33:22.377707,0 days 00:00:11.551806,0.669362861759603,1.6480718410195947,0.05774541857950077,3,4,3,298,4.917879592130106,1.3543248931611387,0.5127063110989287,0.6009215045805847,3.2384471900858753,0.6736754322676047,1.7955283772890582,COMPLETE
64,-0.5878053506859845,2025-12-04 13:33:11.471808,2025-12-04 13:33:24.468982,0 days 00:00:12.997174,0.6553600517207162,0.8950920469873398,0.04636269302007602,3,5,8,297,4.8489867860968605,1.2315944248218733,0.7063884897754702,0.641260869586855,3.2882177727059654,0.6825788346617323,1.8086881693532026,COMPLETE
65,-0.5856582419413133,2025-12-04 13:33:12.417814,2025-12-04 13:33:25.744027,0 days 00:00:13.326213,0.6670419872100999,1.6576441318217072,0.04409938676362865,3,5,8,308,4.844256883768405,1.1355671150679645,0.697728233417219,0.8213987404303129,3.3132293569052185,0.6845589733233677,1.867174370589653,COMPLETE
66,-0.5866425472073722,2025-12-04 13:33:12.519283,2025-12-04 13:33:25.830785,0 days 00:00:13.311502,0.6502351289935844,1.627651672600153,0.04566477677213543,3,5,3,307,4.620233367073104,0.9511156092604002,0.7186762420243163,0.7132963426573575,3.3042737878099677,0.6813200778271838,1.5068969261411933,COMPLETE
67,-0.5874940452617768,2025-12-04 13:33:13.034545,2025-12-04 13:33:25.917995,0 days 00:00:12.883450,0.6664733682347658,1.616838072210211,0.046071519897050515,3,5,9,296,4.557003907144894,1.0035812099809915,0.5041854979150254,0.6344334095665095,3.3246188878871923,0.5511512813351058,1.852442158131494,COMPLETE
68,-0.5857572412194431,2025-12-04 13:33:13.434948,2025-12-04 13:33:26.539378,0 days 00:00:13.104430,0.669640442414032,1.6201838341041241,0.04985752043112074,3,5,3,303,3.019167434418224,0.9095716824221608,0.7105951778623278,0.7171171478162613,3.33678197615834,0.6904629382445728,1.486828469041126,COMPLETE
69,-0.5872077062924167,2025-12-04 13:33:14.088819,2025-12-04 13:33:25.165300,0 days 00:00:11.076481,0.6654877913308773,1.6178124130958307,0.06705125809995484,3,4,3,291,2.7398588195164364,3.3920182501393965,0.5140126916474128,0.7173408958353683,3.332019064843671,0.672468777765212,1.8469256845295279,COMPLETE
70,-0.5790805791874304,2025-12-04 13:33:14.158316,2025-12-04 13:33:32.252059,0 days 00:00:18.093743,0.749163818781697,1.6521053377909563,0.06519086071952457,3,4,3,495,2.83946043199287,3.3987860836891657,0.7134956184770398,0.7199814448166288,3.52338235169589,0.7475738142212012,2.6743509039519533,COMPLETE
71,-0.5908287892000613,2025-12-04 13:33:15.122888,2025-12-04 13:33:29.166858,0 days 00:00:14.043970,0.6024408379248875,1.696414310546229,0.06553877280823375,3,4,3,370,2.774101880009134,0.8286319503046173,0.5177006063195904,0.7184430632434362,3.3326006837821054,0.6817952157014233,1.8765518306953783,COMPLETE
72,-0.5945085011367487,2025-12-04 13:33:15.232131,2025-12-04 13:33:30.585185,0 days 00:00:15.353054,0.7924296295337412,1.6256273902979141,0.06379553125774703,3,4,3,407,2.8538669450555347,0.8193918591300305,0.6829713578668174,0.6275480915532647,3.344001266036541,0.5469105327919277,1.8398559566815487,COMPLETE
73,-0.577029382700941,2025-12-04 13:33:16.825395,2025-12-04 13:33:24.084876,0 days 00:00:07.259481,0.6022476427913067,1.7241921920555816,0.06346071526253366,3,4,9,183,2.7771369640187933,0.8978014271878569,0.5052270993351579,0.7174717871283326,3.3288379638182835,0.6665282089060378,1.8317146242881468,COMPLETE
74,-0.5928231116491384,2025-12-04 13:33:20.669813,2025-12-04 13:33:34.312556,0 days 00:00:13.642743,0.7945869115544122,1.6432935586853736,0.06599048565251091,3,4,7,365,4.463178416319891,0.8212132963965176,0.6794813316513786,0.7293654316680906,3.3338999043561346,0.5532960526625624,1.8770508676566715,COMPLETE
75,-0.593351848345824,2025-12-04 13:33:20.839362,2025-12-04 13:33:38.836606,0 days 00:00:17.997244,0.6010304954472261,1.697863512275362,0.07175264124335691,3,4,7,496,3.8457284263699454,3.3042126473199724,0.5287621909160743,0.7134938462719722,3.5344239214367743,0.6864835172876662,1.8497064565637518,COMPLETE
76,-0.5949519079858656,2025-12-04 13:33:21.275166,2025-12-04 13:33:35.107774,0 days 00:00:13.832608,0.7861066496117537,1.65912427710329,0.08896875041905643,1,4,7,371,3.9110770626521663,3.2509903939634315,0.5120338225927822,0.7230576837611603,3.52480437212527,0.6909334096897249,1.8171161884644191,COMPLETE
77,-0.5949354369919515,2025-12-04 13:33:21.514039,2025-12-04 13:33:35.384543,0 days 00:00:13.870504,0.6039356905739095,0.7589775435455148,0.0878840840199313,1,4,7,376,3.8146881830907446,3.217568673001496,0.5112824800379088,0.7161323585472487,3.5040498627957057,0.5570754858350951,1.891475663020241,COMPLETE
78,-0.5908791512599104,2025-12-04 13:33:21.845034,2025-12-04 13:33:35.418532,0 days 00:00:13.573498,0.6014906361436905,0.022016495257139557,0.07606972490811637,1,4,7,364,4.033273723759674,3.3312903125368463,0.5057318037243453,0.7136859625376847,3.510289215481666,0.6952965434980561,1.8318518782006659,COMPLETE
79,-0.5748413973893212,2025-12-04 13:33:22.154724,2025-12-04 13:33:35.825719,0 days 00:00:13.670995,0.6037949449134555,0.7233877332001093,0.0896127480762969,1,4,7,367,3.867591641764133,4.026292072853879,0.5008851895274884,0.7137001093039032,3.506630894635206,0.6843717883842516,2.639628757310289,COMPLETE
80,-0.5693359745294367,2025-12-04 13:33:22.265853,2025-12-04 13:33:29.477301,0 days 00:00:07.211448,0.7927547000542936,1.6360052374267768,0.07440927391733371,1,4,7,180,3.893719345833889,3.2815862044383337,1.6541501832920114,0.7175617397152221,3.5101780523029276,0.6977083799020193,2.390339879998046,COMPLETE
81,-0.5845409344055187,2025-12-04 13:33:22.378721,2025-12-04 13:33:29.090209,0 days 00:00:06.711488,0.6448569106707933,1.7419550671454507,0.08805964560024482,1,4,9,166,4.391295836248059,0.8746167654644585,0.6501180969526341,0.6324760929682958,3.3571037494586244,0.6971964070267244,1.7338243367945254,COMPLETE
82,-0.5901217826536471,2025-12-04 13:33:22.493488,2025-12-04 13:33:30.944520,0 days 00:00:08.451032,0.6495866619321431,1.6619845970330562,0.07759541736209524,4,4,4,216,4.279880610615848,1.6575356662364693,0.6478689649361136,0.6312868430885189,3.5004928251820973,0.6234606507297535,1.7377532928394572,COMPLETE
83,-0.5854577121888817,2025-12-04 13:33:22.642996,2025-12-04 13:33:29.783931,0 days 00:00:07.140935,0.642370945857106,1.6798188961460196,0.08570915268256457,5,4,4,183,4.3918270714010035,1.767791564433031,0.6679835786360613,0.8296566392134588,3.335990286952384,0.49952110480598194,1.751694053994556,COMPLETE
84,-0.5954324773067269,2025-12-04 13:33:22.906147,2025-12-04 13:33:40.130965,0 days 00:00:17.224818,0.6010795425585718,1.7037737636341526,0.09008414206676826,4,4,4,499,4.11266017975292,0.8891297344662905,0.6448071678502262,0.8336435624708733,3.3466207467160674,0.702115130388233,1.731535284989649,COMPLETE
85,-0.5888076181802161,2025-12-04 13:33:22.946750,2025-12-04 13:33:31.348018,0 days 00:00:08.401268,0.645578389955464,1.622746215746277,0.0883050831547207,4,4,4,214,4.459358725081413,1.716090381730943,0.6446400465905795,0.6222136357291044,3.358011050788292,0.702946665396048,1.7428816738665813,COMPLETE
86,-0.5914842910041908,2025-12-04 13:33:23.142612,2025-12-04 13:33:33.262912,0 days 00:00:10.120300,0.7097290875043963,1.6504577773693565,0.08042579426479579,4,4,4,257,4.4629329978036845,1.7285042058572713,0.6400706345411086,0.6249046227012764,3.35015479949598,0.5033403247673354,1.7091095801680602,COMPLETE
87,-0.5893519833854667,2025-12-04 13:33:23.260441,2025-12-04 13:33:33.013101,0 days 00:00:09.752660,0.6033530753667193,1.6527257052046622,0.08222197800908503,4,4,4,254,4.387297319871992,1.763409711605115,0.6263860928433771,0.6215708351187296,3.0697524265803224,0.5021516658913681,1.712904988852813,COMPLETE
88,-0.590548363043043,2025-12-04 13:33:24.085969,2025-12-04 13:33:34.050508,0 days 00:00:09.964539,0.6441067882253418,1.594271289871579,0.08402746294339311,4,4,4,257,4.334581048099024,1.6327069196086024,0.6470404989655496,0.6309753913007321,3.069731046050164,0.5536004439287641,1.7031271179061962,COMPLETE
89,-0.5922366218631926,2025-12-04 13:33:24.469901,2025-12-04 13:33:34.490552,0 days 00:00:10.020651,0.647011748204526,1.5286233144580248,0.08852198504168336,4,4,4,263,4.396537370852076,1.6898895741234163,0.6414567204015407,0.6297439387631876,3.519992651007702,0.49916546537116546,1.734170556766669,COMPLETE
90,-0.5903991578538093,2025-12-04 13:33:25.166446,2025-12-04 13:33:35.194581,0 days 00:00:10.028135,0.6445332666075537,1.4656478713469911,0.08775541515248338,4,4,2,260,4.424217960769816,1.767018532565543,0.6365483071846966,0.6268239662672165,3.511044635529773,0.7001076282259617,1.7097939267505717,COMPLETE
91,-0.5929999752327215,2025-12-04 13:33:25.745289,2025-12-04 13:33:35.805201,0 days 00:00:10.059912,0.6421046354402665,1.478340090094005,0.09024174027742828,4,4,2,260,4.4332915233111,3.2950018964905303,0.5933361871110051,0.6291309565848391,3.5349259684343224,0.6207746843769595,1.7336281696605533,COMPLETE
92,-0.5912605477951582,2025-12-04 13:33:25.831829,2025-12-04 13:33:36.229319,0 days 00:00:10.397490,0.6372856944077464,1.530491720083298,0.09081684326573417,4,4,2,261,4.36845826246771,3.4028947742206173,0.620035000609404,0.6199770627009995,3.4748308431176715,0.5017759301817479,1.7184662275663738,COMPLETE
93,-0.5919575530827466,2025-12-04 13:33:25.918959,2025-12-04 13:33:35.651974,0 days 00:00:09.733015,0.6345390246790537,1.4724302095822015,0.08499602904188919,4,4,9,254,4.35161012654295,0.4106333026726079,0.6016535429483204,0.623388606046721,3.5224900021953514,0.6197251555270543,1.6682503100085209,COMPLETE
94,-0.5905907394575645,2025-12-04 13:33:26.540333,2025-12-04 13:33:36.934666,0 days 00:00:10.394333,0.6360771907806804,1.4632222868317686,0.0826975157593038,4,4,9,268,4.399450234864435,3.220695833379229,0.6198906721142108,0.6264567756263487,3.5267405835101813,0.5014493214385287,1.6858265888567787,COMPLETE
95,-0.5782028915156723,2025-12-04 13:33:29.091085,2025-12-04 13:33:38.220260,0 days 00:00:09.129175,0.6143613450667702,0.024749026811109798,0.07388023840721299,4,3,10,261,4.453462365100037,1.8091825502574486,0.5945846449744652,0.6219157898392673,3.5371162549030974,0.5465505698078655,1.9236973681643261,COMPLETE
96,-0.5760966198905804,2025-12-04 13:33:29.167882,2025-12-04 13:33:38.180522,0 days 00:00:09.012640,0.6125049871563236,1.5208720950871877,0.07446502200350287,4,3,2,260,4.063644669909426,1.8350356268164227,0.5954935092724364,0.6237052927610159,3.502365176975416,0.5124519538750749,1.9524382945854801,COMPLETE
97,-0.5927973572190894,2025-12-04 13:33:29.478312,2025-12-04 13:33:44.922531,0 days 00:00:15.444219,0.6165324940946828,0.02632756394046254,0.05274614128885775,4,7,2,265,4.50091705363317,1.8130062044889732,0.579633748730668,0.6235132099903955,3.520621756576845,0.504172320583257,1.9336690943515933,COMPLETE
98,-0.5963234384538977,2025-12-04 13:33:29.784884,2025-12-04 13:33:45.560995,0 days 00:00:15.776111,0.6171403301528384,0.03519458359205585,0.04139247116309448,4,7,2,266,4.422923045953604,0.41978413715581375,0.5960435584477879,0.6262026736793325,3.534574650290549,0.5394766881210502,1.629370776697451,COMPLETE
99,-0.5825248381788685,2025-12-04 13:33:30.586438,2025-12-04 13:33:44.307642,0 days 00:00:13.721204,0.6174013599350244,1.5399953428098576,0.05369031875239564,4,3,2,409,4.075730824153367,0.6832903123141215,0.5819197852170006,0.6256484939788742,3.510360095849335,0.6135361122299228,1.9256200640244174,COMPLETE
100,-0.5895265533930574,2025-12-04 13:33:30.945544,2025-12-04 13:33:44.581794,0 days 00:00:13.636250,0.6187723755750683,1.4867642656573767,0.07950814633368167,4,3,2,409,4.1171115967127605,0.3902187560392585,0.5904534661458106,0.6175454974045489,3.5191607956989355,0.6195670212654377,1.9240853339509405,COMPLETE
101,-0.5872859599282938,2025-12-04 13:33:31.349007,2025-12-04 13:33:44.931456,0 days 00:00:13.582449,0.6106111685772859,1.3949343375518328,0.07582204724288229,4,3,2,411,4.004201051143936,0.42373573790419233,0.5862961908538739,0.6162489243379105,3.518645882233719,0.536269143943841,1.9487130882413626,COMPLETE
102,-0.5728557291133011,2025-12-04 13:33:32.253157,2025-12-04 13:33:45.072319,0 days 00:00:12.819162,0.6336844781944811,1.5165013883791285,0.05356017798424492,4,3,2,395,4.180507984076456,0.43173917872972845,0.5909812334331656,0.7651599035535432,3.088347497613257,0.6237067790921755,1.9267810978840194,COMPLETE
103,-0.5870741433603421,2025-12-04 13:33:33.014095,2025-12-04 13:33:46.401842,0 days 00:00:13.387747,0.6144817809450503,1.5392949035347747,0.08027499730270425,4,3,2,404,4.206259373064035,1.8993198667821596,0.578773404306662,0.620506786114926,3.0865777764896327,0.628801209299198,1.6576228945406286,COMPLETE
104,-0.5810851220482144,2025-12-04 13:33:33.263971,2025-12-04 13:33:42.414903,0 days 00:00:09.150932,0.6129992816123779,1.4312451267391193,0.07847080105074962,4,3,2,265,4.108331968985136,1.8908365933660043,0.5909507140347556,0.6244548606079979,3.0639065249969386,0.6231114998273545,1.625818317916258,COMPLETE
105,-0.5891859146831206,2025-12-04 13:33:34.051406,2025-12-04 13:33:47.608048,0 days 00:00:13.556642,0.6161402391230366,1.4548428375297449,0.07633220214004602,4,3,2,406,4.12595972949078,2.000111396381175,0.5770105964567201,0.6272968178880166,3.0912839674668176,0.533615350812458,1.6412281698270714,COMPLETE
106,-0.5822482790583803,2025-12-04 13:33:34.313649,2025-12-04 13:33:47.245946,0 days 00:00:12.932297,0.6177894971698682,1.5396553214612014,0.0966130940020464,4,3,2,401,4.039119714510922,0.29137718685803327,0.5753580965854832,0.7311054611572806,2.89875627782468,0.534183682087145,1.9379332965403955,COMPLETE
107,-0.5891933019409772,2025-12-04 13:33:34.491455,2025-12-04 13:33:47.507232,0 days 00:00:13.015777,0.6140956940926493,1.5166427353223264,0.09270956488380201,4,3,2,409,4.098201324905698,0.6637101899459898,0.5823185226811034,0.7437759439962349,3.4303140060151094,0.5364188644168947,1.9511783019892,COMPLETE
108,-0.5917267069654902,2025-12-04 13:33:35.108711,2025-12-04 13:33:48.303854,0 days 00:00:13.195143,0.6200642935576265,1.4929719932563772,0.093407089233775,5,3,2,409,4.041229660522909,1.989843529186714,0.5592009048950642,0.7297706313164835,3.4278094776254098,0.5361440841692209,1.615244701527044,COMPLETE
109,-0.5925406975484073,2025-12-04 13:33:35.195807,2025-12-04 13:33:48.125682,0 days 00:00:12.929875,0.8137978357940945,1.7769318446139302,0.09861231945701944,5,3,2,405,4.097797796007597,1.9714360067363348,0.5796628586167359,0.7637990572735375,3.4339326675114346,0.5370603978627063,1.6266209252028794,COMPLETE
110,-0.5885493751902172,2025-12-04 13:33:35.385524,2025-12-04 13:33:48.382960,0 days 00:00:12.997436,0.6136848270337836,1.7922876467269067,0.09494839304954247,5,3,7,405,4.077406671130263,2.9984760384895552,0.5625109290307502,0.7366616037678083,3.4415426718503874,0.518547268495344,1.9404297713021004,COMPLETE
111,-0.5905707825911696,2025-12-04 13:33:35.419704,2025-12-04 13:33:48.528147,0 days 00:00:13.108443,0.6231443590697513,1.811216515170252,0.09380223122599098,4,3,2,409,4.150355098212496,1.9148534924833358,0.5774322756033456,0.7336509246488507,3.427721340135896,0.5139385919498396,1.9439935035170957,COMPLETE
112,-0.5904196979015991,2025-12-04 13:33:35.653152,2025-12-04 13:33:49.155538,0 days 00:00:13.502386,0.6160901261765818,1.5297524510298088,0.0937206158843974,5,3,10,413,4.106228850263202,0.37615685204031424,0.5733663423469921,0.7318451340213059,3.4180830638184294,0.5140008859517157,1.6090663159879717,COMPLETE
113,-0.588980891705857,2025-12-04 13:33:35.806105,2025-12-04 13:33:49.102833,0 days 00:00:13.296728,0.6212935416255427,1.5384186431710967,0.09394522132621845,5,3,2,405,4.154002043817465,3.8262145770968115,0.570990576621476,0.7324127255591614,3.567379133567149,0.5371383010090771,1.9358714706394398,COMPLETE
114,-0.5913878287404425,2025-12-04 13:33:35.827461,2025-12-04 13:33:48.846514,0 days 00:00:13.019053,0.6297714531085183,1.5276608210481606,0.09499299494471206,5,3,2,407,4.183854037488523,0.3144600706625773,0.5834514975834469,0.7451201820885608,3.4198157445206694,0.6139131742395959,1.5708125963615616,COMPLETE
115,-0.5922422185015471,2025-12-04 13:33:36.230371,2025-12-04 13:33:49.587316,0 days 00:00:13.356945,0.6230287713411268,1.8229474899944254,0.09497037995680543,5,3,10,411,4.119762139452156,0.44830506968627226,0.5786047278842162,0.7416253517549053,3.4203184989482796,0.615456292429037,1.6275316120142316,COMPLETE
116,-0.588682877390677,2025-12-04 13:33:36.935698,2025-12-04 13:33:50.066999,0 days 00:00:13.131301,0.6149274470064766,1.8273525830721697,0.09439181768541056,5,3,10,406,4.214165161591366,0.47181030451994793,0.5586861118247872,0.7426130750361603,3.4152833186800473,0.5184739046404089,1.9320584190018388,COMPLETE
117,-0.5923122488884304,2025-12-04 13:33:38.181430,2025-12-04 13:33:51.320917,0 days 00:00:13.139487,0.8086772740942739,1.8246989325622267,0.09683841057002612,5,3,10,405,3.749848794878228,3.0704339238261955,0.5506203681087128,0.7324566794553039,3.39615951906728,0.5352834861756378,1.592998625225517,COMPLETE
118,-0.5911349387458505,2025-12-04 13:33:38.222224,2025-12-04 13:33:51.166601,0 days 00:00:12.944377,0.8130124702628936,1.8005951436830332,0.09657686162910549,5,3,7,401,4.179907815486467,0.3496762075270046,0.5505051375597035,0.746032496654298,3.568549713839292,0.5341478676601329,1.5925574479123052,COMPLETE
119,-0.5912571113934323,2025-12-04 13:33:38.837855,2025-12-04 13:33:51.873383,0 days 00:00:13.035528,0.6245831383209148,1.8256193706959727,0.09542254619346666,5,3,7,405,4.204279417161979,3.076923253864579,0.5549138099201978,0.7297828385794106,3.4218596473483176,0.53515451708708,1.6030093705912007,COMPLETE
120,-0.5937551868358785,2025-12-04 13:33:40.132443,2025-12-04 13:33:53.534009,0 days 00:00:13.401566,0.6244153728267574,1.8055376552688918,0.09734298713392177,5,3,7,411,4.18893955131346,2.949238611983807,0.5539944182357485,0.7294625725650098,3.427784065487588,0.5347154502125406,1.6381671818857253,COMPLETE
121,-0.5896519600718356,2025-12-04 13:33:42.415929,2025-12-04 13:33:55.390938,0 days 00:00:12.975009,0.6266831230579714,1.8518205499020168,0.09557228811062975,5,3,7,394,3.581982884756839,3.70847076795953,0.5574201537243983,0.7316240522791204,3.4266140720651057,0.5655281601660567,1.9961512053859205,COMPLETE
122,-0.5916456285893121,2025-12-04 13:33:44.308567,2025-12-04 13:33:57.825090,0 days 00:00:13.516523,0.6255640603824192,1.767766495378945,0.09513653814345063,5,3,7,411,3.4939996359855194,3.6029889450609933,0.5463377114119696,0.7346409626398575,3.4134564057865036,0.5380502731186562,1.5780695615130291,COMPLETE
123,-0.5929013800761144,2025-12-04 13:33:44.582860,2025-12-04 13:33:58.654852,0 days 00:00:14.071992,0.6273537601452283,1.7824700884446483,0.09405931738650843,5,3,7,436,3.4807957966787204,2.9474623621177303,0.5519641531674405,0.7411055416668644,3.411859662215523,0.5641768432085182,1.5782983517006306,COMPLETE
124,-0.5979544520336445,2025-12-04 13:33:44.923512,2025-12-04 13:34:05.061790,0 days 00:00:20.138278,0.6249754883520653,1.7983457720369855,0.09487321459938587,5,7,7,388,3.6918553972530077,3.0096233903223903,0.5566186358044549,0.7320884002572557,3.4100762125425113,0.5359649276610514,1.772125886018122,COMPLETE
125,-0.5980489658255538,2025-12-04 13:33:44.936963,2025-12-04 13:34:07.854332,0 days 00:00:22.917369,0.6228019015529795,1.7947049142384663,0.06970965208080707,5,7,7,440,3.721563476457377,3.052213310988864,0.5422034778081593,0.7411427226835752,3.4227755697121487,0.5636507562738287,1.5511813786250408,COMPLETE
126,-0.5969694899977308,2025-12-04 13:33:45.073590,2025-12-04 13:34:06.877650,0 days 00:00:21.804060,0.6266376919208139,1.8557801843380268,0.09974627665310744,5,7,7,440,3.47816080484986,2.9748647192349322,0.5660009351721691,0.7327994535674646,3.428987173747727,0.522417289313858,2.003562228805071,COMPLETE
127,-0.5988092004370784,2025-12-04 13:33:45.561988,2025-12-04 13:34:09.137801,0 days 00:00:23.575813,0.6274028151161515,1.7951955086339633,0.06954007691903831,5,7,7,441,3.6551032332034903,3.0825000265162874,0.570275416783832,0.7311275246487237,3.4090435451648586,0.5634658445990329,1.5954146117716075,COMPLETE
128,-0.5988334261367991,2025-12-04 13:33:46.403399,2025-12-04 13:34:11.430905,0 days 00:00:25.027506,0.6275511160495558,1.7931352044490703,0.07124424593067724,5,7,7,493,3.6849064813991563,3.000723300833611,0.547039191626112,0.7337176404092037,3.4230401796603234,0.5624185764725373,1.571660454632806,COMPLETE
129,-0.6025512417121293,2025-12-04 13:33:47.247264,2025-12-04 13:34:10.154182,0 days 00:00:22.906918,0.8057695850565654,1.8175500389568986,0.09389166368353004,5,7,7,441,3.698771787084162,3.649391277963674,0.5518997767242092,0.6869348154530526,3.4113272213267796,0.5183460643084423,1.5502111895348336,COMPLETE
130,-0.5983469322015073,2025-12-04 13:33:47.508410,2025-12-04 13:34:10.875773,0 days 00:00:23.367363,0.6244840673892639,1.8101762012469045,0.06938442254148319,5,7,7,436,3.6620274960426937,3.029147610965536,0.5463200881563505,0.6841569798616999,3.407225280323874,0.5658386875754309,1.5658046858053205,COMPLETE
131,-0.6004797978440798,2025-12-04 13:33:47.609017,2025-12-04 13:34:11.914413,0 days 00:00:24.305396,0.7818505253967889,1.7674124006626553,0.07125559567086481,5,7,7,441,3.712706770240935,3.075851435136461,0.5425221588399913,0.6973036275099617,3.58575076355899,0.5660829354722754,1.5972220873510636,COMPLETE
132,-0.5981279280880284,2025-12-04 13:33:48.126653,2025-12-04 13:34:11.946961,0 days 00:00:23.820308,0.6246397434465759,1.819533299224619,0.06901908716162382,5,7,7,436,3.666712785448411,3.0639992358209875,0.5436384499335211,0.693547612507326,3.582681711056586,0.5678950923583524,1.9976869759772848,COMPLETE
133,-0.5991439442426314,2025-12-04 13:33:48.304841,2025-12-04 13:34:17.276411,0 days 00:00:28.971570,0.7768563124120278,0.2914180095058867,0.06925846951341497,5,7,7,493,3.809823060316645,3.781752231883051,0.53882282441686,0.6998308042152741,3.394958712824073,0.5643983496719888,1.5724880151701068,COMPLETE
134,-0.5999633861764888,2025-12-04 13:33:48.384931,2025-12-04 13:34:12.638011,0 days 00:00:24.253080,0.8087659456681338,1.8107288624936044,0.06984912100637285,6,7,7,442,3.4795134936465293,3.6361496539199116,0.5407081927177313,0.6855639623182049,3.3986935674524523,0.5709086051033819,1.7866599073973821,COMPLETE
135,-0.5951961325465407,2025-12-04 13:33:48.529121,2025-12-04 13:34:14.583152,0 days 00:00:26.054031,0.8024331233418938,0.3219631689424123,0.06912971485638306,6,7,7,440,3.7377946114111658,2.6949762585359904,0.5501837570150243,0.697879792741039,3.5694868217687086,0.6595692391198391,1.5683496213208374,COMPLETE
136,-0.600705025428256,2025-12-04 13:33:48.847453,2025-12-04 13:34:14.981903,0 days 00:00:26.134450,0.8071564130855471,0.3004190871191167,0.0712012634152991,6,7,7,439,3.518398079923099,3.570941848012994,0.678175462728827,0.6905151101783815,3.588975902869433,0.5659058528348762,1.7796256774320511,COMPLETE
137,-0.5990848208459076,2025-12-04 13:33:49.103941,2025-12-04 13:34:13.605810,0 days 00:00:24.501869,0.8083033175880675,1.781777206111085,0.06735637676313176,6,7,7,441,3.7190570707830863,3.666839925661016,0.5362727137699528,0.6903145295162127,3.585029252866473,0.566024768662404,1.5436380636189924,COMPLETE
138,-0.596764069605706,2025-12-04 13:33:49.162239,2025-12-04 13:34:14.890806,0 days 00:00:25.728567,0.8128377979188054,0.32241758568064516,0.06892972185279733,6,7,7,441,3.690212341457565,3.661697615030871,0.5391814277819242,0.6944404728686825,3.5759588486210725,0.562875909034327,1.9971617395645156,COMPLETE
139,-0.5964341816093346,2025-12-04 13:33:49.588413,2025-12-04 13:34:18.850420,0 days 00:00:29.262007,0.8128209221130275,0.31281014940383384,0.09991572848780085,6,7,7,491,3.7054307111375704,3.6524209732289177,0.5389529937919748,0.7054606483171313,3.573663525887709,0.565931961121514,2.009636282995089,COMPLETE
140,-0.598790838550922,2025-12-04 13:33:50.067956,2025-12-04 13:34:16.000346,0 days 00:00:25.932390,0.7786461186140523,0.3128009062005125,0.06952059739443957,6,7,7,435,3.660503154261923,1.507522906011438,0.9108175337570341,0.6977487220490417,3.590843552193271,0.5629713037595272,1.784712457600852,COMPLETE
141,-0.5980748512531938,2025-12-04 13:33:51.167601,2025-12-04 13:34:13.031735,0 days 00:00:21.864134,0.8049617966028043,1.8853787280847838,0.06979093478685403,6,7,7,385,3.724692736611493,3.6886859208717877,0.7590130191273293,0.6871871944860706,3.581673875550012,0.5661062257642973,2.000105228690966,COMPLETE
142,-0.5970432143286375,2025-12-04 13:33:51.322300,2025-12-04 13:34:17.071013,0 days 00:00:25.748713,0.7822777662966816,0.32585185735016836,0.07116411604475346,6,7,7,435,3.4854414370828892,3.593849656894097,0.9094129493616918,0.6962017216858535,3.580127796296322,0.5659844223016625,2.0142070812523247,COMPLETE
143,-0.5747587503171231,2025-12-04 13:33:51.874784,2025-12-04 13:34:15.102915,0 days 00:00:23.228131,0.7833042084829482,0.24187422676557435,0.039735476543264744,1,7,7,383,3.486738851121311,2.618106724085425,0.7784842264691629,0.7045956920712789,2.4924597112018216,0.6612683072560243,2.007113319385138,COMPLETE
144,-0.5962476592203371,2025-12-04 13:33:53.535046,2025-12-04 13:34:22.038688,0 days 00:00:28.503642,0.7856383434345175,1.7451977204884765,0.07084763445488375,1,8,7,445,3.4411985153034994,2.6379504267357725,0.6813021379211025,0.7046305514535841,3.5837499279505636,0.6579294546678406,1.7986821953321532,COMPLETE
145,-0.6002723207584455,2025-12-04 13:33:55.392033,2025-12-04 13:34:21.731926,0 days 00:00:26.339893,0.7752056088150209,0.061301633707442446,0.06865317293300131,6,7,7,437,3.7152657525163733,3.5978104880602344,0.7653974759046688,0.6889441612862642,3.58809734292077,0.5670914309133952,1.7767804559725497,COMPLETE
146,-0.5983539852239989,2025-12-04 13:33:57.826260,2025-12-04 13:34:27.609133,0 days 00:00:29.782873,0.7792156476315495,0.25789357763427545,0.07130871263824734,6,7,6,499,3.769435846380247,2.8362405011349185,0.7738228480639762,0.7022553760944669,3.574264298889869,0.566650289207605,1.7973286923243963,COMPLETE
147,-0.5996288592235949,2025-12-04 13:33:58.655859,2025-12-04 13:34:24.716962,0 days 00:00:26.061103,0.781737427547871,0.29410926252823943,0.06806969557665707,1,7,7,439,3.7698842591954738,2.7137265955187995,0.7872139520776732,0.7056643871475754,3.5756057863384045,0.5915574849843529,1.7940836042025965,COMPLETE
148,-0.5983084234387905,2025-12-04 13:34:05.063111,2025-12-04 13:34:31.338334,0 days 00:00:26.275223,0.7787340866029483,0.3284293805103399,0.06978529214759197,1,7,6,443,3.7629933631230017,2.7710447618130742,0.6779766690504914,0.702704938880928,3.5781950016686745,0.5649019893220588,1.7895696121852112,COMPLETE
149,-0.5992177900367675,2025-12-04 13:34:06.878599,2025-12-04 13:34:31.168610,0 days 00:00:24.290011,0.7825393975533974,1.899376007241571,0.06907521492126333,6,7,6,438,3.7827540484156654,3.5245367269511854,0.7848422114493125,0.7055286376423678,3.5972794640318453,0.6559574943684154,1.7884845728516103,COMPLETE
150,-0.594488289927485,2025-12-04 13:34:07.855675,2025-12-04 13:34:36.521620,0 days 00:00:28.665945,0.7699551701280851,0.7837417935110099,0.06936098809639125,1,7,6,495,3.7557054600504407,2.6389568756218433,0.7722102798580417,0.7059896778346794,3.588637563992602,0.5925525560717797,1.4025811570979596,COMPLETE
151,-0.5956535191036897,2025-12-04 13:34:09.138986,2025-12-04 13:34:30.069127,0 days 00:00:20.930141,0.6077000413641552,1.921410598188148,0.07003793478904975,1,7,6,382,3.8034002206669384,2.653334207082295,0.7616603245769735,0.7061211262168361,3.5832438273802354,0.5679699861423024,1.7831978722532693,COMPLETE
152,-0.5934172489104846,2025-12-04 13:34:10.155324,2025-12-04 13:34:33.321309,0 days 00:00:23.165985,0.7733296869452609,1.9084752175358584,0.07134656397034046,6,7,6,452,3.7116620648798717,2.6688787425736815,1.1146098334656644,0.694623369911559,2.613541854296402,0.5641015886281793,1.3825525360912259,COMPLETE
153,-0.5975491695400843,2025-12-04 13:34:10.876874,2025-12-04 13:34:35.097678,0 days 00:00:24.220804,0.7806625461726766,1.9199584820010347,0.07006049821482736,6,7,6,455,3.678125386118709,2.720834141725692,0.675882134751082,0.6882768988449826,3.5766026927138257,0.5689379271202869,1.3896185833001053,COMPLETE
154,-0.5974193184722438,2025-12-04 13:34:11.431997,2025-12-04 13:34:35.440016,0 days 00:00:24.008019,0.8264625935715253,1.897897221882324,0.06951624278702367,6,7,6,454,3.7284256046928697,2.608344979787712,0.6780689940216827,0.6970892473697049,3.572268413362335,0.565335608994241,1.385441728055566,COMPLETE
155,-0.5990164397485809,2025-12-04 13:34:11.915410,2025-12-04 13:34:35.888534,0 days 00:00:23.973124,0.7847129516175243,1.919152051657797,0.06867692724299991,6,7,6,454,3.7129049548076787,2.6960152105278885,1.1046808652003492,0.6887882841768055,3.583269454722555,0.5646677901905339,1.5445246118024083,COMPLETE
156,-0.5991038048963093,2025-12-04 13:34:11.948609,2025-12-04 13:34:36.559127,0 days 00:00:24.610518,0.7816853240259904,1.8818595219250929,0.06851265199040826,6,7,6,456,3.7483417850711103,2.6432285621301106,1.0671484577477972,0.6846971455599182,3.5708048049083034,0.5664915667806341,1.543253272073535,COMPLETE
157,-0.5923658885686302,2025-12-04 13:34:12.638999,2025-12-04 13:34:36.283957,0 days 00:00:23.644958,0.8027293930872867,1.911720107233689,0.061430841559284355,6,7,6,458,3.7034880735447855,2.6694773554086995,0.5319857251382742,0.6924962809393498,2.5880754305048734,0.5670313812825417,1.5362186517992151,COMPLETE
158,-0.5964341560938102,2025-12-04 13:34:13.032729,2025-12-04 13:34:37.253219,0 days 00:00:24.220490,0.8036782834224063,1.9012437377816107,0.06828840290332067,6,7,6,452,3.3729136918328155,2.712173717862323,0.7548278349554062,0.6890874285856186,3.6022206635173366,0.564114531465117,1.4004365394957357,COMPLETE
159,-0.6002257626819814,2025-12-04 13:34:13.607169,2025-12-04 13:34:37.738763,0 days 00:00:24.131594,0.8204385609482016,1.8966022557150546,0.06882651957851522,6,7,6,455,3.3545342590904816,2.792221244730447,0.9129906181054589,0.6931378732061574,3.5879716601193095,0.5687179465114662,1.5437430872504008,COMPLETE
160,-0.5975680745481876,2025-12-04 13:34:14.584347,2025-12-04 13:34:39.900290,0 days 00:00:25.315943,0.8201501524113053,1.936745964144625,0.06938164518094524,6,7,6,468,3.3513362201435495,2.4741184697719194,0.7808673718191467,0.683219328319702,3.6270580115818825,0.5929636084532294,1.422387878629137,COMPLETE
161,-0.5988360032351329,2025-12-04 13:34:14.891952,2025-12-04 13:34:39.109079,0 days 00:00:24.217127,0.8383544314627833,1.903483147851885,0.06859092449169882,6,7,6,452,3.3362467711415804,3.4989626737880424,0.9176239629290366,0.6890280501081869,3.5876802488003854,0.5671374590714128,1.4164994399468258,COMPLETE
162,-0.5895236851104804,2025-12-04 13:34:14.983090,2025-12-04 13:34:38.129696,0 days 00:00:23.146606,0.82683818790454,1.8969252792053304,0.06900283147834209,6,7,6,457,3.3476681547055516,2.4978962933892763,0.7696441520449468,0.6886821806477428,2.470710345990864,0.5936341182638244,1.3696856744912982,COMPLETE
163,-0.5966722932399497,2025-12-04 13:34:15.104195,2025-12-04 13:34:40.134214,0 days 00:00:25.030019,0.8321449121965199,1.9001219945178143,0.06908056645105065,6,7,6,459,3.35613059414783,4.083624696625515,0.6751241700550226,0.6838884185852279,3.6256352830805914,0.5923117228863447,1.405628582123128,COMPLETE
164,-0.5958078239357608,2025-12-04 13:34:16.001310,2025-12-04 13:34:41.489487,0 days 00:00:25.488177,0.825094437299737,1.910592184231633,0.06049746436796512,6,7,6,457,3.3329263317787183,2.856323073696762,0.9593566393233616,0.6850234171411703,3.588526212650743,0.5704085578186396,1.3851059790211622,COMPLETE
165,-0.5967952961036094,2025-12-04 13:34:17.072044,2025-12-04 13:34:42.319674,0 days 00:00:25.247630,0.8247487815711118,1.9439795160251923,0.061415883581679695,6,7,6,459,3.3504999721296826,3.979281800725777,1.0935933942532305,0.6826206728299544,3.631034457565556,0.5907355772777652,1.419961364179384,COMPLETE
166,-0.5933503336778537,2025-12-04 13:34:17.277628,2025-12-04 13:34:45.733204,0 days 00:00:28.455576,0.8224355963681789,1.9400199584677138,0.06208545000086036,6,8,6,457,3.2904070977809665,4.011781128470713,0.906718398696295,0.6788466929310322,3.630342514703648,0.5923132816548426,1.3485627726902565,COMPLETE
167,-0.5961803094673486,2025-12-04 13:34:18.851700,2025-12-04 13:34:47.756854,0 days 00:00:28.905154,0.8253750362223293,1.9289794700028586,0.06318632670856267,7,8,6,457,3.383664133355789,4.0189187985607,0.7656727512164534,0.6819689370053331,3.6183522190375297,0.588664886176926,1.4288048549875336,COMPLETE
168,-0.5958345491782978,2025-12-04 13:34:21.733173,2025-12-04 13:34:51.147970,0 days 00:00:29.414797,0.7746523199584396,1.8972046244039575,0.06162353267496324,6,8,6,455,3.3376225206913035,4.038510034639079,0.7454952289470198,0.6799164635586894,3.625077875813763,0.5865650038173608,1.427866677049074,COMPLETE
169,-0.5961622082233026,2025-12-04 13:34:22.039844,2025-12-04 13:34:50.543557,0 days 00:00:28.503713,0.7624851547625425,1.916665299396086,0.060362288953646,7,8,6,454,3.604297503706972,4.030743370797439,0.7614164138415817,0.6822749358098108,3.613915912263263,0.5906279854028754,1.4273849107080077,COMPLETE
170,-0.5955507126763067,2025-12-04 13:34:24.717992,2025-12-04 13:34:54.182898,0 days 00:00:29.464906,0.8221786497195467,1.9042209411453002,0.06174110835670001,7,8,6,457,3.2904821784166094,4.027009277005277,0.913600532799507,0.6823630870508013,3.631904109991756,0.591973204083635,1.4161587108554266,COMPLETE
171,-0.5933562385193243,2025-12-04 13:34:27.610124,2025-12-04 13:35:01.601249,0 days 00:00:33.991125,0.7738400057864577,0.21680717193141136,0.06252846952605419,7,8,6,454,3.322459847427358,3.969043262908079,0.9275507079185612,0.6825163532629228,3.479622041233021,0.5796063087207076,1.409030523566785,COMPLETE
172,-0.5953103935325221,2025-12-04 13:34:30.070503,2025-12-04 13:34:58.612591,0 days 00:00:28.542088,0.7717096981497243,0.2113885029154141,0.060818428242602834,6,7,6,456,3.288231579111166,3.9660085355778243,0.9223117215491208,0.6815395750573716,3.632535894079071,0.5879588239021556,1.345907445445016,COMPLETE
173,-0.5930844257716784,2025-12-04 13:34:31.169693,2025-12-04 13:35:05.293609,0 days 00:00:34.123916,0.7581271775455192,0.5228101450909326,0.06650848198095047,7,8,6,462,3.328692108056421,4.189956329710994,0.891979370121657,0.6803140477169817,3.6188032115029904,0.5873506051668078,1.4193962872341235,COMPLETE
174,-0.5945080070854947,2025-12-04 13:34:31.339282,2025-12-04 13:35:00.271598,0 days 00:00:28.932316,0.7742040005401863,0.525524880854122,0.06115800749391885,7,7,6,459,3.3857158117183035,4.145203196343987,1.0921994656079979,0.6776713634371451,3.6101245452482575,0.5957491596260973,1.453851887203689,COMPLETE
175,-0.594769833814484,2025-12-04 13:34:33.322382,2025-12-04 13:35:02.082531,0 days 00:00:28.760149,0.7605835942331521,0.17652033434845935,0.06365200945005893,7,7,6,461,3.2489978025535953,4.140935509841921,0.8991608044075047,0.6763751230288563,3.632869497593336,0.589186212400362,1.4141442808431364,COMPLETE
176,-0.5941045385881485,2025-12-04 13:34:35.098657,2025-12-04 13:35:09.607298,0 days 00:00:34.508641,0.8248153051348538,0.5061735638313017,0.06066320948630805,7,8,6,465,3.341522882062265,4.06496214055927,1.3158365536419065,0.6783476899616909,3.6306903765967182,0.591108750656658,1.4247847716852022,COMPLETE
177,-0.5917103550589392,2025-12-04 13:34:35.441008,2025-12-04 13:35:09.311968,0 days 00:00:33.870960,0.7590024031042665,0.2106565635534452,0.06243989959046566,7,8,6,464,3.336486223327406,3.8858422971171187,0.8918811695422588,0.6791130084551783,3.62667651568145,0.5945664306618006,1.4498607548725886,COMPLETE
178,-0.591674742577264,2025-12-04 13:34:35.889672,2025-12-04 13:35:10.911450,0 days 00:00:35.021778,0.7589066176551275,0.20432401961427987,0.06252245986798116,7,8,6,480,3.3071669532420622,4.068712559844161,0.9786174828042766,0.6781483470567765,3.628732610982186,0.5905771995675035,1.448317554019694,COMPLETE
179,-0.5877415219272781,2025-12-04 13:34:36.285094,2025-12-04 13:35:10.605132,0 days 00:00:34.320038,0.7619645230273783,0.5211550328075714,0.06103654137111151,7,8,6,480,3.33154144464572,4.043197829318217,1.3361577196250367,0.6741345824891286,2.754807836481864,0.5863903514311933,1.443580397079994,COMPLETE
180,-0.5931813835963679,2025-12-04 13:34:36.522582,2025-12-04 13:35:11.567883,0 days 00:00:35.045301,0.7581092669320219,0.19097095252035223,0.06160932811040322,7,8,5,473,3.339123871837195,3.990084190342212,0.9473432589363202,0.6795080343695038,3.6195805846777995,0.5837422535554613,1.431724868263646,COMPLETE
181,-0.5936479398554452,2025-12-04 13:34:36.560356,2025-12-04 13:35:11.225378,0 days 00:00:34.665022,0.7610389048921015,0.20667468333949568,0.0619540388694347,7,8,6,480,3.38635603378009,2.4779675382215034,0.9120425751486828,0.6794084880043633,3.6316006749537255,0.5810846144340585,1.4338023702902458,COMPLETE
182,-0.5882057809325645,2025-12-04 13:34:37.254431,2025-12-04 13:35:11.732295,0 days 00:00:34.477864,0.7624477823302475,0.17246604367039312,0.06112415310534968,7,8,5,471,3.259823177976797,3.992248280820043,0.9545463595411047,0.6776393658660493,2.751260466617322,0.5805345431997552,1.4436241299858823,COMPLETE
183,-0.5929710844579315,2025-12-04 13:34:37.739925,2025-12-04 13:35:12.893637,0 days 00:00:35.153712,0.7622050304204733,0.08635311883309468,0.05987319503702109,7,8,5,479,3.3651637460734123,3.9231624935968785,0.9420620352565816,0.6749578806483341,3.632095031850468,0.5803532960312917,1.51627715652992,COMPLETE
184,-0.5953790720930909,2025-12-04 13:34:38.130853,2025-12-04 13:35:09.702714,0 days 00:00:31.571861,0.7614345921311774,0.2040434911047695,0.0601604431315876,7,8,5,424,3.587187210949267,3.994100841033992,0.902452900093611,0.6769122731127958,3.468724949631439,0.5861188959859234,1.5227426318548807,COMPLETE
185,-0.5933203311159444,2025-12-04 13:34:39.110316,2025-12-04 13:35:14.805293,0 days 00:00:35.694977,0.8199713836630161,0.20414806574099792,0.0612862559161259,7,8,5,481,3.9488930684243346,4.018608011239704,0.9614631612801905,0.6777943644987617,3.6307248486487866,0.5804284917289476,1.4470320289278185,COMPLETE
186,-0.5907268024811417,2025-12-04 13:34:39.901448,2025-12-04 13:35:15.100924,0 days 00:00:35.199476,0.7573202186210793,0.5317145683153527,0.06138001791431928,7,8,6,482,3.1996772845119725,4.000199496884531,0.9406771016552345,0.6752902974953694,3.631662393437461,0.5819172921558872,1.3094378377618592,COMPLETE
187,-0.5977232126514025,2025-12-04 13:34:40.135396,2025-12-04 13:35:09.865053,0 days 00:00:29.729657,0.7622428204022113,1.9951475404871277,0.0623112522403277,7,8,5,481,3.1424652072612727,3.941856141409352,0.9319132936993755,0.6709073973985917,3.464401597920358,0.5811353375583372,1.5250172237126722,COMPLETE
188,-0.5941732537700845,2025-12-04 13:34:41.490669,2025-12-04 13:35:16.746672,0 days 00:00:35.256003,0.756811181204892,0.5186553569078659,0.0629424116334024,7,8,5,477,3.571051479164403,3.859460172006091,0.9090599628381937,0.6752145696049282,3.4791647083213397,0.5805104422909566,1.5140569739635317,COMPLETE
189,-0.5917226380746224,2025-12-04 13:34:42.320762,2025-12-04 13:35:17.384620,0 days 00:00:35.063858,0.7489978540304124,0.19492760461469236,0.06297226707185258,7,8,5,476,3.148882850343696,3.8157107111674673,0.9270897974012334,0.6765244731548217,3.4736882817502543,0.5807472933326533,1.3084562939935347,COMPLETE
190,-0.5933939219615258,2025-12-04 13:34:45.734451,2025-12-04 13:35:21.081311,0 days 00:00:35.346860,0.7947680836540365,0.5144790776372935,0.06553273670485925,7,8,5,480,3.587546285066942,3.51775266438001,1.1913049768208817,0.6704656625530301,3.481658781154297,0.5798390195243349,1.5120855120295922,COMPLETE
191,-0.598183780387912,2025-12-04 13:34:47.757841,2025-12-04 13:35:17.230487,0 days 00:00:29.472646,0.7513531603516705,0.5283984888761843,0.06523181204532737,7,7,5,478,3.102856609252791,3.826199440272203,1.04979846227534,0.6741391871552724,3.485254972047566,0.5789424305660787,1.509001714863012,COMPLETE
192,-0.5974139076772329,2025-12-04 13:34:50.544800,2025-12-04 13:35:19.625618,0 days 00:00:29.080818,0.7625409799823226,0.5122127644132217,0.06446355588992699,7,7,5,481,3.181641996312514,3.4337682358361516,1.0372022371440337,0.6711214435439081,3.4861954175091836,0.5498828437793011,1.5096704123065472,COMPLETE
193,-0.5960337671271064,2025-12-04 13:34:51.149361,2025-12-04 13:35:20.427817,0 days 00:00:29.278456,0.7960828114667446,0.16656074296864867,0.06524667089115456,7,7,7,477,3.1057887787055414,3.47481860634904,1.2254190348391387,0.6732797538994395,3.4707089879292163,0.579845308953372,1.5019611090974523,COMPLETE
194,-0.59751288810345,2025-12-04 13:34:54.184002,2025-12-04 13:35:23.403014,0 days 00:00:29.219012,0.7616552081687401,0.20493676239351405,0.0662113429214703,7,7,5,482,3.598171571185828,3.49026123656371,1.2155997000375485,0.6725796227798606,3.485095510506691,0.5811811105653839,1.5157633238183075,COMPLETE
195,-0.5963786869369765,2025-12-04 13:34:58.614136,2025-12-04 13:35:28.237557,0 days 00:00:29.623421,0.7981408023807063,0.5224261611780785,0.0660293984260699,7,7,5,484,3.894376928642785,3.8157501204570985,1.005870210198578,0.6715723955614977,3.4687073729619593,0.5796516894129992,1.4694972105247441,COMPLETE
196,-0.5974592167049038,2025-12-04 13:35:00.272857,2025-12-04 13:35:26.301999,0 days 00:00:26.029142,0.7582591333712034,0.12849961006791,0.0652937518229724,7,7,5,424,3.1117446994832405,3.4643804568875174,1.3377113247140133,0.6681886041747476,3.476144535377963,0.5769362657934618,1.490116741364657,COMPLETE
197,-0.5971663947882954,2025-12-04 13:35:01.602751,2025-12-04 13:35:30.419014,0 days 00:00:28.816263,0.7606589983839146,0.12186657865962794,0.06575315639469476,7,7,5,483,3.9043248507440613,3.493320365328258,1.3420888907535413,0.6674776789202642,3.4810625671498894,0.5785957882070868,1.5090778478276738,COMPLETE
198,-0.5969649403988144,2025-12-04 13:35:02.083537,2025-12-04 13:35:28.671375,0 days 00:00:26.587838,0.8462402322277836,1.9865864287302477,0.06554681529467288,6,7,5,480,3.924395641847993,3.4835070028429564,1.154518945267444,0.6692917192700457,3.476767412907359,0.5771491413782667,1.5185868043236388,COMPLETE
199,-0.5970424842100398,2025-12-04 13:35:05.295068,2025-12-04 13:35:30.634908,0 days 00:00:25.339840,0.7965004959007111,1.993589870751998,0.07419068283669476,6,7,5,479,3.958782786817151,3.4971049504813623,1.2237959841882033,0.6733047390704562,3.4672163590504406,0.5780862218936811,1.5159335795927122,COMPLETE
200,-0.5976349454011298,2025-12-04 13:35:09.312970,2025-12-04 13:35:33.906156,0 days 00:00:24.593186,0.8434174440402996,1.999905876448243,0.07417498447385573,6,7,5,479,3.1209280545770755,3.50789535012793,1.0436999759806798,0.6982447786231806,3.4867853732736274,0.5766177732836479,1.514051645012211,COMPLETE
201,-0.596570227520283,2025-12-04 13:35:09.608666,2025-12-04 13:35:38.584261,0 days 00:00:28.975595,0.8471273471351849,0.08327066075586909,0.0760137494958291,6,7,5,479,3.9234928099453663,3.4810161404233364,1.037893742392098,0.6688032299770446,3.4696743052463255,0.578219379002298,1.5080962638142248,COMPLETE
202,-0.600252077571408,2025-12-04 13:35:09.703968,2025-12-04 13:35:35.450651,0 days 00:00:25.746683,0.849213890300967,1.9712501661070445,0.07382089254804244,6,7,5,483,3.935934021217051,2.863667937466703,0.9997460774506723,0.6714876780469282,3.4622304477182984,0.5496939277452427,1.5196912297087413,COMPLETE
203,-0.5992114918536016,2025-12-04 13:35:09.866020,2025-12-04 13:35:38.194585,0 days 00:00:28.328565,0.7971876201136798,0.08169472688450559,0.05646995976959516,6,7,7,483,3.9327098258495514,3.4601217895329723,1.1765822741822745,0.666201347815191,3.4747106497047566,0.5500908389736785,1.4942506378651719,COMPLETE
204,-0.5974898528304214,2025-12-04 13:35:10.606097,2025-12-04 13:35:35.980630,0 days 00:00:25.374533,0.7905418592431716,0.37522163533731323,0.07661773633881734,6,7,7,427,3.913593815699668,3.4929356228515376,1.0191702102803888,0.7005322350289153,3.4754679694198694,0.5524767771175556,1.4932732389886443,COMPLETE
205,-0.6016671409712897,2025-12-04 13:35:10.912441,2025-12-04 13:35:35.938095,0 days 00:00:25.025654,0.7948386963597568,0.08012825420920563,0.07433011181162871,6,7,7,425,3.9101541162047795,2.827498624069004,1.0363508453400927,0.6677653086030225,3.4662560113753766,0.54831921992009,1.6863695006600345,COMPLETE
206,-0.5980976057483797,2025-12-04 13:35:11.226363,2025-12-04 13:35:36.385068,0 days 00:00:25.158705,0.8469656603964402,0.3728340128837544,0.07456655634591737,6,7,7,424,3.9304879230810807,3.4894551872345425,1.0256779476070765,0.6995757182620014,3.475903899366586,0.547288426557381,1.4929162297739018,COMPLETE
207,-0.5999041902412672,2025-12-04 13:35:11.569071,2025-12-04 13:35:36.485156,0 days 00:00:24.916085,0.7968327170065781,0.10101537675580102,0.07398181993094718,6,7,7,424,3.8508401537988077,3.4797692041625776,1.0149960898932822,0.7102216800559039,3.491444471488519,0.5477337535044855,1.4940637902419291,COMPLETE
208,-0.5996509547057032,2025-12-04 13:35:11.733382,2025-12-04 13:35:36.932077,0 days 00:00:25.198695,0.8446432566617212,0.26691700933436147,0.07400698555279442,6,7,7,423,3.9168653354254204,2.816156569925955,1.2262180032337604,0.6657243638662907,3.4730768592552783,0.5481474927320257,1.6810348592620394,COMPLETE
209,-0.5977879987781775,2025-12-04 13:35:12.894704,2025-12-04 13:35:37.651552,0 days 00:00:24.756848,0.7952846576456832,0.3852709396548044,0.07373542912665412,6,7,7,424,3.9093886468470114,3.5440270242653757,1.0256818072033058,0.6998958035206635,3.471718258099662,0.55005281187239,1.4936956725372281,COMPLETE
210,-0.6013020262518766,2025-12-04 13:35:14.806411,2025-12-04 13:35:37.124782,0 days 00:00:22.318371,0.7977570728512582,1.8564837085267232,0.07474247148089323,6,7,7,424,3.8676126203690426,3.4699413441011537,1.049871963678556,0.7015290565048894,3.486722689539819,0.5476709854430329,1.6715195163514656,COMPLETE
211,-0.5982286975484162,2025-12-04 13:35:15.101902,2025-12-04 13:35:39.912012,0 days 00:00:24.810110,0.8452665111186595,0.37255363869889857,0.07394986818533889,6,7,7,424,3.8759560876822983,3.4749312916967963,1.029156152192913,0.702191744759782,3.4666106221864603,0.5473577196789925,1.5058516979439134,COMPLETE
212,-0.5992509934987921,2025-12-04 13:35:16.747773,2025-12-04 13:35:41.759620,0 days 00:00:25.011847,0.7966552747737556,0.40688179382461015,0.0747076695810731,6,7,7,423,3.851188159862272,2.8294169846158677,0.8035160775376872,0.7004149291174928,3.5490943944484146,0.5494528675628667,1.6769720112880468,COMPLETE
213,-0.5988229381178584,2025-12-04 13:35:17.231450,2025-12-04 13:35:42.987522,0 days 00:00:25.756072,0.8463593618494331,0.36473840190421264,0.07472019766277252,6,7,7,421,3.851815733289896,3.4865356068060853,0.8029238186023785,0.7004473915712134,3.544598087376047,0.5577672075777177,1.6758851697013357,COMPLETE
214,-0.5974326231886989,2025-12-04 13:35:17.386363,2025-12-04 13:35:42.635490,0 days 00:00:25.249127,0.7940523990508981,0.6303066243156026,0.07405484522939211,8,7,7,425,3.902087529934667,3.481474439795917,1.033686451980892,0.6666419658730753,3.552275390273169,0.5503017457385198,1.6597938296963055,COMPLETE
215,-0.601537621540277,2025-12-04 13:35:19.626781,2025-12-04 13:35:45.633097,0 days 00:00:26.006316,0.8472588208931595,0.3660644741895304,0.07522232937866971,6,7,7,427,3.861231234148857,2.8269839498335383,1.171184681548986,0.7010557738657847,3.5537848524094655,0.5571028298270508,1.7798025451177275,COMPLETE
216,-0.5988796958768633,2025-12-04 13:35:20.428828,2025-12-04 13:35:45.718949,0 days 00:00:25.290121,0.7965926488450394,0.3857357259144903,0.07417234071688938,6,7,7,422,3.858619293221552,2.8311857889784875,1.0228292022749335,0.6648035174223402,3.5524218483070484,0.5497864776402214,1.6773673056928828,COMPLETE
217,-0.6002060972225007,2025-12-04 13:35:21.082391,2025-12-04 13:35:46.387899,0 days 00:00:25.305508,0.8466904440884105,0.5905098077528299,0.07464230413433685,6,7,7,422,3.891425184443354,2.8923399983187057,1.1429341042037502,0.7006379922755366,3.5561739146125286,0.5566341372680117,1.6681565912358172,COMPLETE
218,-0.5996906848351755,2025-12-04 13:35:23.404779,2025-12-04 13:35:48.800784,0 days 00:00:25.396005,0.7887582980278369,0.37080884995678237,0.07326148176178732,8,7,7,426,3.8602910735488773,2.821834819749037,1.136493834112515,0.7090214915619113,3.5453797442950505,0.5470967549379672,1.6745883265341215,COMPLETE
219,-0.5988351905317457,2025-12-04 13:35:26.303210,2025-12-04 13:35:52.176873,0 days 00:00:25.873663,0.789109212028167,0.3924566188918024,0.07413611316684508,6,7,7,429,3.8757945282787363,2.813764296923325,0.8357071087763107,0.702115088263158,3.5437747590979027,0.5550985637748446,1.6777603120505402,COMPLETE
220,-0.5994082719767135,2025-12-04 13:35:28.238950,2025-12-04 13:35:54.401615,0 days 00:00:26.162665,0.8539400579747815,0.3787313948160078,0.07393414438471232,8,7,7,431,3.8449570020226824,2.900941847295611,1.0549508122562723,0.7006802719485623,3.536713642805584,0.5492954300572054,1.6633701073589837,COMPLETE
221,-0.5980792268508082,2025-12-04 13:35:28.672554,2025-12-04 13:35:54.486260,0 days 00:00:25.813706,0.7903452295132509,0.5958385783579649,0.07430500028594911,6,7,7,433,3.849303256878938,2.858514345850476,0.8018416097956363,0.7006738163512224,3.5470962521509377,0.5551877610935833,1.6690280148485284,COMPLETE
222,-0.5989446671182407,2025-12-04 13:35:30.420168,2025-12-04 13:35:55.932477,0 days 00:00:25.512309,0.7870575950755483,0.2835145589726257,0.07416849233712611,6,7,7,427,3.8424504237679393,2.8326120810559017,0.8103381269178455,0.7007664391741693,3.548051361029613,0.5532123368862235,1.6745594588334352,COMPLETE
223,-0.5996837484741067,2025-12-04 13:35:30.636042,2025-12-04 13:35:56.169205,0 days 00:00:25.533163,0.7893557938206983,0.4015475198275892,0.07357945989530525,8,7,7,430,3.8277179316763053,3.166003614625832,0.8271839370212042,0.701055035701912,3.553902151572543,0.5550020102894844,1.6924756515072847,COMPLETE
224,-0.5982099481078762,2025-12-04 13:35:33.907285,2025-12-04 13:35:59.520692,0 days 00:00:25.613407,0.7874157553545382,0.3873558834316014,0.07660084756703389,6,7,7,430,3.842175613542334,2.819658677912385,0.8613483322494336,0.7110424595849972,3.5503700097621658,0.5535062537777541,1.6684126329002007,COMPLETE
225,-0.5981477154827155,2025-12-04 13:35:35.451845,2025-12-04 13:36:00.829669,0 days 00:00:25.377824,0.7854061524008974,0.38910336038295107,0.07749342528163793,8,7,7,427,3.809428676981475,2.848327154588905,0.8114960116726411,0.7082965462269543,3.5386887742563062,0.5516514715276368,1.6744098470371938,COMPLETE
226,-0.5977517507171363,2025-12-04 13:35:35.939108,2025-12-04 13:36:00.939824,0 days 00:00:25.000716,0.7887976611591536,0.3066812374953897,0.07823162251080588,6,7,7,421,3.831306922880664,2.8469433117124887,0.8045124585681523,0.7106870481505907,3.545607591962321,0.5559726835727632,1.6772726437955239,COMPLETE
227,-0.5980996596974908,2025-12-04 13:35:35.981607,2025-12-04 13:36:01.728329,0 days 00:00:25.746722,0.8580459718239836,0.3892607926879045,0.07327891662631285,6,7,7,429,3.8278695840805295,2.811743138951217,0.8037696115665109,0.7098684361303482,3.5477146536310826,0.5464088638295105,1.6755112979454554,COMPLETE
228,-0.5969348579843622,2025-12-04 13:35:36.386181,2025-12-04 13:36:01.849933,0 days 00:00:25.463752,0.7864142751506091,0.27570783482853006,0.07876344292867637,6,7,7,433,3.8297040103485527,2.8318332975583203,0.8018067853149979,0.7073506956678762,3.5588135490156,0.5560146668385068,1.6784869034081595,COMPLETE
229,-0.5985923179801032,2025-12-04 13:35:36.486264,2025-12-04 13:36:02.284654,0 days 00:00:25.798390,0.8545555856638107,0.2754285918953503,0.07987324929266171,6,7,7,430,3.8407273026904325,2.8390078546719475,0.8364654578615192,0.709008683618916,3.3701125381647326,0.5575749584521221,1.694117409419189,COMPLETE
230,-0.599997206662684,2025-12-04 13:35:36.933125,2025-12-04 13:36:02.981821,0 days 00:00:26.048696,0.8614938747218154,0.2653503185628309,0.07890147899768842,6,7,7,433,3.8048760142874034,2.864467609858889,1.1340661907622833,0.6539229509836475,3.5408316767083767,0.5451822569220505,1.6788898042875955,COMPLETE
231,-0.5998470473756602,2025-12-04 13:35:37.125912,2025-12-04 13:36:02.710197,0 days 00:00:25.584285,0.7892080811214723,0.061358523109900046,0.07940777112473023,6,7,7,431,3.839135731066703,2.8519856997170168,1.1264198931047884,0.6520581754543985,3.5461250599360272,0.5554341381535972,1.6746061068649898,COMPLETE
232,-0.5982565870916403,2025-12-04 13:35:37.652571,2025-12-04 13:36:03.632666,0 days 00:00:25.980095,0.858618630079854,0.08243769557802523,0.07742246367965382,6,7,7,431,3.8348300703736604,3.1723994206610553,1.1157969919119841,0.6597532311824857,3.3745741287261874,0.5577850390665171,1.6685536703254027,COMPLETE
233,-0.5977200397593401,2025-12-04 13:35:38.195752,2025-12-04 13:36:04.403266,0 days 00:00:26.207514,0.7873647046100619,0.0938599218361982,0.08028528068269936,6,7,7,445,3.81445378154319,2.861747933655174,1.0749762133235938,0.6577545017735529,3.551542953640889,0.5554225322168911,1.6770990784902304,COMPLETE
234,-0.5987147148806876,2025-12-04 13:35:38.585341,2025-12-04 13:36:02.450914,0 days 00:00:23.865573,0.7887576876028112,1.8688702827024626,0.08030041517870222,6,7,7,432,3.804818676683488,3.1764665155580736,1.069544031365162,0.6583102055548574,3.5553349631453086,0.5574190501698147,1.674723684571612,COMPLETE
235,-0.5983968085559983,2025-12-04 13:35:39.913136,2025-12-04 13:36:02.991937,0 days 00:00:23.078801,0.7870688425990677,1.8689961237183783,0.07972843985042427,6,7,7,445,3.7952742519522946,3.1897128006858533,1.1283446953362661,0.7109602941414251,3.373933360442575,0.556889523537725,1.6841286103568316,COMPLETE
236,-0.5997793364633094,2025-12-04 13:35:41.760767,2025-12-04 13:36:05.579846,0 days 00:00:23.819079,0.7866585773998597,1.8556305324866238,0.08027670261227451,6,7,7,432,3.8348982368646856,2.8477490361067748,1.1315130370710593,0.6592504566217632,3.545902996537881,0.556003168050256,1.6779049534594481,COMPLETE
237,-0.5994398662038353,2025-12-04 13:35:42.636459,2025-12-04 13:36:09.775030,0 days 00:00:27.138571,0.8632962361076983,0.0714536728292709,0.07893470123238985,6,7,7,445,3.7772887220757596,2.8867209354685692,1.1465689307909879,0.6549895073812927,3.5371475789860756,0.5573643584541126,1.677865999652316,COMPLETE
238,-0.5973217057027481,2025-12-04 13:35:42.988657,2025-12-04 13:36:09.511670,0 days 00:00:26.523013,0.8594997701055738,0.25981183572577304,0.07923373502504355,6,7,7,434,3.8214851434628687,2.837453350906069,1.1292646135599456,0.6560151083252896,3.5417291598886655,0.5574950163982451,1.6780952676716128,COMPLETE
239,-0.6004173925706888,2025-12-04 13:35:45.634223,2025-12-04 13:36:12.119658,0 days 00:00:26.485435,0.8575378515237252,0.07062196498116918,0.08031042297896307,6,7,7,432,3.804571834038183,2.8349179876576405,1.1455129150436338,0.7100411242861939,3.5358512220028775,0.5447278831931254,1.6901547530002088,COMPLETE
240,-0.5984587255009894,2025-12-04 13:35:45.720221,2025-12-04 13:36:12.166823,0 days 00:00:26.446602,0.8590951927631834,0.07092472206850282,0.0799301639573941,6,7,7,433,3.8125718371550774,2.868096379822479,1.129804322429411,0.6537231141904704,3.5270740335893938,0.5441737405717828,1.6840655884788234,COMPLETE
241,-0.5988879175005729,2025-12-04 13:35:46.388959,2025-12-04 13:36:12.256849,0 days 00:00:25.867890,0.8584009224180822,0.26939485687659087,0.08186604133340042,6,7,7,433,3.8024892896809996,2.7694017572037573,1.143317916411063,0.7092177533111907,3.5462246386303486,0.5253936994019983,1.6679755715711695,COMPLETE
242,-0.5998992621626043,2025-12-04 13:35:48.801924,2025-12-04 13:36:14.812854,0 days 00:00:26.010930,0.8579603785310648,0.266844933456327,0.08037642332198561,6,7,7,430,3.8086873152632164,2.8921103170440836,1.1178439325510254,0.655527529076894,3.541315722069215,0.5248176876748545,1.6967181368705286,COMPLETE
243,-0.5993891554957432,2025-12-04 13:35:52.178199,2025-12-04 13:36:18.689554,0 days 00:00:26.511355,0.8066774369675727,0.05879933183661171,0.079594280433771,8,7,7,445,3.802807271946979,2.893780354504602,1.1441481127146877,0.7092565745676033,3.373167793078914,0.5260574120105255,1.7561978237293705,COMPLETE
244,-0.5989141535107091,2025-12-04 13:35:54.402727,2025-12-04 13:36:20.623950,0 days 00:00:26.221223,0.8526195885896154,0.291462167198864,0.07958053440122412,8,7,7,432,3.8119688648144203,2.8959342300170943,1.1445897615004095,0.7112864051774637,3.540086082799051,0.5278644228388454,1.7060251983193395,COMPLETE
245,-0.5985729007901166,2025-12-04 13:35:54.487213,2025-12-04 13:36:21.793232,0 days 00:00:27.306019,0.870554634329824,0.27178368406018255,0.08132065447292287,8,7,7,445,3.7980092927796023,2.7663347947992456,1.1380671128761666,0.7095673073114098,3.5435684224447153,0.5242914335531639,1.7412969216457195,COMPLETE
246,-0.5997302115516141,2025-12-04 13:35:55.933821,2025-12-04 13:36:22.924641,0 days 00:00:26.990820,0.8549276635118928,0.2634164095346423,0.08118719737926683,9,7,7,446,4.014512766179944,3.1749354764351265,1.135027894134265,0.6532585812466627,3.374441682337031,0.5233420309892823,1.7645060086178919,COMPLETE
247,-0.6000445615796329,2025-12-04 13:35:56.170659,2025-12-04 13:36:22.816307,0 days 00:00:26.645648,0.8560826028409907,0.2798332678630707,0.08060794192526882,8,7,7,442,4.005508857238745,2.9103859750804952,1.140369527767989,0.7100345508892065,3.5247727496219508,0.5440043799237565,1.742571100989158,COMPLETE
248,-0.5993321667109188,2025-12-04 13:35:59.522004,2025-12-04 13:36:26.207272,0 days 00:00:26.685268,0.8549847168921436,0.08416423976720606,0.0803976812115324,9,7,7,440,3.9999080544222947,3.1868166356049357,1.0770659639721025,0.6545626224795914,3.5217104315106513,0.5447216716329715,1.7201778004103447,COMPLETE
249,-0.5983762580053883,2025-12-04 13:36:00.830902,2025-12-04 13:36:27.449975,0 days 00:00:26.619073,0.8573301126066787,0.06424371259137915,0.08098229933415486,8,7,7,443,3.988425572953095,2.9240056353988493,1.0711696390337457,0.6576795493042696,3.362712454341864,0.5239423103664514,1.7488988246591841,COMPLETE
250,-0.6004263678974636,2025-12-04 13:36:00.940906,2025-12-04 13:36:27.533009,0 days 00:00:26.592103,0.8582387077152221,0.06948510231028984,0.081490705038651,9,7,7,442,4.03672249063709,3.737692583136866,1.1403240478327303,0.6562098770619115,3.5413387197022,0.5227087124948201,1.7448515460195786,COMPLETE
251,-0.6003960760259016,2025-12-04 13:36:01.729312,2025-12-04 13:36:27.883050,0 days 00:00:26.153738,0.855263016941719,0.2691914866279375,0.08187974713452784,8,7,8,441,4.021632247857278,3.180642700212312,1.143910326156992,0.6550556050717015,3.524653301663821,0.5239601782801078,1.7531656097087533,COMPLETE
252,-0.5978977947226402,2025-12-04 13:36:01.851097,2025-12-04 13:36:28.316012,0 days 00:00:26.464915,0.8581455556937996,0.0729135917030767,0.08188101335483766,9,7,8,446,4.017604394135196,3.218466452707921,1.144970382565523,0.6919178194112826,3.3892300326027724,0.5273692416705025,1.7362460343088413,COMPLETE
253,-0.598331069939671,2025-12-04 13:36:02.285624,2025-12-04 13:36:28.687421,0 days 00:00:26.401797,0.8715048467354147,0.009714834391609903,0.08282787766528432,9,7,8,445,4.010664586127165,3.7026220256136826,1.1427819333960372,0.6503455131929229,3.3797060243897357,0.5428883689682502,1.760112160069583,COMPLETE
254,-0.5529807110627947,2025-12-04 13:36:02.451997,2025-12-04 13:36:28.633990,0 days 00:00:26.181993,0.8072248219142335,0.0587177598372745,0.08174214201543005,8,7,8,445,3.5665871693628755,3.6904895956635233,1.1605073034022382,0.6520306588084188,1.5542149104658822,0.5426169037556593,1.7462303336329208,COMPLETE
255,-0.5984485121343118,2025-12-04 13:36:02.711307,2025-12-04 13:36:28.459204,0 days 00:00:25.747897,0.8084921507154444,0.05357417611418841,0.08291657946105156,9,7,8,442,4.011488849542797,3.7241402703410746,1.1378709308064008,0.64830103419182,3.5227716529640842,0.5272511984574163,1.7522500186370098,COMPLETE
256,-0.5986692421563684,2025-12-04 13:36:02.982955,2025-12-04 13:36:29.529804,0 days 00:00:26.546849,0.8596327401895302,0.05669847423039598,0.08393551482273418,8,7,8,442,3.9945481005980863,2.369596797730511,1.121729419449133,0.6464902733254385,3.5237731145967564,0.5440732808354025,1.755417132022789,COMPLETE
257,-0.5979362509888353,2025-12-04 13:36:02.996195,2025-12-04 13:36:29.232762,0 days 00:00:26.236567,0.865829251033913,0.06494313384630129,0.0829907502019155,9,7,8,445,3.9923459415542686,2.9410801255309376,1.1680024391484796,0.6534592598970721,3.520315651759098,0.5435690607995726,1.7622642123046106,COMPLETE
258,-0.5999954653109758,2025-12-04 13:36:03.633704,2025-12-04 13:36:28.503174,0 days 00:00:24.869470,0.8735117527299718,0.43425832301348677,0.08198742944331314,8,7,8,416,3.998489762104269,2.9691382485114075,1.1503534640297652,0.6496569343560105,3.5158146163494806,0.5274363964071179,1.733124351113471,COMPLETE
259,-0.599729088767857,2025-12-04 13:36:04.404492,2025-12-04 13:36:28.841978,0 days 00:00:24.437486,0.8042783322303713,0.04719138497926109,0.0832870575183421,8,7,8,417,4.008178289036808,2.9664078186118705,1.1810855743617164,0.6518144131405169,3.517659710625422,0.521158363927134,1.772760127877905,COMPLETE
260,-0.5982990309290892,2025-12-04 13:36:05.580907,2025-12-04 13:36:32.172692,0 days 00:00:26.591785,0.8061650761834592,0.04265241524315472,0.08392386814005973,8,7,8,444,4.02350135377273,2.946990390066875,1.1598180690870978,0.6434725987882877,3.514089473904538,0.5271617683724761,1.7580333917947095,COMPLETE
261,-0.5495912727504277,2025-12-04 13:36:09.512826,2025-12-04 13:36:34.665653,0 days 00:00:25.152827,0.8702168520059798,0.0548863021073161,0.08398854900346636,8,7,8,417,4.012644629304819,2.9261831807589345,1.1698987455119552,0.6438523514380964,1.466110431821162,0.5413515171245531,1.750975063847498,COMPLETE
262,-0.5518422449160535,2025-12-04 13:36:09.776261,2025-12-04 13:36:34.989715,0 days 00:00:25.213454,0.8735927293208006,0.02830835901234898,0.0834004129651686,9,7,8,417,4.014937315564017,2.9406240515824056,1.163693698406,0.6445122048737368,1.497552389080604,0.5292903677001373,1.754971103641533,COMPLETE
263,-0.5500738905591043,2025-12-04 13:36:12.120970,2025-12-04 13:36:33.619948,0 days 00:00:21.498978,0.8624279208294254,0.014589456016368407,0.08404248236372801,9,6,8,418,4.012882110670964,2.9352582941146976,1.157886862352929,0.6469577809343156,1.4904843357347135,0.5267607663155254,1.7545369841898903,COMPLETE
264,-0.5999557100287514,2025-12-04 13:36:12.167913,2025-12-04 13:36:37.766821,0 days 00:00:25.598908,0.8748620682573772,0.025746596889271896,0.08419465530878922,9,7,8,417,4.001836180281015,2.9456195570733668,1.1655654506769484,0.6504175994272705,3.5136190381349235,0.5267096511767578,1.7535799117329023,COMPLETE
265,-0.5973791889985514,2025-12-04 13:36:12.259566,2025-12-04 13:36:20.628431,0 days 00:00:08.368865,0.8716293266772291,0.04941972671541344,0.08456315975049045,9,7,7,125,4.013404195223282,3.2882823247915045,1.172579142082953,0.6539541932013224,3.5131881435730485,0.5412526711090908,1.7682266873424641,COMPLETE
266,-0.6011081552144463,2025-12-04 13:36:14.814095,2025-12-04 13:36:39.947599,0 days 00:00:25.133504,0.8705530674843165,0.041915869769782316,0.08441989321705627,8,7,8,416,4.027451676086472,2.9509405707509004,1.0927717131384747,0.64761919026449,3.522042098271152,0.5416565328205506,1.7582727024197777,COMPLETE
267,-0.6001671860034988,2025-12-04 13:36:18.690552,2025-12-04 13:36:43.331050,0 days 00:00:24.640498,0.8703606474272653,0.008393619398435026,0.0833885040759568,9,7,8,418,3.562296206362854,2.972636016384164,1.1714383769420618,0.7229237754901976,3.518070972331927,0.5194927258447936,1.7319432204447147,COMPLETE
268,-0.5896051332811758,2025-12-04 13:36:20.625369,2025-12-04 13:36:46.812821,0 days 00:00:26.187452,0.8669725276286572,0.14086585055623646,0.015156274396282924,9,7,8,417,4.016703658161604,2.948983850946749,1.1796077429785408,0.6459496690548413,3.515950249324952,0.543265389865636,1.7614398882456777,COMPLETE
269,-0.5582500275071521,2025-12-04 13:36:20.630252,2025-12-04 13:36:45.477413,0 days 00:00:24.847161,0.875062052028716,0.43122981026480445,0.0845239390879729,8,7,8,417,4.02248109334172,2.962983720451578,1.2013119427199244,0.6503548568026407,1.6595884472818605,0.527483189851573,1.7501409848021445,COMPLETE
270,-0.6003448183673087,2025-12-04 13:36:21.794364,2025-12-04 13:36:46.592253,0 days 00:00:24.797889,0.8378069456617582,0.018601217116881015,0.08582510359728919,8,7,8,418,4.026749118522428,2.9927557353962713,1.1963430438631681,0.6491185257590121,3.5121793680026885,0.5425639979838413,1.7295170919250713,COMPLETE
271,-0.6006587364735072,2025-12-04 13:36:22.817555,2025-12-04 13:36:44.338497,0 days 00:00:21.520942,0.864542351401039,0.005429020348191822,0.08309109869230992,8,6,8,417,4.002039994646191,2.9625622278810635,1.1833162388859524,0.6488269222202296,3.509250178797854,0.5425160637144744,1.7322346635864103,COMPLETE
272,-0.5992291117743243,2025-12-04 13:36:22.925933,2025-12-04 13:36:47.824654,0 days 00:00:24.898721,0.8369611608440011,0.45506492587258174,0.08569784452071427,9,7,8,419,3.9946918108100546,3.005491444419091,1.1931176952769211,0.6623270952641367,3.515424628382039,0.5437634294274778,1.6043308316112699,COMPLETE
273,-0.6008570312352908,2025-12-04 13:36:26.208515,2025-12-04 13:36:50.503147,0 days 00:00:24.294632,0.8759177292463385,0.0010728290408428265,0.08447315119199278,9,7,8,416,4.014327803344403,2.9614765379935064,1.1960406207194996,0.6501302932402854,3.5208379481066534,0.5400920563639247,1.6260934143833,COMPLETE
274,-0.5998597079393883,2025-12-04 13:36:27.451229,2025-12-04 13:36:52.334388,0 days 00:00:24.883159,0.8660127515609682,0.010669844173308636,0.08407218325887585,10,7,8,417,4.003612447466907,2.9736120247510813,1.1889934003552163,0.6440551881599457,3.510080433830645,0.5415510630956499,1.6224617010136948,COMPLETE
275,-0.5795426369462938,2025-12-04 13:36:27.533986,2025-12-04 13:36:52.513478,0 days 00:00:24.979492,0.876235211329881,0.15159325047975902,0.08533089426712574,9,7,7,417,4.0274783713799955,3.0451445965955046,1.1931090046741284,0.6473534540894048,3.510456681139084,0.8136386620321159,1.628681303386358,COMPLETE
276,-0.6007126606173387,2025-12-04 13:36:27.884389,2025-12-04 13:36:48.729308,0 days 00:00:20.844919,0.8791730753879448,0.1287867132624518,0.08529074988760246,9,6,8,414,4.04059252269446,3.0161134312495776,1.2621660168711504,0.6479129732762624,3.508007507970151,0.5127948104147912,1.620703930931944,COMPLETE
277,-0.5987013583319947,2025-12-04 13:36:28.317042,2025-12-04 13:36:49.098557,0 days 00:00:20.781515,0.8395155956981134,0.1441446297199824,0.08591513431086822,10,6,8,416,4.02138540399657,2.9729637512315312,1.173009227570014,0.6406058114882001,3.5074225053110717,0.511980972534179,1.8128600290837638,COMPLETE
278,-0.5663847055911476,2025-12-04 13:36:28.460287,2025-12-04 13:36:49.273122,0 days 00:00:20.812835,0.8662984866422166,0.1396528695652236,0.08612649442967327,9,6,8,416,3.5965285543182985,3.0937264115410583,1.2039741736877774,0.6428230491242295,1.708155002761786,0.5144565685623583,1.6207220684625987,COMPLETE
279,-0.5812345821492462,2025-12-04 13:36:28.504964,2025-12-04 13:36:50.459282,0 days 00:00:21.954318,0.8814743423634063,0.46858663127662786,0.01300507808358538,8,6,8,417,4.041554816276365,3.0162984264515598,1.200705755446597,0.6438175267320683,3.501852780059995,0.5128448204333382,1.6188881319469033,COMPLETE
280,-0.5999801896915218,2025-12-04 13:36:28.635567,2025-12-04 13:36:49.815659,0 days 00:00:21.180092,0.8743830619636528,0.4609243891708685,0.0887633338027219,9,6,8,416,4.0672689980252645,3.1018397777397895,1.1959089805924967,0.641179741649763,3.507573768140938,0.5123257686585755,1.6205753171909723,COMPLETE
281,-0.5994971722126095,2025-12-04 13:36:28.688805,2025-12-04 13:36:49.569980,0 days 00:00:20.881175,0.8794739179351095,0.44908776228573993,0.08636046619040144,8,6,8,417,3.9823087493779465,3.089634974726123,1.2058969579465615,0.6442936789984146,3.5037170047164934,0.5091792393843384,1.8220915192415412,COMPLETE
282,-0.6008343552688752,2025-12-04 13:36:28.843334,2025-12-04 13:36:49.692670,0 days 00:00:20.849336,0.8792249854405659,0.13818540489745224,0.08730811688524052,8,6,8,417,4.0424455734244,3.039221105074412,1.1931930871740544,0.6426384371119772,3.505759304020639,0.5103779200377271,1.6315498962461208,COMPLETE
283,-0.5998005174825094,2025-12-04 13:36:29.233856,2025-12-04 13:36:49.772064,0 days 00:00:20.538208,0.8649687057870621,0.017822167048042438,0.09086763412746614,8,6,8,416,4.035564932733362,3.025621098179575,1.1977636203648658,0.64139672129915,3.5032724794741696,0.5182651993050704,1.8268632482298346,COMPLETE
284,-0.6013841772570633,2025-12-04 13:36:29.530755,2025-12-04 13:36:50.240491,0 days 00:00:20.709736,0.8801611278288032,0.13185364843862207,0.0871294689905325,8,6,8,418,4.065748367986232,3.0832265401861187,1.1794352069138219,0.7223025838569649,3.507583823508971,0.5146654649669128,1.6170673446423633,COMPLETE
285,-0.6011777097147978,2025-12-04 13:36:32.173867,2025-12-04 13:36:52.970121,0 days 00:00:20.796254,0.8866382576468393,0.01700771477789159,0.08731367676173506,10,6,8,418,4.260628426347358,3.0899251885358803,1.1937577671429125,0.720478963354711,3.510757838714282,0.511928578733174,1.6169707016541608,COMPLETE
286,-0.6023901338290544,2025-12-04 13:36:33.620879,2025-12-04 13:36:54.632414,0 days 00:00:21.011535,0.8869089255803805,0.4651023666090783,0.08734628303541275,8,6,8,416,4.242781104993195,3.12916313053639,1.0983764867625736,0.6421819639953616,3.438735169703141,0.5106030406027313,1.6237290994729907,COMPLETE
287,-0.5979783106114309,2025-12-04 13:36:34.666757,2025-12-04 13:36:58.857686,0 days 00:00:24.190929,0.8767908138693561,0.13182779994910296,0.08750962048199434,5,7,8,415,3.6092186680673417,3.0756900061934926,1.2067954520455235,0.7218362519665474,3.4498614377257035,0.5108518389006166,1.8236230295999483,COMPLETE
288,-0.5978253326926395,2025-12-04 13:36:34.992149,2025-12-04 13:36:59.843806,0 days 00:00:24.851657,0.8769968514507361,0.33459615981539986,0.08635778633988056,8,7,8,418,3.537762221880874,3.126635271734517,1.199661977348692,0.6373354772235931,3.4480272004922883,0.5119608798190348,1.8334095853438954,COMPLETE
289,-0.5811768904803889,2025-12-04 13:36:37.769569,2025-12-04 13:36:59.754517,0 days 00:00:21.984948,0.838947489618918,0.1444649785333952,0.014272595478634506,10,6,8,415,4.278698330929757,3.1085096818641227,1.2096361878689246,0.6636548139911818,3.509759663503118,0.515520279916525,1.8139554219329184,COMPLETE
290,-0.5902844838964704,2025-12-04 13:36:39.950370,2025-12-04 13:37:05.983829,0 days 00:00:26.033459,0.8766242248876893,0.11070628993662011,0.014863649074048876,9,7,8,418,4.242614220363461,3.0361726954630037,1.1008703038478784,0.6377662594594455,3.4419238867480058,0.5099997962611555,1.624974185605905,COMPLETE
291,-0.5833118864220778,2025-12-04 13:36:43.333547,2025-12-04 13:37:04.453447,0 days 00:00:21.119900,0.8821287294249697,0.15787122159708472,0.0150627498349769,9,6,8,396,0.448308710024266,3.0536545778003368,1.2723949688593486,0.6390895262262186,3.4415937330814446,0.5084738311537728,1.806668066773182,COMPLETE
292,-0.589810717401811,2025-12-04 13:36:44.341006,2025-12-04 13:37:05.323741,0 days 00:00:20.982735,0.886806985406722,0.13679483510369533,0.07711765621660543,10,6,8,416,3.6196604017652088,3.0382334525771997,1.1000418221840615,0.6374379748600907,2.3608441785669982,0.5101094187153521,1.6199371416530324,COMPLETE
293,-0.6002888636313681,2025-12-04 13:36:45.479876,2025-12-04 13:37:06.249346,0 days 00:00:20.769470,0.8792256612466286,0.13254150821073674,0.08628039138937368,10,6,8,415,3.529233665963812,3.0986465457870027,1.257088429685126,0.6365842804157807,3.4482561459609737,0.5057965057493297,1.6270891417879192,COMPLETE
294,-0.6010720811824076,2025-12-04 13:36:46.594720,2025-12-04 13:37:06.623439,0 days 00:00:20.028719,0.8862740748094985,0.0011207721566869671,0.08621219228007708,9,6,8,396,4.194605462649557,3.0497218205011163,1.0986929095286495,0.6380872928073625,3.4401832532164054,0.510047649291014,1.8219795688604936,COMPLETE
295,-0.5983447681363248,2025-12-04 13:36:46.815408,2025-12-04 13:37:07.622233,0 days 00:00:20.806825,0.8375539034003581,0.0018337276460622942,0.08801018482965672,9,6,8,418,3.523688308422934,3.3492929252978314,1.202177161341138,0.6374161963579335,3.4356771065767404,0.5116923496695018,1.8328410025635449,COMPLETE
296,-0.5987908126694289,2025-12-04 13:36:47.827630,2025-12-04 13:37:08.914270,0 days 00:00:21.086640,0.8834183066959306,0.11040743747957077,0.08873168305827234,8,6,8,415,4.307386016968873,3.0643775214499875,1.2805662947897904,0.6397352297015604,3.4533752034795837,0.5070144074853575,1.8430541851344155,COMPLETE
297,-0.5847476207192481,2025-12-04 13:36:48.731994,2025-12-04 13:37:09.255999,0 days 00:00:20.524005,0.8791988625743874,0.1299854341690815,0.08834675103799644,10,6,8,413,4.27525892462136,3.069101900929528,1.0946099001743608,0.6367426310114268,2.364198996977044,0.5138915402770051,1.82010282199014,COMPLETE
298,-0.601613491548973,2025-12-04 13:36:49.101231,2025-12-04 13:37:09.110020,0 days 00:00:20.008789,0.8827094561097492,0.006781404923582949,0.08883789679528277,10,6,8,399,4.226920798154093,3.0919550529035997,1.25882813210546,0.6373854824928366,3.4412915994593605,0.5076937053123055,1.620925675366566,COMPLETE
299,-0.6011581930623158,2025-12-04 13:36:49.275379,2025-12-04 13:37:08.870679,0 days 00:00:19.595300,0.8916312334285241,0.10580105561209097,0.08975541294027378,10,6,9,400,4.222587046962086,3.0851309344502793,1.2461123098613571,0.6931598284082776,3.44144140494444,0.5142484588186993,1.8220219743652946,COMPLETE
300,-0.5891168008857058,2025-12-04 13:36:49.572361,2025-12-04 13:37:10.863238,0 days 00:00:21.290877,0.888839304441549,0.007499856552940123,0.020064469221814474,10,6,9,403,4.308534972942107,3.342549841731949,1.282099581914806,0.6349892568489478,3.428153278842183,0.510117887923479,1.8237059071874944,COMPLETE
301,-0.599000545573428,2025-12-04 13:36:49.695268,2025-12-04 13:37:12.671400,0 days 00:00:22.976132,0.889762471508223,0.14312231058910396,0.08762886406941145,9,7,9,395,4.188485241732594,3.3177663579655428,1.271340905016801,0.6371392344853681,3.428305987274384,0.5104010727365964,1.6294723982035375,COMPLETE
302,-0.6010464807516374,2025-12-04 13:36:49.774561,2025-12-04 13:37:09.215486,0 days 00:00:19.440925,0.8888752150259466,0.003982321667901242,0.09008800432237618,10,6,8,392,4.248906926887204,3.038201858514349,1.2678921837703123,0.6948574552483964,3.441764376166445,0.5083967673719981,1.6077088954372611,COMPLETE
303,-0.6003237099558582,2025-12-04 13:36:49.818297,2025-12-04 13:37:09.770515,0 days 00:00:19.952218,0.8829231888365459,0.012897524144642777,0.08950692243183327,10,6,9,397,4.293182517812875,3.090260714944805,1.0947631765838006,0.6356076085795324,3.433051439749294,0.513380507696311,1.6231766714586167,COMPLETE
304,-0.5981556240247927,2025-12-04 13:36:50.242722,2025-12-04 13:37:10.623891,0 days 00:00:20.381169,0.8876377639488348,0.1185031339467609,0.08846955191036593,10,6,9,403,4.143824317028856,3.086348354509236,1.2641112911716215,0.6383801962411297,3.452001811638403,0.5108047765502853,1.602736270143306,COMPLETE
305,-0.5677265952175721,2025-12-04 13:36:50.461864,2025-12-04 13:37:07.186138,0 days 00:00:16.724274,0.8809084535349326,0.0026248829876908963,0.08761827146861459,10,6,9,395,4.244770049493267,3.35310313159072,1.3031876182748274,0.6378930821537993,2.2919595608079923,0.7775921505437562,1.6213530665784996,COMPLETE
306,-0.6021362268784977,2025-12-04 13:36:50.505672,2025-12-04 13:37:10.517165,0 days 00:00:20.011493,0.8892439111979036,0.0036370204919993045,0.09010772681697761,10,6,9,396,4.31018822368767,3.321710825078574,1.304375837317418,0.6378199112411843,3.446981998802524,0.500137403629617,1.6237335592855209,COMPLETE
307,-0.6035972636222104,2025-12-04 13:36:52.336871,2025-12-04 13:37:12.432018,0 days 00:00:20.095147,0.8861073322219557,0.16984923252603423,0.0889966659534237,10,6,9,400,4.274123202863274,3.1085993444671307,1.2849993526295287,0.6364676056831065,3.440934190542518,0.5073152887884432,1.5894600748621686,COMPLETE
308,-0.6028970330919995,2025-12-04 13:36:52.515871,2025-12-04 13:37:12.383961,0 days 00:00:19.868090,0.889430288838127,0.12460179536229282,0.09029062609962583,8,6,9,398,4.233530203520465,3.3131390387210793,1.2655133239779341,0.6368342020738962,3.4373618013654372,0.5053628420368586,1.5759429805588472,COMPLETE
309,-0.579197715743399,2025-12-04 13:36:52.972633,2025-12-04 13:37:13.698136,0 days 00:00:20.725503,0.8890649452331569,0.11811492504696697,0.08895850885321602,10,6,9,410,4.277286145023254,3.1329979800736236,1.2545712721203315,0.6355081915575097,3.444497616591833,0.8597588674006619,1.5708159510695145,COMPLETE
310,-0.6020979717528151,2025-12-04 13:36:54.634893,2025-12-04 13:37:14.170574,0 days 00:00:19.535681,0.8896224943250067,0.006099649084689594,0.0891995622581534,10,6,9,394,4.171392000562214,3.131265824956251,1.285653108235788,0.7255278104837901,3.4418466506861902,0.5041186028649928,1.5921359064615028,COMPLETE
311,-0.5885465771736167,2025-12-04 13:36:58.860012,2025-12-04 13:37:18.813793,0 days 00:00:19.953781,0.8894625455410494,0.003246950802640286,0.09072817393572566,10,6,9,394,4.277335796094052,3.320137351366617,1.234352447898119,0.6373867826781483,2.310926568319827,0.5012362581959242,1.5916979264252733,COMPLETE
312,-0.6012456414713695,2025-12-04 13:36:59.756960,2025-12-04 13:37:19.965524,0 days 00:00:20.208564,0.8903720262080648,0.11286843450299618,0.0903213391765334,10,6,9,396,4.257693972432973,3.287720011935132,1.259259809254045,0.6343874457647608,3.4378153163603207,0.5000195679808116,1.5768272996571058,COMPLETE
313,-0.6003829409564143,2025-12-04 13:36:59.845960,2025-12-04 13:37:19.321283,0 days 00:00:19.475323,0.8940653544748692,0.005080068467311037,0.09047401256207548,10,6,8,395,4.3054507696746604,3.350753467433943,1.2768604720474548,0.7244282402097539,3.442563441716642,0.5065295596360837,1.5758094825824265,COMPLETE
314,-0.6000150360975157,2025-12-04 13:37:04.455911,2025-12-04 13:37:24.462144,0 days 00:00:20.006233,0.892760937409038,0.002490500143407917,0.09097473261134198,10,6,9,400,4.256233196929369,3.250672355149713,1.2508659260483481,0.6341817838951656,3.4478017348768097,0.49838205481266834,1.5840486980248722,COMPLETE
315,-0.602014694542837,2025-12-04 13:37:05.326142,2025-12-04 13:37:24.829616,0 days 00:00:19.503474,0.8905034054463224,0.12585656095098885,0.092741904597303,10,6,9,395,4.197713634926918,3.2787644813986865,1.283197589934782,0.7189705093391278,3.4407472151235563,0.49921177130716754,1.5883923203256323,COMPLETE
316,-0.6011266236496783,2025-12-04 13:37:05.986502,2025-12-04 13:37:25.734148,0 days 00:00:19.747646,0.8918175822994058,0.022173097803135616,0.09098832758224856,10,6,9,402,4.141542269937366,3.1778313082236327,1.2316609806447265,0.7224107229143755,3.4425650652250255,0.5029846593089383,1.5622084880880953,COMPLETE
317,-0.5791633645078731,2025-12-04 13:37:06.251779,2025-12-04 13:37:25.827477,0 days 00:00:19.575698,0.8841063016353974,0.011965783759370935,0.09095776344065737,10,6,8,395,4.189633581334555,3.2313985040945967,1.248942823129628,0.7166669585531035,3.425179667674646,0.8634454294967557,1.5860145161341883,COMPLETE
318,-0.5905459388769789,2025-12-04 13:37:06.625927,2025-12-04 13:37:27.672323,0 days 00:00:21.046396,0.8921859286080283,0.005285098915615939,0.020922221299410296,10,6,9,396,4.246106510435345,3.184299350989627,1.2499238496388054,0.6319882376858338,2.980773217868213,0.5063929551897604,1.5511880722817188,COMPLETE
319,-0.6009353849931526,2025-12-04 13:37:07.188760,2025-12-04 13:37:27.003924,0 days 00:00:19.815164,0.8950874133839967,0.0011445899405825716,0.09104580060029448,10,6,9,398,4.225372012719871,3.2570815656553425,1.235594237621451,0.6322271143914837,3.440815981362655,0.5009377239222339,1.5722930363940981,COMPLETE
320,-0.5892784781552359,2025-12-04 13:37:07.624879,2025-12-04 13:37:28.258580,0 days 00:00:20.633701,0.8883246983506502,0.1068399163644182,0.020034581344267763,8,6,9,401,4.1614945111073025,3.3076230296284312,1.2483139836174553,0.7200794984267704,3.441303480333057,0.5000994289409333,1.5751840452264332,COMPLETE
321,-0.5893611973536177,2025-12-04 13:37:08.873183,2025-12-04 13:37:29.582686,0 days 00:00:20.709503,0.8950067763162589,0.0925243725634632,0.020541332068812413,10,6,8,396,4.298200034394838,3.311598106025594,1.254531925705853,0.6340401907178854,3.4415540758910614,0.4995239834081889,1.5747776308046704,COMPLETE
322,-0.5997767740101132,2025-12-04 13:37:08.916713,2025-12-04 13:37:28.818877,0 days 00:00:19.902164,0.8942872056821489,0.10493988759736739,0.09091181229179407,8,6,8,397,4.296778257850617,3.24247138429249,1.2598312180452593,0.6327015660165394,2.9623367880386002,0.4989426951207178,1.563547094901784,COMPLETE
323,-0.5988157241725157,2025-12-04 13:37:09.112748,2025-12-04 13:37:28.560717,0 days 00:00:19.447969,0.8865994932243932,0.8458800190003667,0.0921204058970633,10,6,9,397,4.200126028207434,3.2743477337960294,1.2524816845922864,0.6919541727117949,3.293569531359425,0.5023254716179891,1.579363421686127,COMPLETE
324,-0.591136612682089,2025-12-04 13:37:09.218519,2025-12-04 13:37:28.598389,0 days 00:00:19.379870,0.8928241447131176,0.11196991192424278,0.09154684684874624,10,6,9,390,4.17893568682662,3.2708234265003493,1.252392852338906,0.631000787960665,3.281957948479568,0.5001424002651921,1.0535547565888022,COMPLETE
325,-0.6009660427688842,2025-12-04 13:37:09.259837,2025-12-04 13:37:28.571007,0 days 00:00:19.311170,0.8932760232846483,0.6770440544971489,0.08996245642526302,10,6,9,389,4.175003855526879,3.2424895490865406,1.2480042056587644,0.6332729848905465,3.417673346058632,0.5054105577329058,1.5895234484668932,COMPLETE
326,-0.5999409969781885,2025-12-04 13:37:09.773433,2025-12-04 13:37:29.355498,0 days 00:00:19.582065,0.8935981724286659,0.0943772826369961,0.0919150526020177,10,6,9,391,4.203867918622331,3.248247975730739,1.2440751464043593,0.6314414900736344,3.415848929665164,0.5073703844157683,1.5902822228984725,COMPLETE
327,-0.599759858623212,2025-12-04 13:37:10.519727,2025-12-04 13:37:29.976556,0 days 00:00:19.456829,0.8993791745931644,0.007188328134741907,0.09304825240607291,10,6,9,390,4.146172636446443,3.2788171430127298,1.258531086584023,0.6318365446255179,3.4056094161558286,0.5029740848889949,1.5804572139840436,COMPLETE
328,-0.5869671198674139,2025-12-04 13:37:10.627008,2025-12-04 13:37:30.069805,0 days 00:00:19.442797,0.8952258298907726,0.002646253255003122,0.09161167148398804,10,6,9,391,4.330050358032281,3.286002782116092,1.2419619414614393,0.6319824243677459,3.2767468430072104,0.5000718053585844,1.0340384781212109,COMPLETE
329,-0.6006380795245774,2025-12-04 13:37:10.865970,2025-12-04 13:37:30.629952,0 days 00:00:19.763982,0.8939959923726066,0.00331250170999535,0.09061202811210307,10,6,9,391,4.19994031670193,3.2151531177038004,1.2528159550638767,0.6311264981718343,3.319562103311242,0.5025174934503668,1.5757746501496044,COMPLETE
330,-0.6010471874072247,2025-12-04 13:37:12.386814,2025-12-04 13:37:31.897702,0 days 00:00:19.510888,0.8952660773640341,0.09030170186905127,0.09227927779408514,10,6,9,388,4.194227193086202,3.2646192255596294,1.244691330010572,0.6313965150098655,3.2929333973640245,0.49870679292791403,1.576576057879579,COMPLETE
331,-0.6014549505256336,2025-12-04 13:37:12.435404,2025-12-04 13:37:32.166504,0 days 00:00:19.731100,0.8948955265072985,0.6727761671186323,0.09252029505683927,10,6,9,398,4.181763168082972,3.3357526643064284,1.2504259024296795,0.7166207139304571,3.267549508257673,0.5006607822359586,1.5781013397269583,COMPLETE
332,-0.6014702718810446,2025-12-04 13:37:12.674125,2025-12-04 13:37:31.781835,0 days 00:00:19.107710,0.8957496825535012,0.10037160019062477,0.09240379375417655,10,6,9,383,4.498050206241648,3.2146851929809714,1.2397333129230024,0.7175537601691655,3.302012989794936,0.5193253579847307,1.5683377893652923,COMPLETE
333,-0.5999481906540897,2025-12-04 13:37:13.700856,2025-12-04 13:37:33.446611,0 days 00:00:19.745755,0.8916432089373058,0.10467634492317204,0.09204790116589794,10,6,9,392,4.500140519027327,3.2085890752957393,1.2400422714279722,0.6298518798348754,3.3904734959306118,0.49855416256493945,1.5913153579343522,COMPLETE
334,-0.6004416757317456,2025-12-04 13:37:14.173010,2025-12-04 13:37:32.958784,0 days 00:00:18.785774,0.8947186970312464,0.09389336503137531,0.09164630989685528,10,6,9,378,4.510000101606165,3.2217162939455113,1.3545777121656315,0.6932240527747865,3.3962572927027765,0.5031564318064015,1.577358798843247,COMPLETE
335,-0.5981374301480675,2025-12-04 13:37:18.816566,2025-12-04 13:37:37.858726,0 days 00:00:19.042160,0.8987330776668091,0.08319452462682703,0.09258179958236852,10,6,9,379,4.191762245989858,3.2551596011018598,1.3973946284551741,0.629423299693528,3.2984897494433594,0.5002697157983524,1.5725341850213854,COMPLETE
336,-0.601361403774658,2025-12-04 13:37:19.323526,2025-12-04 13:37:37.849939,0 days 00:00:18.526413,0.8950576069732158,1.3268105249704996,0.09226143396084537,10,6,9,381,4.159432289896805,3.254126746199912,1.2427059856793083,0.717462434022076,3.3415432392717133,0.49902323239773555,1.5738698968081957,COMPLETE
337,-0.5988517952725437,2025-12-04 13:37:19.968261,2025-12-04 13:37:39.318062,0 days 00:00:19.349801,0.8959289851327568,0.07220921737472694,0.09223437677047733,10,6,9,378,4.546910649601288,3.1986778913978564,1.3791015352003175,0.6302837310265635,3.389368768581606,0.4987644292860801,1.6043723123520235,COMPLETE
338,-0.6001014215871824,2025-12-04 13:37:24.465000,2025-12-04 13:37:43.549783,0 days 00:00:19.084783,0.899914779038562,0.08932663693049772,0.0938803575360505,10,6,9,378,4.544143510393544,3.2385480714452397,1.3113418152389393,0.6142549878823412,3.349691876249648,0.5005360475526531,1.8868241132039716,COMPLETE
339,-0.5982157069038929,2025-12-04 13:37:24.832008,2025-12-04 13:37:43.243985,0 days 00:00:18.411977,0.898863009462487,0.09586914919147367,0.09939248265204413,10,6,9,382,4.463851965312221,3.187486064125133,1.3131373759930276,0.8918053940580184,3.289004249598494,0.5023920806130755,1.5616527890676637,COMPLETE
340,-0.6009579697891656,2025-12-04 13:37:25.736645,2025-12-04 13:37:44.866221,0 days 00:00:19.129576,0.8956882057794122,0.8371561242520531,0.09394342236747064,10,6,9,379,4.601058587102221,3.250155073168084,1.3127130009665426,0.6291795320193655,3.2879368318701534,0.5011142298831479,1.5544883793623008,COMPLETE
341,-0.5926666780031336,2025-12-04 13:37:25.830245,2025-12-04 13:37:44.792657,0 days 00:00:18.962412,0.8967351292255841,0.693259817421747,0.09693717126426493,10,6,9,380,4.557486995144513,3.244952995149169,1.3278479253853728,0.630542560171982,3.3463733869210492,0.5044472861491152,1.1387048665991244,COMPLETE
342,-0.5990905774509069,2025-12-04 13:37:27.006810,2025-12-04 13:37:44.827992,0 days 00:00:17.821182,0.8986662313519231,0.10092963063925448,0.09771184032193363,10,6,9,377,4.538900075911753,3.269344601113121,1.3594706723169447,0.8858576964770861,3.3097379593245475,0.49822967641207067,1.5552072469552796,COMPLETE
343,-0.5989674408451579,2025-12-04 13:37:27.674728,2025-12-04 13:37:47.115784,0 days 00:00:19.441056,0.8994868238362304,0.0961096214983871,0.09767352845179508,10,6,9,384,4.410215985291494,3.2438493816939364,1.3156155412050712,0.6312031822193573,3.2754906669138464,0.5001947190868886,1.565670645684336,COMPLETE
344,-0.6015400813422033,2025-12-04 13:37:28.261047,2025-12-04 13:37:47.180377,0 days 00:00:18.919330,0.8999378853749993,0.09216217589760069,0.09886440461912632,10,6,9,376,4.415760684795844,3.2381282942562395,1.3190601448926815,0.6153263473692634,3.355268094955209,0.5021700681112593,1.572457019220344,COMPLETE
345,-0.5984760551265543,2025-12-04 13:37:28.563258,2025-12-04 13:37:47.670484,0 days 00:00:19.107226,0.8978749788326834,0.05263544345042959,0.09845251264041997,10,6,9,379,4.4909619756456625,3.222442275972477,1.3573790451034982,0.6286187815241295,3.30087602013498,0.4986806858142946,1.5407325554809628,COMPLETE
346,-0.5967200832600359,2025-12-04 13:37:28.574545,2025-12-04 13:37:47.590580,0 days 00:00:19.016035,0.8982778834548288,0.09691851902325412,0.09948610473074858,10,6,9,377,4.477917204145765,3.2503346605505827,1.3022321073596215,0.6305991629781741,3.317821518391054,0.5030695501804485,1.535714164418708,COMPLETE
347,-0.5978239433042002,2025-12-04 13:37:28.603976,2025-12-04 13:37:47.544873,0 days 00:00:18.940897,0.8992881598132417,1.2247604158629948,0.09945955864549416,10,6,9,376,4.513888341655254,3.2333736444397614,1.3875608748604826,0.6132769321457973,3.3252407515002407,0.49927073093743557,1.5488547311695604,COMPLETE
348,-0.5998375110237747,2025-12-04 13:37:28.822823,2025-12-04 13:37:47.985442,0 days 00:00:19.162619,0.899052855064006,0.17051063588991516,0.09749627611218185,10,6,9,381,4.567763709769293,3.2000849245664913,1.3865605463343096,0.6112031277909575,3.3369110903817925,0.5029311131001711,1.5617368349277256,COMPLETE
349,-0.6007871113075409,2025-12-04 13:37:29.358127,2025-12-04 13:37:48.098833,0 days 00:00:18.740706,0.8957789313593966,1.285751509870753,0.09723249132400005,10,6,9,378,4.447720387126518,3.390078026929501,1.3156002448055943,0.6240657841415759,3.356546819934469,0.49928410950797286,1.5534371539109655,COMPLETE
350,-0.6014658717656631,2025-12-04 13:37:29.585619,2025-12-04 13:37:48.289275,0 days 00:00:18.703656,0.8977062031381364,0.17627132750795646,0.09969667367138864,10,6,9,380,4.528859758946373,3.1888782501960025,1.3672426826960815,0.7249569811595646,3.3395631761998175,0.5169223520998703,1.5543141983505775,COMPLETE
351,-0.6007031845080442,2025-12-04 13:37:29.979007,2025-12-04 13:37:48.650517,0 days 00:00:18.671510,0.8973355306107622,0.17381329177512833,0.09828121354073098,10,6,9,383,4.403814315173599,3.379752053938162,1.3080257665915145,0.7513280678751308,3.3280693086165116,0.4983563046073363,1.546801628551584,COMPLETE
352,-0.598922178457445,2025-12-04 13:37:30.072481,2025-12-04 13:37:49.029485,0 days 00:00:18.957004,0.8998107082459614,1.2593611653435337,0.09927519103730048,10,6,9,381,4.495558552574906,3.381705331444255,1.3630271440473563,0.6137676012061176,3.3350103093270516,0.5170173536438994,1.5563644748505305,COMPLETE
353,-0.5989312508111859,2025-12-04 13:37:30.632671,2025-12-04 13:37:49.843328,0 days 00:00:19.210657,0.8841842068254723,0.05196019798541135,0.09788053854647098,10,6,9,382,4.589381235541831,3.370272438456741,1.382689679816894,0.6253540338124025,3.34915914375785,0.520639151223852,1.5502218948363722,COMPLETE
354,-0.6008701265638879,2025-12-04 13:37:31.784562,2025-12-04 13:37:50.425694,0 days 00:00:18.641132,0.8978149585383711,1.2507969905878018,0.09735729496020677,10,6,9,382,4.435688053951148,3.3980106028172696,1.373636930969113,0.7229248297037613,3.3813027728332945,0.5179074042053764,1.5411120804072447,COMPLETE
355,-0.600769434251498,2025-12-04 13:37:31.901099,2025-12-04 13:37:50.719308,0 days 00:00:18.818209,0.8989282526146453,0.7232956860334038,0.09803951269232453,10,6,9,374,4.549028736341396,3.3990467027402316,1.3208119332041126,0.6152898940404409,3.3515556844728955,0.498447576615188,1.5476354705521111,COMPLETE
356,-0.5983628861350219,2025-12-04 13:37:32.169333,2025-12-04 13:37:50.676770,0 days 00:00:18.507437,0.8992570938208211,0.05173853144100811,0.09939258830027495,10,6,9,376,4.546902323244097,3.3843035837395146,1.398128014771722,0.7217192215221486,3.306606768913608,0.519046423929299,1.5450721200883422,COMPLETE
357,-0.5998479943224125,2025-12-04 13:37:32.961668,2025-12-04 13:37:51.396878,0 days 00:00:18.435210,0.8987601534376645,0.7432181657858182,0.0985782668525759,10,6,9,376,4.662749345104574,3.395347076482628,1.38060211219956,0.723894259688095,3.331227675713697,0.519049440229542,1.5436131033314164,COMPLETE
358,-0.5999644312864678,2025-12-04 13:37:33.459775,2025-12-04 13:37:52.165754,0 days 00:00:18.705979,0.8990683061694061,0.04984694281187431,0.09990954594727207,10,6,9,378,4.469701378306392,3.178409385865118,1.377123175867469,0.7265896707552404,3.3206775707262732,0.5190092231907386,1.5493515546417174,COMPLETE
359,-0.5998995183289236,2025-12-04 13:37:37.852898,2025-12-04 13:37:56.280308,0 days 00:00:18.427410,0.8981973903269309,0.696126918968383,0.0976249872616992,10,6,10,371,4.675312138018362,3.395628394166482,1.3173056197242776,0.7245421500000966,3.3342986317322723,0.5201528389367346,1.5585951029004248,COMPLETE
360,-0.6010028580498677,2025-12-04 13:37:37.861716,2025-12-04 13:37:56.597110,0 days 00:00:18.735394,0.8847149827646533,0.6583661369104408,0.09597633870318636,10,6,10,372,4.562432705653415,3.3961284724770615,1.3162867209694242,0.7252800769033284,3.3457637713427766,0.5204230715959995,1.563182676317091,COMPLETE
361,-0.6027513275653918,2025-12-04 13:37:39.320448,2025-12-04 13:37:56.618949,0 days 00:00:17.298501,0.8862864103111565,1.2639692696506677,0.09909084059750739,10,6,9,351,4.66278904164403,3.40837862290263,1.303017909620262,0.7260204872821887,3.2425624131797295,0.5174936717005962,1.5462267730090087,COMPLETE
362,-0.5777992438092959,2025-12-04 13:37:43.246781,2025-12-04 13:38:01.947453,0 days 00:00:18.700672,0.8999020596660344,0.05711820186902881,0.09881490696596579,10,6,9,370,4.6288280562579045,3.304886813309229,1.3108020579059403,0.6142679892467259,3.332661375717041,0.5179808606820098,2.8217074391099595,COMPLETE
363,-0.5995671012426969,2025-12-04 13:37:43.552420,2025-12-04 13:38:01.158078,0 days 00:00:17.605658,0.8850661672442428,0.0486254705536011,0.09830324162214954,10,6,9,355,4.40343420487717,3.398738822624056,1.3057583278464913,0.7254437748321833,3.3487515807154655,0.5171388179875861,1.5448772140399432,COMPLETE
364,-0.6005106354361257,2025-12-04 13:37:44.795556,2025-12-04 13:38:00.993973,0 days 00:00:16.198417,0.8856109581939069,1.2743078129259993,0.09825200687885444,10,6,10,356,4.4728972849893545,3.359008844178731,1.309377210021159,0.8734300254620576,3.3124155088957763,0.5190165242906151,1.5452339350138757,COMPLETE
365,-0.5982785935128594,2025-12-04 13:37:44.830649,2025-12-04 13:38:04.194523,0 days 00:00:19.363874,0.886602659357414,0.6967019735899447,0.09925091279468858,10,6,10,385,4.385090735542583,3.4209453101064367,1.2783632396892892,0.6248674292416369,3.33799766467425,0.5163783750677868,1.5405343505807805,COMPLETE
366,-0.6012603910617956,2025-12-04 13:37:44.869747,2025-12-04 13:38:02.062184,0 days 00:00:17.192437,0.8861563689793708,1.3742724744879378,0.09831415272376735,10,6,10,358,4.658596359061095,3.1401104110145712,1.5860387829926021,0.7256345803140278,3.2506161784045506,0.5178896490647101,1.5419985787123873,COMPLETE
367,-0.6003943058436432,2025-12-04 13:37:47.118473,2025-12-04 13:38:04.931269,0 days 00:00:17.812796,0.8856132291792977,1.3533606901752981,0.09898168516413806,10,6,10,367,4.362419660279588,3.3662551748408935,1.2972977455125887,0.72536581176409,3.2296237498488187,0.5180874106106097,1.5287791720137935,COMPLETE
368,-0.578575365847661,2025-12-04 13:37:47.204421,2025-12-04 13:38:05.326765,0 days 00:00:18.122344,0.8858305176051647,0.6578497505613728,0.09995990914828623,10,6,10,367,4.364275304868661,3.392469742575337,1.3191011057459807,0.7260507202895826,3.345307578219338,0.5173277991517025,2.824132905838237,COMPLETE
369,-0.6004946529288246,2025-12-04 13:37:47.548309,2025-12-04 13:38:05.630292,0 days 00:00:18.081983,0.8857972467892563,0.6909519043056735,0.09687695393706584,10,6,10,362,4.40078666948429,3.385016912582145,1.3107624600385226,0.6035693482331985,3.367669685438878,0.5198463235721484,1.5343315678658678,COMPLETE
370,-0.5992201392213468,2025-12-04 13:37:47.593505,2025-12-04 13:38:05.443683,0 days 00:00:17.850178,0.8866704287305329,0.04605573786404562,0.09747824302856893,10,6,9,359,4.346559531688062,3.3756886616922612,1.5433854005250907,0.7245966195546704,3.2456050292391523,0.5185270159208528,1.6385693180994234,COMPLETE
371,-0.5995056085672125,2025-12-04 13:37:47.673209,2025-12-04 13:38:05.561764,0 days 00:00:17.888555,0.886128925507514,1.337653110711632,0.09582733730425798,10,6,10,358,4.3468200273880795,3.3994374796620437,1.2949581828641814,0.6053007600115768,3.357413522364139,0.5184704954947092,1.6431426987610918,COMPLETE
372,-0.6007401989830347,2025-12-04 13:37:47.988205,2025-12-04 13:38:04.939502,0 days 00:00:16.951297,0.8852525028557685,0.17560545715189996,0.09578632255869092,10,6,10,347,4.386915776801974,3.3904324221737188,1.2805878408555458,0.7272390465661381,3.372207231359304,0.5182508501807604,1.6269454453999748,COMPLETE
373,-0.6000392731965998,2025-12-04 13:37:48.102361,2025-12-04 13:38:05.381848,0 days 00:00:17.279487,0.8866489629761425,0.7304898619627069,0.0948991097238114,10,6,10,354,4.370952715658348,3.3996460005294584,1.2855155595098025,0.723889543718786,3.387224164669749,0.5198188765057685,1.6275248410854155,COMPLETE
374,-0.6025126185727634,2025-12-04 13:37:48.292111,2025-12-04 13:38:06.046227,0 days 00:00:17.754116,0.885224296108761,0.04611399492252616,0.09642360562035013,10,6,10,360,4.349341671571802,3.398565288248123,1.292012415896464,0.7168733714833664,3.2408674581176027,0.5187165813421353,1.6399963920914022,COMPLETE
375,-0.6016733697035186,2025-12-04 13:37:48.653216,2025-12-04 13:38:06.325925,0 days 00:00:17.672709,0.8858577000985843,0.04827347487967965,0.09592835179373073,10,6,10,361,4.382116221454605,3.3759011591964745,1.4241992706134592,0.7278588526226415,3.2443745109286537,0.5174217578425027,1.6303676507575153,COMPLETE
376,-0.601993301159021,2025-12-04 13:37:49.034595,2025-12-04 13:38:06.967655,0 days 00:00:17.933060,0.8856819374664634,0.04812285556997972,0.09524138855576848,10,6,10,359,4.714359871611469,3.133883871063455,1.4503252174484351,0.7249245289604631,3.2312844231920983,0.5173886543401179,1.6380870303631663,COMPLETE
377,-0.6008422052133557,2025-12-04 13:37:49.846389,2025-12-04 13:38:07.778796,0 days 00:00:17.932407,0.8870297911098571,0.1811978750445206,0.09453797463663138,10,6,10,361,4.690068963523992,3.361061437129466,1.47716741308361,0.7238082278342911,3.247307659577892,0.518437221172919,1.6345358600285198,COMPLETE
378,-0.5852270223231825,2025-12-04 13:37:50.428270,2025-12-04 13:38:08.868558,0 days 00:00:18.440288,0.8862502158102279,0.18568520904374722,0.09528449927943881,10,6,10,367,4.66973133674474,3.4002350984669265,1.2898735262649765,0.6042035135057772,3.245769616077214,0.5176109326215992,2.4658333419301113,COMPLETE
379,-0.6022807349855892,2025-12-04 13:37:50.680242,2025-12-04 13:38:08.280610,0 days 00:00:17.600368,0.8871050760156758,0.1889047492190835,0.09367967220346078,10,6,10,356,4.747644625939175,3.137453908982672,1.287930323050262,0.7261471927429158,3.259329865445957,0.5166093916269028,1.6375063652918387,COMPLETE
380,-0.5986897140721998,2025-12-04 13:37:50.721917,2025-12-04 13:38:09.024849,0 days 00:00:18.302932,0.8855774387655507,0.9151446199068736,0.09453638725527509,10,6,10,358,4.708272575517991,3.1269634828424393,1.4467655472372636,0.6051960398498364,3.225712394137698,0.5181500260697944,1.6359288508152032,COMPLETE
381,-0.6003780628572398,2025-12-04 13:37:51.399413,2025-12-04 13:38:09.571352,0 days 00:00:18.171939,0.8868850266046933,0.17381843442236566,0.09436563628650022,10,6,10,368,4.327948103094559,3.126834719003872,1.4379300843842628,0.7164787063914161,3.2311047876713546,0.518233287631381,1.6314815701530783,COMPLETE
382,-0.581298170107521,2025-12-04 13:37:52.168588,2025-12-04 13:38:11.965020,0 days 00:00:19.796432,0.8866748643664971,0.22004904696448008,0.09389919248492215,10,6,10,404,2.6360081926495877,3.135925545573073,1.4632113115796375,0.7190676858704186,3.380444263576855,0.5158715161283033,2.8124284024246173,COMPLETE
383,-0.5996095792782359,2025-12-04 13:37:56.282786,2025-12-04 13:38:14.148442,0 days 00:00:17.865656,0.8861993892616224,0.9103742340850935,0.09410693149330589,10,6,9,359,4.366753951259091,3.123447286133704,1.5398977584939288,0.6007732629319015,3.1482212946505004,0.5158221605655147,1.6387160526563005,COMPLETE
384,-0.5935371278686075,2025-12-04 13:37:56.599746,2025-12-04 13:38:15.251123,0 days 00:00:18.651377,0.8859722399865224,1.3945541417952851,0.026940868486533317,10,6,10,362,4.368325140784783,3.1317056056915127,1.6535996017249237,0.7166049610315697,3.3848401200627567,0.5150961073383861,1.6496645497895484,COMPLETE
385,-0.6029021181312504,2025-12-04 13:37:56.623263,2025-12-04 13:38:14.271193,0 days 00:00:17.647930,0.8864636934211795,1.1774095111980931,0.09391596076445212,10,6,10,356,4.752686929697271,3.143697071516273,1.470226643840515,0.718174740876193,3.220178156701056,0.5147539647827175,1.6384230222792944,COMPLETE
386,-0.6017984960242261,2025-12-04 13:38:00.999713,2025-12-04 13:38:16.276268,0 days 00:00:15.276555,0.8856582135938766,1.1635795834495142,0.09413323168889495,10,5,10,362,1.7702592407646474,3.5624925130174043,1.4728378173289218,0.717349911652561,3.206540260207271,0.5324790090921381,1.6439242017837143,COMPLETE
387,-0.5953089399392287,2025-12-04 13:38:01.173039,2025-12-04 13:38:18.649171,0 days 00:00:17.476132,0.8881092230409023,0.1677738818777193,0.03700446077539258,10,5,9,402,4.805484873304341,3.1252501532896795,1.4209546150657133,0.716398420848402,3.2580796659373137,0.5306841231372241,1.4699842668938985,COMPLETE
388,-0.5899708972518396,2025-12-04 13:38:01.950092,2025-12-04 13:38:18.126179,0 days 00:00:16.176087,0.8867305071742013,0.18098869224415362,0.02766217116446208,10,5,10,364,4.33662283115505,3.1203804618110316,1.2872821387761575,0.7161060079791455,3.135334280742578,0.5340236931728065,1.4727563662970347,COMPLETE
389,-0.5986538602200984,2025-12-04 13:38:02.065200,2025-12-04 13:38:17.159272,0 days 00:00:15.094072,0.8874777130246553,1.3532862551827798,0.09349882072870933,10,5,10,360,4.773211090665564,3.5958292352427748,1.542015387230673,0.7163073684552251,3.1373471037063316,0.5137038276153066,1.4687088839995537,COMPLETE
390,-0.5990666342187706,2025-12-04 13:38:04.197192,2025-12-04 13:38:19.856563,0 days 00:00:15.659371,0.8870828360125924,0.9242620996250185,0.09313469305930486,10,5,10,365,4.7210876035884315,3.5880171480061183,1.4789828732150168,0.7151414085768042,3.237229298240749,0.5319322791926855,1.6299201575799862,COMPLETE
391,-0.5725554388344353,2025-12-04 13:38:04.936967,2025-12-04 13:38:22.782072,0 days 00:00:17.845105,0.8887285388725092,1.3533179613735273,0.09354252661794699,10,6,10,359,4.349715469682072,3.5750112698161693,1.8022913801625282,0.7366549523189596,3.2045985090007854,0.9000629251551444,1.6402595249468992,COMPLETE
392,-0.6000518661866446,2025-12-04 13:38:04.941691,2025-12-04 13:38:19.345082,0 days 00:00:14.403391,0.8888253396520097,1.4112594951169983,0.09307506663644818,10,5,10,341,2.639830328356947,3.111840665348957,1.8703852320683163,0.7161490995494308,3.2369886136975277,0.5313804499364179,1.4776597394211475,COMPLETE
393,-0.5996776128635806,2025-12-04 13:38:05.329229,2025-12-04 13:38:20.544370,0 days 00:00:15.215141,0.8878057233977866,1.3535661593077468,0.09329608391346612,10,5,9,362,1.8940909820958964,3.590053175746052,1.47075521010879,0.7188432905603575,3.2382530070792117,0.5311698880237089,1.6425721519495717,COMPLETE
394,-0.6006047563998678,2025-12-04 13:38:05.384893,2025-12-04 13:38:20.723676,0 days 00:00:15.338783,0.8880446344266426,1.375782894644427,0.09359947073029526,10,5,9,360,4.707020060539148,3.581958746885549,1.5243454975059751,0.7162848088131599,3.256486398710466,0.5298281855800514,1.6530179855534195,COMPLETE
395,-0.5808474510512842,2025-12-04 13:38:05.447250,2025-12-04 13:38:20.856792,0 days 00:00:15.409542,0.8893061030979694,1.4023582589333423,0.09342024669982485,10,5,9,365,4.726319334502797,3.112163468988421,1.668152853553444,0.7160452291983038,3.1493758807007435,0.5318955455814093,2.5117431995495183,COMPLETE
396,-0.5975705791495747,2025-12-04 13:38:05.565655,2025-12-04 13:38:22.737524,0 days 00:00:17.171869,0.8899332199596388,0.22344760561739324,0.0880456092882224,10,5,9,404,1.2553565660618962,3.1271928183570834,1.2221217715063843,0.7381607539823745,2.823349793535069,0.5325349679986128,1.4745543886532992,COMPLETE
397,-0.5972971242804567,2025-12-04 13:38:05.635286,2025-12-04 13:38:25.072611,0 days 00:00:19.437325,0.8903279953528968,1.393705674347808,0.08796356122220847,10,6,9,404,4.735727367102299,3.067734752427291,1.441792092715815,0.7173240589401343,2.832221816409436,0.5358633525697418,1.491413578020001,COMPLETE
398,-0.5987806386808691,2025-12-04 13:38:06.048769,2025-12-04 13:38:22.992930,0 days 00:00:16.944161,0.8906145198549947,0.8925739962133399,0.09377872042153212,10,5,9,405,4.786217980690613,3.130070322004668,1.2187831317827056,0.7381991065903984,3.2045811501528703,0.5334747593287499,1.4921819764421542,COMPLETE
399,-0.5982523163933129,2025-12-04 13:38:06.328351,2025-12-04 13:38:20.955593,0 days 00:00:14.627242,0.8900577738309041,1.3977787144747582,0.09303044055210494,10,5,10,346,4.829090467349844,3.1324715233405267,1.4440977207788825,0.7171843079967947,3.1319896943428644,0.5305830763966184,1.4822906662488937,COMPLETE
400,-0.5767440514514989,2025-12-04 13:38:06.970224,2025-12-04 13:38:22.641931,0 days 00:00:15.671707,0.8798212731227978,0.17621333908960968,0.0936068241797547,10,5,10,363,4.873225480427148,3.562988438937688,1.3467410781433031,0.7166827946765122,3.2146527477969515,0.5293814331688932,2.7262789986256255,COMPLETE
401,-0.5898921279682978,2025-12-04 13:38:07.782912,2025-12-04 13:38:36.981691,0 days 00:00:29.198779,0.8802102783593495,1.3792853161240284,0.0935311700983973,10,10,10,365,4.877722496608665,3.5901021386297653,1.5445575012155035,0.7171084170682892,3.1401523742528314,0.5306235533557786,1.6505818069106613,COMPLETE
402,-0.5978091411357486,2025-12-04 13:38:08.283105,2025-12-04 13:38:23.120987,0 days 00:00:14.837882,0.7324480772850682,1.0869522299566743,0.0939842327504774,10,5,10,350,4.822344363567906,3.5370195962254587,1.6030480026091807,0.7162135975784986,3.1388033955339663,0.5335753725903395,1.6424826986152363,COMPLETE
403,-0.5975554259543505,2025-12-04 13:38:08.871461,2025-12-04 13:38:23.245073,0 days 00:00:14.373612,0.8820019577779111,1.0892571545067544,0.091657605550167,10,5,10,339,4.782313923469773,3.6131083139890374,1.6280673660010085,0.7167145658946396,3.234946530664587,0.53548049473064,1.4789698863406568,COMPLETE
404,-0.540599855607815,2025-12-04 13:38:09.027611,2025-12-04 13:38:11.840250,0 days 00:00:02.812639,0.8907548678020721,1.401799676302291,0.026339422263108165,10,5,10,50,4.8055439276916,3.6011488385337898,1.4411764357679253,0.7334920755679343,3.145628363326394,0.5311502001750628,1.4722532292948756,COMPLETE
405,-0.5982628992482023,2025-12-04 13:38:09.574998,2025-12-04 13:38:24.875563,0 days 00:00:15.300565,0.8797469088879775,1.4223214915058442,0.09285279796067912,10,5,10,364,4.771784342143995,3.6128779342740414,1.5505623670598707,0.7394079751471565,3.1570334113529666,0.5347284749724344,1.4830704105965862,COMPLETE
406,-0.5983824764745145,2025-12-04 13:38:11.843045,2025-12-04 13:38:26.130906,0 days 00:00:14.287861,0.8805540838247703,1.3273802395882854,0.08827422508758322,10,5,10,337,4.863672624700812,3.569916700292793,1.5002289940864215,0.7385709123092227,3.1410523140204942,0.5309504541816931,1.6509446395876624,COMPLETE
407,-0.5999935877693968,2025-12-04 13:38:11.971868,2025-12-04 13:38:29.090165,0 days 00:00:17.118297,0.879150540949761,0.15868813012755761,0.08808853116293261,10,6,10,342,4.7007730008332524,3.6072309514976526,1.3374436272194714,0.7397268238799879,3.143730245865247,0.5329365906424243,1.646551011558949,COMPLETE
408,-0.5917143650214002,2025-12-04 13:38:14.151119,2025-12-04 13:38:48.752457,0 days 00:00:34.601338,0.8791347025039257,1.5836748122782216,0.035655790016743086,10,10,10,361,4.6860274806341495,3.60469794675562,1.61584722625273,0.7390916927468665,3.178262277917447,0.6390348654992618,1.4766806885227575,COMPLETE
409,-0.5994741112040489,2025-12-04 13:38:14.274420,2025-12-04 13:38:31.332925,0 days 00:00:17.058505,0.880478645934788,1.3238420742196888,0.08853506900496427,10,6,10,342,4.918180214935909,3.502501778702079,1.7292118226412676,0.7398901080863602,3.1674384428179527,0.5323290309933275,1.4913747845036294,COMPLETE
410,-0.5987974672794024,2025-12-04 13:38:15.253620,2025-12-04 13:38:29.736561,0 days 00:00:14.482941,0.8781700088203319,0.23262904603864637,0.09250156432809899,10,5,10,339,4.7975016881299855,3.590602456461059,1.581806618448484,0.7375891325048047,3.1845895424558726,0.5312376804607454,1.4741779392373382,COMPLETE
411,-0.5981059169097498,2025-12-04 13:38:16.278963,2025-12-04 13:38:30.562042,0 days 00:00:14.283079,0.8788164624665808,1.381778383829809,0.09298042557128516,10,5,10,337,4.782141353806962,3.616937652050175,1.4891359624066134,0.7385798006491089,3.186061675669492,0.5290136851653263,1.4825515218593255,COMPLETE
412,-0.5987556894079022,2025-12-04 13:38:17.161948,2025-12-04 13:38:31.577597,0 days 00:00:14.415649,0.8808141889227146,1.1885647341953223,0.08881039202328427,10,5,10,338,1.0298803045929092,3.5823333709875844,1.6008033642051473,0.739350233249156,3.1710340654637195,0.5322013327152066,1.654148134977897,COMPLETE
413,-0.5620772013162149,2025-12-04 13:38:18.128530,2025-12-04 13:38:26.016591,0 days 00:00:07.888061,0.8789325258620111,1.1851877835698996,0.08823426245295396,10,5,10,343,4.894428521069582,3.581646360916543,1.492639641600073,0.7366264508790915,3.1864180960808213,0.9155474504391271,1.6492465972233619,COMPLETE
414,-0.5732526986678531,2025-12-04 13:38:18.651860,2025-12-04 13:38:34.382441,0 days 00:00:15.730581,0.8776808460232315,1.1879194302630627,0.08984848759881493,10,5,10,371,2.219388167622429,3.579539720823406,1.4962817415445588,0.736509395689941,3.2190964435223126,0.8978709390030184,1.609297405066734,COMPLETE
415,-0.5984159985487191,2025-12-04 13:38:19.347574,2025-12-04 13:38:36.394386,0 days 00:00:17.046812,0.7306857799142853,1.168126615058812,0.08809455366941274,10,6,10,342,4.805214624292542,3.5654171737337816,1.591119317924468,0.7356615543068518,3.192555807047897,0.5328304325583645,1.6447983546841376,COMPLETE
416,-0.5964914573945338,2025-12-04 13:38:19.859011,2025-12-04 13:38:36.448783,0 days 00:00:16.589772,0.7370090560051107,1.1686284459190164,0.08938422024248943,10,6,10,338,1.8775731160088478,3.5897877463545824,1.4767858460924002,0.7359496281633261,3.1873513832098577,0.5291288773166511,1.6058541252144731,COMPLETE
417,-0.5984409823457918,2025-12-04 13:38:20.546697,2025-12-04 13:38:37.116565,0 days 00:00:16.569868,0.7329909824941196,1.2297686990367271,0.08891020631551694,10,6,10,345,1.4331025450784898,3.509223899463331,1.7422357417340262,0.7370166508154294,3.1799196513692025,0.5305959536227186,1.6005910174739277,COMPLETE
418,-0.6014105445737596,2025-12-04 13:38:20.728622,2025-12-04 13:38:38.989621,0 days 00:00:18.260999,0.8805640344539418,1.1837880384841604,0.08878150672270423,10,6,10,370,1.2706656967237844,3.4658160965005886,1.664747111981213,0.7384435515731813,3.189706753416871,0.5263392128209737,1.6006504567289208,COMPLETE
419,-0.584464726671172,2025-12-04 13:38:20.859643,2025-12-04 13:38:51.056384,0 days 00:00:30.196741,0.8799416331553852,1.065716276054289,0.08761437152183833,10,10,10,344,1.2633016712287022,3.5309351984850803,1.5069424809331429,0.7375062303892796,3.1820176283058133,0.5272401704626551,1.5995255554043548,COMPLETE
420,-0.6004630850844719,2025-12-04 13:38:20.958958,2025-12-04 13:38:38.451491,0 days 00:00:17.492533,0.8788687669546982,1.0996949567790248,0.08854133277469395,10,6,10,353,4.949024091501057,3.5119867386965655,1.4239581199387898,0.736939030383049,3.197122514358084,0.5097876127066839,1.5952176008262797,COMPLETE
421,-0.6002218546543017,2025-12-04 13:38:22.644276,2025-12-04 13:38:39.566982,0 days 00:00:16.922706,0.8792858079527422,1.190554366170782,0.08978006448711473,10,6,10,338,2.286323795264099,3.5406572776590406,1.4131065013977842,0.7416208153495424,3.1806108844415326,0.5088123177551691,1.607511441724339,COMPLETE
422,-0.5883585821348545,2025-12-04 13:38:22.745408,2025-12-04 13:38:50.244648,0 days 00:00:27.499240,0.7340881690348994,1.0354716846825398,0.08780111790777727,10,9,10,371,1.6715974992571017,3.6541812830752107,1.5732034139686712,0.7318566384545905,3.1860935235410914,0.5087765120888985,1.6036355470596035,COMPLETE
423,-0.5996853325685098,2025-12-04 13:38:22.785055,2025-12-04 13:38:39.456042,0 days 00:00:16.670987,0.8793751727425844,1.2164130570545957,0.08867895682102324,10,6,10,330,0.9756233388278517,3.3106192235790384,1.4986921007360432,0.7314150815782601,3.17701890242797,0.5091059906106856,1.7088724111832967,COMPLETE
424,-0.601160001812447,2025-12-04 13:38:22.998451,2025-12-04 13:38:39.747692,0 days 00:00:16.749241,0.8775121382544934,1.0673363738489097,0.08813591762084137,10,6,10,340,1.6085378552483465,3.509913697832678,1.405295271586989,0.7314225093478257,3.209915311165156,0.5091739424311836,1.5987014902692467,COMPLETE
425,-0.5994522195547466,2025-12-04 13:38:23.125081,2025-12-04 13:38:39.900603,0 days 00:00:16.775522,0.8787455016431268,1.1797284692726684,0.08845034054761497,10,6,10,334,1.4249202064043276,2.265591334657347,1.5029812297734622,0.7327323520760916,3.2726799718401938,0.5088323154890917,1.5991463222371345,COMPLETE
426,-0.6006638398234418,2025-12-04 13:38:23.248016,2025-12-04 13:38:39.250695,0 days 00:00:16.002679,0.8784558849050232,1.190460333870667,0.08634743695674127,10,6,10,324,0.7286211848291702,3.4530435851384187,1.5055165353204012,0.7297620740437752,3.1781782975106188,0.5092957964979387,1.6108033107049087,COMPLETE
427,-0.599870644488839,2025-12-04 13:38:24.878294,2025-12-04 13:38:42.150616,0 days 00:00:17.272322,0.8809355083720172,1.1658715811591331,0.08736433784657248,10,6,10,344,2.3684385640832937,3.4585404615066637,1.4135579763763935,0.7301393127163452,3.184754555708198,0.509656286412847,1.6000860667854386,COMPLETE
428,-0.5985298386984801,2025-12-04 13:38:25.075026,2025-12-04 13:38:41.760799,0 days 00:00:16.685773,0.8784719324128442,1.2113603050641635,0.08842264395165877,10,6,10,339,4.9722150410039845,2.558461946355955,1.7072486479777056,0.7455089720582927,3.1851520414781476,0.5096497944580273,1.5981285661724047,COMPLETE
429,-0.6011455517010202,2025-12-04 13:38:26.019042,2025-12-04 13:38:43.178954,0 days 00:00:17.159912,0.8760128010990358,1.3000117184822515,0.08788404740809423,10,6,10,348,2.1453294409031045,2.3095408643187305,1.3465533712331959,0.731348120927074,3.288436158956067,0.5085931137558394,1.6001655605863303,COMPLETE
430,-0.5978868793391741,2025-12-04 13:38:26.133516,2025-12-04 13:38:43.078243,0 days 00:00:16.944727,0.8789848257873274,1.1412943945784613,0.0881601026753245,10,6,10,345,1.4692892589072029,3.490226820950666,1.4138108523319703,0.7298974316974751,3.1984746270443973,0.5112945943113446,1.6997285490844918,COMPLETE
431,-0.5994747358975796,2025-12-04 13:38:29.093640,2025-12-04 13:38:46.169677,0 days 00:00:17.076037,0.8745304076413609,1.1989655997823148,0.08808350871734025,10,6,10,341,1.6132753255212708,2.3167573623045237,1.3458052289854587,0.7284020662383466,3.184046009171543,0.5092377030096408,1.7035035512503747,COMPLETE
432,-0.6005875080891224,2025-12-04 13:38:29.739226,2025-12-04 13:38:46.227230,0 days 00:00:16.488004,0.8732520112779706,1.2118983188389822,0.08802438302651207,10,6,10,327,1.696055492631158,3.2772792763917566,1.702213210363483,0.7299084031837891,3.2747844952986482,0.5091008263518231,1.6010568706229595,COMPLETE
433,-0.6009889890870321,2025-12-04 13:38:30.564474,2025-12-04 13:38:47.850967,0 days 00:00:17.286493,0.8735381385375262,1.0344119061925947,0.08729212464181484,10,6,10,347,4.646147884091924,3.7513717833735454,1.411143576999552,0.7314189614283629,3.039468591102599,0.5104861526121519,1.7079897609336543,COMPLETE
434,-0.6007376823595515,2025-12-04 13:38:31.335449,2025-12-04 13:38:48.782300,0 days 00:00:17.446851,0.8727693476278773,1.1744992453274345,0.08722849078124843,10,6,10,347,4.624389901875896,2.565259360736045,1.2733533368027323,0.7317629921575163,3.287995109779464,0.509096429756504,1.70710476623279,COMPLETE
435,-0.6021004633173023,2025-12-04 13:38:31.580141,2025-12-04 13:38:48.575999,0 days 00:00:16.995858,0.8728875689459916,1.1677616882300401,0.09985967548158399,10,6,10,350,1.5505664456111181,3.3026173488034685,1.346486162106872,0.7293112541460258,3.2826878586709753,0.5102084539446466,1.601396825096249,COMPLETE
436,-0.6009272755550746,2025-12-04 13:38:34.386057,2025-12-04 13:38:50.566982,0 days 00:00:16.180925,0.8706957958589719,1.0294826682509755,0.09998208769717194,10,6,10,328,4.603392539711798,3.7472928564108647,1.3425420698467818,0.731484000598887,3.266990784328664,0.5107111347682506,1.7120312737406074,COMPLETE
437,-0.600057534647008,2025-12-04 13:38:36.397488,2025-12-04 13:38:52.505393,0 days 00:00:16.107905,0.8749579341021856,1.2585081267493472,0.09975604572065062,9,6,10,323,1.4523798364904539,3.2947297869924705,1.4146417208426791,0.7299247828058384,3.268130203561426,0.510967921934526,1.7067606455495234,COMPLETE
438,-0.5687026781082736,2025-12-04 13:38:36.453116,2025-12-04 13:38:54.246637,0 days 00:00:17.793521,0.875284483740876,1.2544926389526307,0.0421098450299015,9,6,10,348,4.624525594763954,3.3020145183836056,1.4043858477192563,0.728838415177343,2.0257098138710226,0.5096241045988363,1.7004254289684757,COMPLETE
439,-0.5977715781020196,2025-12-04 13:38:36.984523,2025-12-04 13:38:54.871550,0 days 00:00:17.887027,0.8714221603494035,1.2840096618260153,0.042972656207507016,9,6,9,349,2.420742541357842,3.3020785078998265,1.3455313050162545,0.729917545669698,3.0483224363686436,0.508613842246477,1.7047105492571661,COMPLETE
440,-0.5914838484437104,2025-12-04 13:38:37.119059,2025-12-04 13:39:07.886714,0 days 00:00:30.767655,0.8715773060815483,1.0341200944883822,0.08586085856192423,9,9,9,390,2.3893750574156574,2.5668803982970605,1.4280044757429193,0.7293240422529854,3.2610696094331106,0.5097550486806147,1.709866508717886,COMPLETE
441,-0.5974441114979151,2025-12-04 13:38:38.454262,2025-12-04 13:39:08.633099,0 days 00:00:30.178837,0.8700410780128218,1.052685754034418,0.0854480046176588,9,9,9,387,4.614355332830139,4.443607877177896,1.4071990062163078,0.7307598220335818,3.277904038843155,0.5105646053142214,1.6968433453866387,COMPLETE
442,-0.6007732364758895,2025-12-04 13:38:38.992439,2025-12-04 13:38:56.402228,0 days 00:00:17.409789,0.8716899912278605,1.268908897773058,0.0845353285659075,9,6,9,351,0.770720131184462,3.724019759090436,1.4182558232902038,0.7292651645957043,3.281517183767273,0.5097387508880109,1.6983984991432652,COMPLETE
443,-0.5732522422298638,2025-12-04 13:38:39.253620,2025-12-04 13:38:51.318899,0 days 00:00:12.065279,0.8928779208803682,1.0690990800218636,0.08630149498390698,9,6,9,237,1.2663646126356753,3.2861739248912794,1.3502633064187786,0.747045841509867,2.011632575521832,0.511618690941647,1.7090086908870796,COMPLETE
444,-0.5927671802851155,2025-12-04 13:38:39.458479,2025-12-04 13:38:58.895031,0 days 00:00:19.436552,0.8712857552713927,1.1241748923584487,0.085464369136204,9,6,9,387,1.6087510899259811,3.782696983894071,1.3636483998060835,0.7293689199278568,3.0652738407882314,0.7130980499586659,1.7012536331995434,COMPLETE
445,-0.5981070296056643,2025-12-04 13:38:39.569599,2025-12-04 13:38:58.831457,0 days 00:00:19.261858,0.8708505847429072,1.1371319919718503,0.08525549832644325,9,6,9,389,1.5710953515136914,3.2965265063770413,1.4102944480218709,0.7545507798423602,3.2724850955723546,0.5088001600265736,1.597172332304492,COMPLETE
446,-0.5968636029849489,2025-12-04 13:38:39.750119,2025-12-04 13:38:58.217419,0 days 00:00:18.467300,0.870390384723913,1.2261411058451825,0.08516529649761524,9,6,9,371,0.5640033230760337,3.7570894587732884,1.3465561347980615,0.7502589477330107,3.2776235067651776,0.6412804675633189,1.7083826164096971,COMPLETE
447,-0.6022313036713223,2025-12-04 13:38:39.903170,2025-12-04 13:38:58.704764,0 days 00:00:18.801594,0.8679852665100924,1.2777931525606876,0.08493445816037383,9,6,9,387,0.06175881266556038,3.709473645065311,1.3543517992770475,0.7488738346415318,3.2814436015436583,0.5096790251224074,1.7076046538429044,COMPLETE
448,-0.5582284466254097,2025-12-04 13:38:41.764835,2025-12-04 13:38:58.658532,0 days 00:00:16.893697,0.8712750431503704,1.1333056134338613,0.09995128812864432,9,6,9,390,4.580363342876947,3.329032639525457,1.3488058947459445,0.7288807676143183,1.9965642400930435,0.7566279271009709,1.6909840522013175,COMPLETE
449,-0.5969047312024731,2025-12-04 13:38:42.153093,2025-12-04 13:38:53.801371,0 days 00:00:11.648278,0.8726780063127376,1.1171438860857859,0.08456050689374837,9,6,9,227,1.6630687863569094,3.3107422774024933,1.3528527176867353,0.7298357395287041,3.0945536514721717,0.5237383342988525,1.7039751187975918,COMPLETE
450,-0.5972694459826342,2025-12-04 13:38:43.080657,2025-12-04 13:39:02.807580,0 days 00:00:19.726923,0.8702850645570753,1.0132333950304242,0.04341370580379777,9,6,9,387,4.614648746876498,3.2809662780820563,1.3598727458704551,0.7475982209177329,3.298224142754136,0.5093028820772286,1.6907830915792084,COMPLETE
451,-0.5975516096750588,2025-12-04 13:38:43.182671,2025-12-04 13:39:02.567331,0 days 00:00:19.384660,0.8715578411379376,1.274318879400562,0.09987298176586418,9,6,9,386,4.618721732617942,3.2977670702550053,1.2841676134728415,0.7108100636515315,3.2679162853590262,0.6455833493544176,1.7020923497628702,COMPLETE
452,-0.5709423979675695,2025-12-04 13:38:46.174429,2025-12-04 13:39:05.526279,0 days 00:00:19.351850,0.8696223835545032,0.13853741326379881,0.09504694629870164,9,6,9,386,1.1696794580496397,3.284684713548764,1.287744675270851,0.7478725122986821,3.099535778807019,0.5240676416905145,2.921428696837911,COMPLETE
453,-0.6006724398869453,2025-12-04 13:38:46.231059,2025-12-04 13:39:05.471212,0 days 00:00:19.240153,0.8712203706803338,1.1334287696699124,0.09977181293722569,9,6,9,385,4.1157718544725554,3.7101000896283995,1.2781282863477814,0.7071681586403089,3.258774023551491,0.5221664988560148,1.6926421781657073,COMPLETE
454,-0.6008213975109213,2025-12-04 13:38:47.854309,2025-12-04 13:38:59.191692,0 days 00:00:11.337383,0.8932275748393006,1.0112892324954688,0.09941120672463427,9,6,9,223,1.215973227194695,3.3060669797587305,1.3526011454021338,0.7502813796255735,3.2876679206804247,0.5246362963251731,1.703425072449379,COMPLETE
455,-0.5531761943534366,2025-12-04 13:38:48.578607,2025-12-04 13:39:08.736782,0 days 00:00:20.158175,0.8929609123224552,1.131434079808879,0.017217084330735394,9,6,9,387,1.1980646193874223,3.3105245640386274,1.3558585446653626,0.7221727101670026,2.0825507154189484,0.523032934049921,1.7056564608063614,COMPLETE
456,-0.5988674539705904,2025-12-04 13:38:48.755038,2025-12-04 13:39:07.055827,0 days 00:00:18.300789,0.8924656767000456,1.1298732116114731,0.09944793194422305,9,6,9,371,1.3688091683330288,3.320888889326442,1.2839075548329295,0.7232642062486716,3.28301819149175,0.5240282344702574,1.7004566039341824,COMPLETE
457,-0.5979710549738981,2025-12-04 13:38:48.787087,2025-12-04 13:39:07.159510,0 days 00:00:18.372423,0.870092623090389,1.1401698059496368,0.09904317791964296,9,6,9,372,1.1336708185686228,3.3085440913140785,1.3389777814573334,0.7219183308480493,3.2690913191665762,0.5237931494424783,1.5151213122541247,COMPLETE
458,-0.600872656953012,2025-12-04 13:38:50.247149,2025-12-04 13:39:09.386991,0 days 00:00:19.139842,0.8680420377237691,1.1284726581155629,0.09980750369609445,9,6,9,387,4.110187060118858,3.19630056514613,1.351576847556698,0.7112280899872312,3.2783355095972473,0.5236725914324223,1.5250875089072338,COMPLETE
459,-0.5834787936523045,2025-12-04 13:38:50.571329,2025-12-04 13:39:10.481449,0 days 00:00:19.910120,0.8926213811757402,1.1427979321841124,0.017391911070916984,9,6,9,385,1.251448834079574,4.488213034624556,1.2828451217799055,0.747281118133727,2.680990051267539,0.5188250470001878,1.5300506962179594,COMPLETE
460,-0.5995919743286664,2025-12-04 13:38:51.058943,2025-12-04 13:39:10.520151,0 days 00:00:19.461208,0.8928985329833571,1.2484546801931453,0.043390926530991206,9,6,9,388,1.2398404267919167,3.3107490273397504,1.2861436030197066,0.7239097089041593,3.271522560468354,0.5217687415807702,1.5304157755393044,COMPLETE
461,-0.5984865006553123,2025-12-04 13:38:51.321411,2025-12-04 13:39:10.427638,0 days 00:00:19.106227,0.8933889582018676,1.126996228296013,0.09542622724568073,9,6,9,388,4.10427268482754,3.2034346712784254,1.333351974593663,0.7526515300174074,3.258505239836847,0.5201064193337308,1.5138413450522659,COMPLETE
462,-0.5990552105586847,2025-12-04 13:38:52.508415,2025-12-04 13:39:11.590358,0 days 00:00:19.081943,0.8929551700255355,1.1266847113093617,0.09558145898034073,9,6,9,388,1.144224500322573,3.1994820095383245,1.285952082854124,0.7121068453670766,3.2831525137047133,0.5222601108426905,1.5159588624446183,COMPLETE
463,-0.5779054633288135,2025-12-04 13:38:53.804202,2025-12-04 13:39:12.767491,0 days 00:00:18.963289,0.8940910956889446,0.7846031916547238,0.0999677605194439,5,6,9,384,4.183424040473457,3.211499191098329,1.2862651613756921,0.7223168213860002,1.8639205570870732,0.5198458041109041,1.5163012009467158,COMPLETE
464,-0.5482796391428921,2025-12-04 13:38:54.249436,2025-12-04 13:39:13.647961,0 days 00:00:19.398525,0.8920814874416956,0.5741637732062553,0.09558416275905111,5,6,9,391,2.0018866766016257,3.2113694832504662,1.2913873464500658,0.7225941847972158,1.850420809188047,0.7118367935948847,2.0686616123242314,COMPLETE
465,-0.5860598859960919,2025-12-04 13:38:54.873863,2025-12-04 13:39:13.412129,0 days 00:00:18.538266,0.7046639624190708,1.135272412724922,0.0936729609920955,5,6,9,388,4.113669956868315,3.1638013977008637,1.2790355290003195,0.7112107974472953,2.190555664685367,0.5229638925107503,1.532968458076319,COMPLETE
466,-0.6005686256229819,2025-12-04 13:38:56.404707,2025-12-04 13:39:15.932258,0 days 00:00:19.527551,0.8929117306570108,0.1447633406847046,0.09513836628565533,5,6,9,388,4.436959385139276,3.1938137579883037,1.2862780624923045,0.7218714420270165,3.393565202347321,0.5203478584081767,1.5191061090845641,COMPLETE
467,-0.5943848033503386,2025-12-04 13:38:58.219905,2025-12-04 13:39:17.136645,0 days 00:00:18.916740,0.8931208385677818,1.1382549525703411,0.09583089922267798,5,6,9,386,1.197743904714186,3.1824236074365513,1.2838970667372347,0.7118857860756324,2.6721517431582824,0.5215775555480977,1.5170682392722643,COMPLETE
468,-0.6011416898935268,2025-12-04 13:38:58.661091,2025-12-04 13:39:17.690363,0 days 00:00:19.029272,0.8930008320274058,0.9698934288553059,0.09536406375573139,5,6,9,386,1.8025231746102484,3.2269797008365444,1.997238472183828,0.7212089210247968,3.381129363609131,0.526502014686966,1.5271824715466884,COMPLETE
469,-0.6016614466416854,2025-12-04 13:38:58.707177,2025-12-04 13:39:17.784555,0 days 00:00:19.077378,0.8927655448994626,0.14645754342746237,0.09484393600802551,5,6,9,387,1.9190356998040892,4.803515449785447,1.283346013793172,0.7503827909767105,3.4002602402185977,0.5235017501253141,1.6544795902948908,COMPLETE
470,-0.5972723396773908,2025-12-04 13:38:58.834311,2025-12-04 13:39:18.035846,0 days 00:00:19.201535,0.89250331417519,0.587603294375055,0.09243738823588953,5,6,9,388,0.29677320721471456,4.7459261771366865,1.2806577817239595,0.7652595780709425,3.096794955879087,0.5223436282430761,1.6539734596609044,COMPLETE
471,-0.6003891109157863,2025-12-04 13:38:58.901691,2025-12-04 13:39:18.296913,0 days 00:00:19.395222,0.893821152443591,0.570146073028547,0.09553995476287097,5,6,9,389,0.2577916947441191,3.191618043581061,1.2886995005234907,0.7221040581094643,3.4004149404359922,0.5218648792654375,1.519786586140887,COMPLETE
472,-0.6017822756612892,2025-12-04 13:38:59.194325,2025-12-04 13:39:17.728471,0 days 00:00:18.534146,0.8919947837978631,0.6026312777183718,0.09505243696805149,5,6,9,386,1.8357281451776584,4.439107427190974,1.2888424333224526,0.7562737593216814,3.3859850800416678,0.5255885426500698,1.6516710441093476,COMPLETE
473,-0.600758833004421,2025-12-04 13:39:02.570971,2025-12-04 13:39:20.976532,0 days 00:00:18.405561,0.8928222382879054,0.13252653328560537,0.09505461211307618,10,6,9,372,0.24888483440732517,3.1803112517391847,1.2976859811262664,0.7229609843846999,3.3981799518571676,0.5238493454960897,1.6464949490430805,COMPLETE
474,-0.5910909503151712,2025-12-04 13:39:02.813065,2025-12-04 13:39:08.142671,0 days 00:00:05.329606,0.8917109854536337,0.05408569768143801,0.09542869373728137,10,6,9,93,2.040731535099616,3.180601855915629,1.8067869212168017,0.7221048311334324,3.393321114059892,0.5233369556867775,1.643810621882221,COMPLETE
475,-0.5678543802177853,2025-12-04 13:39:05.473647,2025-12-04 13:39:26.973284,0 days 00:00:21.499637,0.8926848577649097,0.13016941180936925,0.011786277241659513,5,6,9,406,1.8339283984471342,3.1830186120666255,1.2920350628462816,0.722051296772751,2.6909625998217512,0.5242245547078654,1.6478157965614058,COMPLETE
476,-0.6021984662642229,2025-12-04 13:39:05.529356,2025-12-04 13:39:24.068689,0 days 00:00:18.539333,0.8913156614438562,0.1247623459458258,0.09430736632883038,10,6,9,371,1.7483515606959217,3.1729923707162246,1.294643803606492,0.7614181689356065,3.4035559333357432,0.5205934486990429,1.6514857130777678,COMPLETE
477,-0.6008790251331381,2025-12-04 13:39:07.059733,2025-12-04 13:39:26.782528,0 days 00:00:19.722795,0.8925285326148874,0.8191652496081007,0.09364505342843686,10,6,9,403,0.2967757618941935,3.166878064633136,1.903839671262468,0.7100154544954848,3.406986392163698,0.5218956330574633,1.6510394763450553,COMPLETE
478,-0.5940443489447598,2025-12-04 13:39:07.162553,2025-12-04 13:39:26.802039,0 days 00:00:19.639486,0.7126478999270697,0.23194831171554314,0.09379770859640611,10,6,9,402,0.5675287865882916,3.188171650601231,1.3077279277720355,0.7228490511971346,2.6730474915128184,0.5223036304194051,1.6413508839887043,COMPLETE
479,-0.599984303849033,2025-12-04 13:39:07.889610,2025-12-04 13:39:27.810928,0 days 00:00:19.921318,0.8925270792454685,0.1279911729147606,0.09345125065370169,5,6,9,406,4.426342002325124,3.1765442259017287,1.937622681832712,0.7615372724429852,3.234340332896289,0.5222016509739779,1.6408610143704807,COMPLETE
480,-0.5989907107972998,2025-12-04 13:39:08.145665,2025-12-04 13:39:18.417987,0 days 00:00:10.272322,0.8914809528908263,0.23537759920476958,0.09453465227111488,5,6,9,201,0.2276527831249448,3.187022121264973,1.3023460059837535,0.7204361897577677,3.3992637900612084,0.520197746583801,1.6377357578284018,COMPLETE
481,-0.5969221253711601,2025-12-04 13:39:08.637194,2025-12-04 13:39:28.409320,0 days 00:00:19.772126,0.8319594179877294,0.13614329003045572,0.09468476303778486,5,6,9,405,0.5994021577645773,3.188185503537765,1.2980178243901865,0.6209332657607659,3.3972738689861877,0.5234367819141277,1.528492915700004,COMPLETE
482,-0.5980659157120564,2025-12-04 13:39:08.739230,2025-12-04 13:39:27.968362,0 days 00:00:19.229132,0.7444374602221641,0.22939077407958902,0.09383174277557636,5,6,9,404,2.8536523545922217,3.1639254960909415,1.3007208323135606,0.7122704089732532,3.393247041134536,0.5215464769308688,1.5226330009754083,COMPLETE
483,-0.6013392327527897,2025-12-04 13:39:09.391541,2025-12-04 13:39:29.316423,0 days 00:00:19.924882,0.8931116815142497,0.620545553815602,0.09440906581105557,5,6,9,406,0.35757890608102016,3.1793771751016364,1.3032344343649656,0.6204761230438437,3.394875229365781,0.5199669085364619,1.6525896926460995,COMPLETE
484,-0.6016326414177885,2025-12-04 13:39:10.430664,2025-12-04 13:39:30.073647,0 days 00:00:19.642983,0.8940018753498437,0.14179834440311256,0.09402487903711193,5,6,9,401,4.454995414273731,3.857170553782458,1.2902008364478141,0.7216891662743636,3.3983098154391005,0.4984237641608234,1.654841469807272,COMPLETE
485,-0.6006018369940838,2025-12-04 13:39:10.484155,2025-12-04 13:39:29.983963,0 days 00:00:19.499808,0.882407095674536,0.13832540145394628,0.09467119909687072,5,6,9,404,0.4126468518792997,3.4414337943889035,1.3122993926199795,0.7616329900309777,3.3746953572282137,0.49848909748287307,1.650459960016363,COMPLETE
486,-0.5956381733365197,2025-12-04 13:39:10.523823,2025-12-04 13:39:30.402360,0 days 00:00:19.878537,0.8850942902649014,0.22667109764096569,0.0946966340070738,5,6,10,407,0.2855077581093101,3.030143579769727,1.2989102215852655,0.6210640975455478,2.9067509299761904,0.5184927880071497,1.6556885874279297,COMPLETE
487,-0.5982207142816182,2025-12-04 13:39:11.592838,2025-12-04 13:39:30.806853,0 days 00:00:19.214015,0.7167005221311312,0.12458571583855968,0.09393405426298505,5,6,10,406,0.10671122308449896,3.0039653112739635,1.2269370299666105,0.7061451419064716,3.3948744915366778,0.4985054041075403,1.6496429114591493,COMPLETE
488,-0.6014783644014637,2025-12-04 13:39:12.770044,2025-12-04 13:39:32.243167,0 days 00:00:19.473123,0.8838938918835277,0.13027367016411168,0.09408651151477124,10,6,10,408,1.7797305626299411,3.033466990339245,1.4585253333151886,0.7124276376278146,3.4170359691959833,0.5041161822055701,1.6480764836329262,COMPLETE
489,-0.59999209908147,2025-12-04 13:39:13.415822,2025-12-04 13:39:32.285814,0 days 00:00:18.869992,0.7179303457489196,0.22695627059421486,0.09223733680420104,10,6,10,407,2.845797549648828,3.441727308977404,1.4599839030734245,0.7704559064869724,3.3888983201085727,0.5046131385876953,1.641630757918377,COMPLETE
490,-0.5816790603478134,2025-12-04 13:39:13.650520,2025-12-04 13:39:34.166925,0 days 00:00:20.516405,0.8825042635161543,0.22278243857373004,0.023217335187696524,10,6,10,407,0.019224095419367232,3.01308718626234,1.4575471192056615,0.6182229746843753,3.4001446026663453,0.8232040541607308,1.6505009184621244,COMPLETE
491,-0.6006599977196566,2025-12-04 13:39:15.934893,2025-12-04 13:39:35.067607,0 days 00:00:19.132714,0.8836490399078273,0.12877075098662602,0.09137674744667318,10,6,10,404,0.3972712042889084,3.005049272385485,1.2260841465929588,0.706676489489615,3.395064489173796,0.5044671840927901,1.6461093967879716,COMPLETE
492,-0.5995423816840287,2025-12-04 13:39:17.141671,2025-12-04 13:39:36.169119,0 days 00:00:19.027448,0.8825063143240084,0.20970842201351492,0.09217235379621899,10,6,10,405,0.44467604732017607,3.018749945842829,1.2227388794697736,0.7063888850318988,3.3198630593288083,0.49856163299483314,1.6492093399647154,COMPLETE
493,-0.5974311977494199,2025-12-04 13:39:17.692861,2025-12-04 13:39:37.220838,0 days 00:00:19.527977,0.7471199495289191,0.21154710243654043,0.05106284735371545,10,6,10,408,3.0089850622711873,3.0325423030810934,1.2260599613410397,0.6186666806668579,3.398759006940097,0.5039613089998074,1.6313858470517548,COMPLETE
494,-0.5988935344946671,2025-12-04 13:39:17.733072,2025-12-04 13:39:34.455919,0 days 00:00:16.722847,0.8830611258073217,0.6157697703991505,0.09244501186221285,10,6,10,354,0.42399287172574157,4.178927160554457,1.3168948864326413,0.7583724379871684,3.381290654106368,0.5042674368355792,1.6415594710075465,COMPLETE
495,-0.580350740929172,2025-12-04 13:39:17.814147,2025-12-04 13:39:36.925876,0 days 00:00:19.111729,0.88372595690281,0.5994491955328602,0.09299046581307104,10,6,9,406,1.8790789735224607,3.017948642593978,1.2267403622293476,0.7079266141474181,3.4020495522875542,0.8429796250007896,1.6553852781409018,COMPLETE
496,-0.6012541032354886,2025-12-04 13:39:18.048036,2025-12-04 13:39:37.005879,0 days 00:00:18.957843,0.882266719595127,0.22668605071119136,0.09408799620423026,5,6,9,405,2.910071467905145,4.251944391056505,1.3272090040586682,0.7722450461829063,3.3914376641079222,0.4982042163320716,1.6552078219845312,COMPLETE
497,-0.6001853354312833,2025-12-04 13:39:18.299553,2025-12-04 13:39:37.584013,0 days 00:00:19.284460,0.8855383223567138,0.22866406394213568,0.09209943358493602,5,6,9,405,1.720924274129196,4.807130267193605,1.2304493678481068,0.6211706892223169,3.392918700610025,0.5034399383264335,1.6458209645458817,COMPLETE
498,-0.6006168166248246,2025-12-04 13:39:18.425082,2025-12-04 13:39:37.060299,0 days 00:00:18.635217,0.8316270917787725,0.47667879603450414,0.09175589561849981,5,6,9,405,2.8511711733430296,4.9492764641011116,1.4575526504826293,0.7585753236886659,3.3724791439325976,0.5040729852084439,1.654822352973792,COMPLETE
499,-0.5840104757944805,2025-12-04 13:39:20.980786,2025-12-04 13:39:39.530183,0 days 00:00:18.549397,0.883996771452779,0.6381821091615071,0.09544025598281083,5,6,9,406,2.9477430769880373,4.619724895676789,1.2220132378192143,0.7636214771084804,3.360481170466713,0.8236546534559233,1.6491911488205544,COMPLETE
