learning_rate,n_estimators,max_depth,min_child_weight,subsample,colsample_bytree,reg_alpha,reg_lambda,gamma,max_delta_step,scale_pos_weight,weight_class_0,weight_class_1,weight_class_2,value
0.04141763487952216,108,8,8,0.8726348840496061,0.7818333682880101,2.754863756816141,1.7945579305460262,0.6998968809217696,3,1.7689065133634407,2.856401777866896,0.6908189409119733,2.3724973915302767,-0.5500260175147468
0.012009420668586531,466,9,8,0.7026067938713099,0.6212990808352632,0.06561305156360997,3.1482427915167555,1.4018238965714953,2,1.9467411257774334,2.2378462182404637,0.9206891284622167,2.517525853404888,-0.5167430600748235
0.055526536281790655,134,8,7,0.858051462063951,0.6067105331910947,1.219902509480784,3.493037333289779,0.6101755659377319,9,1.4381597238911716,1.6550354858535579,0.5331254772955882,1.6094836723151578,-0.5352820387940044
0.034611492699408844,202,8,4,0.7202462457791207,0.8100083534244418,3.7517453240737337,2.3430282223993233,0.7923632042264843,0,1.7182035611127073,3.0286332855468525,0.8400978714624261,2.7830594679668543,-0.5532503348247655
0.010125892043359465,145,8,7,0.8958050801789411,0.8341374321606982,4.3035971752780355,2.971813485673934,1.493471805313071,3,0.738220440743502,2.7403224833377884,0.8850197202534191,1.7619962669982487,-0.5375030537661113
0.08671387830941148,448,4,10,0.6168253735178827,0.6349854437089026,3.608344844485319,4.682449802956256,1.8529789076087804,1,1.4693736167940665,2.3704345038338968,0.7513154722163509,2.8559324064903446,-0.5348665303459373
0.024001324837239258,333,7,7,0.7346905963725054,0.7692465479097156,3.9304159628935698,3.0966360639125035,0.8624206870673585,10,0.5833087043942613,3.4923664857279597,0.870601631210767,2.030358668407692,-0.5840779727217258
0.023139960112717732,243,7,6,0.7420489447952592,0.737901860124722,1.398533043685863,3.1415960840885186,1.6419821903154543,7,0.9797289271629737,2.752848368548826,0.9305536272445756,2.5694672917843917,-0.533490334294102
0.0340136470624996,425,10,3,0.6511636995544119,0.8988503933964718,4.774082003423279,0.12256219777749378,0.8392020084471283,3,1.498155129744879,2.9662755453150353,0.7488066966971669,1.4779160353350425,-0.5752260537168673
0.0982632256021912,138,9,4,0.7006420346561791,0.7004595835479981,4.2507405819200175,0.7449964455268887,0.24117090773219596,6,1.5176235641303824,2.2916354021632928,0.7928330710878858,1.6885071690390487,-0.5560563377072357
0.017215428009803996,209,7,1,0.8876963989692638,0.8474655833324009,2.3139324983672256,3.91907436830914,1.9181823170083654,0,1.0455612642341339,2.4026092543327624,0.6427740547696653,1.2510476909841493,-0.5644550428732966
0.010068059683656394,395,8,4,0.8729986554619613,0.6168252845394614,0.9884490712328842,4.832187207958163,1.6527273455315985,6,1.5149900997328263,3.1365586142241177,0.5105603295199173,2.3155369922717246,-0.5484980698682327
0.047892104765336396,320,7,7,0.6615961499025144,0.7385990095800969,1.9304001697603812,0.9843016290570883,0.7214521045351112,1,0.8522254224610744,3.3622574353230457,0.7176444466840137,2.370351712120331,-0.584612208900885
0.02463205298618366,428,3,9,0.7384161702758534,0.8010052303104744,4.1106705863561785,0.9625508828405727,0.7509995782239489,2,1.1699835430043133,3.3935507314759152,0.6026819527316835,2.0141047189332006,-0.5595153240949939
0.038740469875100686,401,7,5,0.7501617681126812,0.8922058045222742,1.4620377840754706,3.754182936805146,0.6482516323585621,9,0.5736414188651795,3.5979771911386216,0.5192724409821988,2.9124322047380997,-0.5774115683103612
0.0141626406466333,77,5,7,0.8407823450196938,0.8691479606786314,3.9384693968531854,2.056733362504887,0.21612368377298607,5,1.0293841927717735,3.4422587183380466,0.8822780598833038,2.4037373079206055,-0.5195777989198967
0.07345339663024876,233,3,10,0.771304541212473,0.8144488522892418,3.5981577543450527,0.5271104880142424,0.9924475735004219,1,0.6524787910608143,2.82714094617188,0.6915300163542698,0.9846146753692854,-0.5318690856751759
0.09981914705189256,152,9,2,0.835382128180759,0.6361981875974685,0.8887374619248573,1.6454418666444448,1.0841940351722725,7,1.4288617108235815,2.9443148797358085,0.8345143068496156,1.527116512864828,-0.5577933650522259
0.025727409295600658,455,10,6,0.7835763413929837,0.7789675981213743,3.185136790711577,1.4441830469185084,0.43504026504137094,3,0.6787860712664417,1.9082782753403376,0.8661966307087979,2.4938885388886325,-0.5298095448328431
0.08207623640326078,348,8,5,0.7010966328902623,0.6258359634899904,2.011184246380762,1.6226020203512532,0.38893729656056286,4,1.21677975441938,1.6617921933997493,0.5295080179416156,2.0480802384196166,-0.5471347780427831
0.057579872510532974,99,4,9,0.6416934060005521,0.6255353259755513,3.310409964311258,0.5446345521204998,0.13329322941623656,5,1.273339662545305,2.644064806902652,0.7987957948116132,2.473007034955261,-0.5043153974109028
0.07262708935150042,374,9,6,0.7567720642663516,0.8834405173121738,4.343352737626897,2.6648262926419704,1.4183169822692427,2,1.2607649845807067,2.4168411322477907,0.5777211455855168,1.2490444921636792,-0.5825746642182668
0.01875487219135547,106,9,3,0.6571125181946867,0.7639879255161499,0.10807399174638022,3.6468290542226582,1.9478841977141308,4,1.0775777640200985,3.4374539295113813,0.8009682713629729,0.9793819632497696,-0.5047024560902257
0.036730787894183256,475,7,6,0.7279221095071029,0.8337720327271936,0.3632156834902883,2.8346070811885236,0.5592313342799571,7,1.0124002468885926,1.4762258605463512,0.6436061576256126,2.022862627753416,-0.5297119313223542
0.05013977494798545,89,10,5,0.8477774034142999,0.8847657257429576,4.56498711472293,2.814082823865254,1.306594824314701,10,0.6070729159951557,1.7755815635201588,0.9087172457793999,2.60952176388518,-0.5040424934742586
0.024797152096044266,198,8,1,0.8179705671921892,0.7212227844493027,2.5024434699113125,1.9565144299390258,1.3159726542834689,6,1.8418710491600483,3.002170168745277,0.9253064238569446,1.9535870208543515,-0.5590793031900818
0.06430268505922655,265,8,5,0.8681302142545867,0.7677148844741786,2.5162671853380685,0.6718012982323096,0.13443913393684892,10,1.4246822935039045,1.956314421994434,0.5412564167033511,1.1884469263980166,-0.5793955710493095
0.05570529066420053,279,10,5,0.6051679464835038,0.8789262891802144,0.7666358755287639,1.3992579174757709,0.8848290265114476,0,1.7664012768959987,2.2338636605165547,0.7144652145824328,2.2933548488905506,-0.5554056251336983
0.010961353131603091,64,10,8,0.685977870333693,0.7719088600180259,2.124617057329068,2.2632062589615973,0.4359365462133047,7,1.400207559022559,3.270175539941409,0.8329926685736855,1.9960996754832965,-0.5669890434118678
0.04434190167665458,248,3,5,0.6958618155167783,0.6531322436802767,3.0233038497565863,2.203037107946108,0.17008024558067047,0,1.7674825207420182,2.2261271666927387,0.5246799123845345,1.2348726906237748,-0.5594853887514534
0.0577483075909451,234,4,4,0.8428710709003191,0.8243607299026727,3.5216214560059416,1.6293342889169682,1.2616800025561605,2,0.8376068931850789,3.027378394168016,0.5534573026843815,1.5115742738961557,-0.5871354088385609
0.01905229469111438,285,9,6,0.7941283072785433,0.7389703883602919,1.104892385918994,0.19146531680924783,1.8807232287763158,0,1.0025620318298691,1.7966335237305775,0.7668851482939605,1.6266512723943058,-0.5312130789723118
0.0846012501924923,408,4,8,0.6859231258358667,0.6330187415786738,4.737886769978215,3.564388139875891,1.6130505306006642,3,0.5082216510868968,3.248038163219067,0.6037132896690836,1.7757523213035813,-0.5954915065195334
0.024235457087433136,427,6,1,0.7746341760755513,0.8985490184974858,1.7627054797001984,4.982152795653887,1.9795832898632353,0,1.8770009097898288,2.0953339399326967,0.5745673843552841,2.956641597877204,-0.5107637040644527
0.024344679141779794,472,6,1,0.7559066524111138,0.8673542391460617,2.055434237032957,4.71717853049348,1.9894965926080925,0,0.9695188691891299,1.9245432541279155,0.584943872731098,2.0711243827666515,-0.5402438079923306
0.028592989927529597,465,6,1,0.7833767817157026,0.8972301587992167,2.215925196704116,2.486792062894636,1.202253886943979,0,1.9619060417757197,2.228121230351354,0.5754969439432935,2.090602054294857,-0.5583700284249858
0.02816090642708006,447,6,1,0.7880157000154336,0.8351178991066732,2.342052587181189,4.955591548777134,1.9755440541540341,0,1.9455743780029122,2.1127596117181136,0.5811051226233281,2.1179846668617732,-0.5481849250132574
0.024907227718138938,382,6,1,0.785680191684962,0.8641685091235092,2.4024139585929385,4.926077026268912,1.947744432746265,1,0.8658939219136084,2.2072333587638617,0.5987935168485398,2.0438731576722264,-0.5491146675548564
0.02316527773129121,346,6,1,0.7950817411738603,0.8501155236606456,2.052388187845677,4.998112931009954,0.46742577405451824,0,0.8672929222444523,2.116938455939998,0.6016347491505506,2.1154923719780867,-0.5367871768060595
0.010280749673698195,351,6,2,0.7937122201164232,0.7019330068337473,2.1409740661363497,4.457195137594875,0.4434698393767098,8,1.9476726853506,2.0583499912808576,0.6290855856651087,1.2816221891002635,-0.5430168607163368
0.010644481199912181,346,6,1,0.8117032730956822,0.7245683062317296,1.9876931196837802,4.461899534759226,0.43498128621305676,9,1.967098516381749,1.9498301662228052,0.649688417754901,2.176155124437804,-0.4922818091168004
0.033255128722469614,331,6,8,0.7806403261551699,0.7237891929400333,2.1477599812837105,1.2906860527160582,0.4303547726406672,8,1.9944982176711816,3.6269406719518797,0.7287894479373507,2.1450896666933357,-0.588957734423576
0.01068666137878371,333,6,8,0.6699905674420592,0.6878812830185762,1.6962412074623834,1.2121717936791918,0.4428211726725049,8,0.8786437078203904,3.5993660727754477,0.7201424875515674,2.184610133578084,-0.558538710256795
0.07088233840837493,331,6,3,0.7782930243518227,0.6934666740909807,4.950131532359639,1.2993194749976482,0.9868935178724745,2,0.8387170567112785,3.620143615583818,0.5806615585692615,2.2154395626947654,-0.5962120697051909
0.03673086138711075,332,6,6,0.7869829968913311,0.6894097104369408,4.764926904161052,1.3544088286629414,1.0356461405732258,2,0.8143493035523812,3.1793371749056667,0.5731162281903894,2.2051651966207055,-0.5780185947875199
0.03317015316614853,323,6,6,0.7785922179683044,0.6906926253142159,4.973982372816907,0.0022441773557129174,1.0114707200629012,2,0.8539410770435251,3.220922898577517,0.6047721584584691,2.2453569039662717,-0.5743888053488002
0.029725827654339215,315,6,6,0.7878658154741396,0.6931615944334562,4.796433544473858,1.061608318334689,0.9545362260823371,2,0.8121644743833701,3.2170003751758447,0.5880172650367531,2.2877721596449283,-0.5690281733081033
0.03420326135163758,319,6,6,0.7901812748154906,0.7182973247170301,4.921251971137408,1.158700445360982,0.961816038636094,2,0.7913737661670275,3.182686695904529,0.5957319245028069,2.2167630316023694,-0.5762048200397653
0.03117814422878706,310,6,8,0.7756714213859855,0.6941044131384343,4.99992350495401,0.09631362159734969,1.013555348482126,2,0.8385430600385079,3.1895872035543964,0.7256879782003173,2.210315067662761,-0.575354803616006
0.03223799909921647,320,6,3,0.7955267879194418,0.6860544822337277,3.2084809214205694,0.09562059067700235,1.0193917728165256,2,0.853254777536122,3.1830802507038936,0.7420440278148066,2.2217781772545333,-0.5728930964800658
0.04887952719224394,306,5,8,0.8042104123198673,0.678999338184101,4.776867073549792,1.1704627982563354,1.1067243865474432,2,0.836961162633134,3.172550554041649,0.5751410725967285,2.248569106123884,-0.5744759419184905
0.029725325648284805,305,5,8,0.7917431177729913,0.6609725174198049,4.984716293159227,1.1572642494964054,1.1044240526624873,2,0.8264580674277997,3.2143706991337098,0.5864877349035575,1.4017867773388475,-0.5800915560019827
0.06491489608025997,314,5,8,0.66509046856007,0.6845521754965145,4.898305177106834,1.2732150809676341,1.081095724584058,2,0.8269937154114456,3.177375817125043,0.7319052177699359,2.231143756107981,-0.5812367267472415
0.046828781563277244,300,5,8,0.6507081833551264,0.6815438024068016,4.978364067174848,1.278578198571723,1.1313421909214474,3,0.7277773696661143,3.2022722994501747,0.7311731178565508,1.458429788368626,-0.5807598470038173
0.030537046895661047,313,5,8,0.6439433589187571,0.6878029167097304,4.9176435251346255,1.3271313417862238,0.9573686812671909,3,0.7512663620576469,3.627416873953311,0.7325668672050695,2.218686078149674,-0.5735282531053769
0.031263919057217204,322,5,8,0.6607235270223107,0.7906067549010176,4.947085906515495,1.299452999985181,0.9733488544457914,3,0.7293437213560103,3.2082541169182046,0.7368163879804847,1.4705863042584455,-0.5781917450030417
0.029486283829950916,303,5,8,0.6732187013642467,0.6728890306217207,4.638414707790874,1.2213179894837038,0.9709613637793622,2,0.5270409702978797,3.198539115665042,0.7514580703374909,1.8517134049734043,-0.5731046714160328
0.03182198273605322,301,5,8,0.6569288486747036,0.6709300255502056,4.7405414205206915,1.2649380230383678,1.1453041664337502,3,0.5007400336169068,3.1846589747739027,0.7410983950368214,1.8536395600712716,-0.5735311110460108
0.030906907108000432,299,5,8,0.8225653893875193,0.668611299513569,4.833248134423247,0.01304804023932249,1.1218233489039704,3,0.7563017508357608,3.6119470747263134,0.559233487943465,1.8541674684828204,-0.5817885402019234
0.03208878237343208,282,5,3,0.813068363897267,0.6639641685533266,4.646468378719642,1.4196927088573075,1.128515659881895,3,0.6987849205804086,3.214068312865506,0.6755748235417445,1.4734830833359163,-0.5796112741209781
0.03215615438005537,298,5,3,0.6102516053522963,0.6693516281790407,4.8657569389913915,1.3778803494401763,1.1225302566342334,3,0.5001269251947085,3.230917105110285,0.6822424537921042,1.8441664281395098,-0.5768732886301402
0.058889148312247064,307,5,3,0.6069863329132695,0.6565773228056248,4.940150983105223,1.3510493303856408,1.1875089212182495,3,0.7009429045912754,3.172643435157989,0.5534514317977061,1.8411814300801748,-0.5911083575452624
0.058887111336304684,294,5,3,0.816233868260359,0.6662589627151664,4.990846763677661,1.3871282151352256,1.1615323527286674,3,0.7136189324291683,3.2565415082306077,0.5518032437202433,1.874908614429436,-0.591120718629991
0.05774541857950077,298,4,3,0.6009215045805847,0.669362861759603,4.917879592130106,1.3543248931611387,1.6480718410195947,3,0.5127063110989287,3.2384471900858753,0.6736754322676047,1.7955283772890582,-0.5856332260679162
0.04636269302007602,297,5,8,0.641260869586855,0.6553600517207162,4.8489867860968605,1.2315944248218733,0.8950920469873398,3,0.7063884897754702,3.2882177727059654,0.6825788346617323,1.8086881693532026,-0.5878053506859845
0.04409938676362865,308,5,8,0.8213987404303129,0.6670419872100999,4.844256883768405,1.1355671150679645,1.6576441318217072,3,0.697728233417219,3.3132293569052185,0.6845589733233677,1.867174370589653,-0.5856582419413133
0.04566477677213543,307,5,3,0.7132963426573575,0.6502351289935844,4.620233367073104,0.9511156092604002,1.627651672600153,3,0.7186762420243163,3.3042737878099677,0.6813200778271838,1.5068969261411933,-0.5866425472073722
0.046071519897050515,296,5,9,0.6344334095665095,0.6664733682347658,4.557003907144894,1.0035812099809915,1.616838072210211,3,0.5041854979150254,3.3246188878871923,0.5511512813351058,1.852442158131494,-0.5874940452617768
0.04985752043112074,303,5,3,0.7171171478162613,0.669640442414032,3.019167434418224,0.9095716824221608,1.6201838341041241,3,0.7105951778623278,3.33678197615834,0.6904629382445728,1.486828469041126,-0.5857572412194431
0.06705125809995484,291,4,3,0.7173408958353683,0.6654877913308773,2.7398588195164364,3.3920182501393965,1.6178124130958307,3,0.5140126916474128,3.332019064843671,0.672468777765212,1.8469256845295279,-0.5872077062924167
0.06519086071952457,495,4,3,0.7199814448166288,0.749163818781697,2.83946043199287,3.3987860836891657,1.6521053377909563,3,0.7134956184770398,3.52338235169589,0.7475738142212012,2.6743509039519533,-0.5790805791874304
0.06553877280823375,370,4,3,0.7184430632434362,0.6024408379248875,2.774101880009134,0.8286319503046173,1.696414310546229,3,0.5177006063195904,3.3326006837821054,0.6817952157014233,1.8765518306953783,-0.5908287892000613
0.06379553125774703,407,4,3,0.6275480915532647,0.7924296295337412,2.8538669450555347,0.8193918591300305,1.6256273902979141,3,0.6829713578668174,3.344001266036541,0.5469105327919277,1.8398559566815487,-0.5945085011367487
0.06346071526253366,183,4,9,0.7174717871283326,0.6022476427913067,2.7771369640187933,0.8978014271878569,1.7241921920555816,3,0.5052270993351579,3.3288379638182835,0.6665282089060378,1.8317146242881468,-0.577029382700941
0.06599048565251091,365,4,7,0.7293654316680906,0.7945869115544122,4.463178416319891,0.8212132963965176,1.6432935586853736,3,0.6794813316513786,3.3338999043561346,0.5532960526625624,1.8770508676566715,-0.5928231116491384
0.07175264124335691,496,4,7,0.7134938462719722,0.6010304954472261,3.8457284263699454,3.3042126473199724,1.697863512275362,3,0.5287621909160743,3.5344239214367743,0.6864835172876662,1.8497064565637518,-0.593351848345824
0.08896875041905643,371,4,7,0.7230576837611603,0.7861066496117537,3.9110770626521663,3.2509903939634315,1.65912427710329,1,0.5120338225927822,3.52480437212527,0.6909334096897249,1.8171161884644191,-0.5949519079858656
0.0878840840199313,376,4,7,0.7161323585472487,0.6039356905739095,3.8146881830907446,3.217568673001496,0.7589775435455148,1,0.5112824800379088,3.5040498627957057,0.5570754858350951,1.891475663020241,-0.5949354369919515
0.07606972490811637,364,4,7,0.7136859625376847,0.6014906361436905,4.033273723759674,3.3312903125368463,0.022016495257139557,1,0.5057318037243453,3.510289215481666,0.6952965434980561,1.8318518782006659,-0.5908791512599104
0.0896127480762969,367,4,7,0.7137001093039032,0.6037949449134555,3.867591641764133,4.026292072853879,0.7233877332001093,1,0.5008851895274884,3.506630894635206,0.6843717883842516,2.639628757310289,-0.5748413973893212
0.07440927391733371,180,4,7,0.7175617397152221,0.7927547000542936,3.893719345833889,3.2815862044383337,1.6360052374267768,1,1.6541501832920114,3.5101780523029276,0.6977083799020193,2.390339879998046,-0.5693359745294367
0.08805964560024482,166,4,9,0.6324760929682958,0.6448569106707933,4.391295836248059,0.8746167654644585,1.7419550671454507,1,0.6501180969526341,3.3571037494586244,0.6971964070267244,1.7338243367945254,-0.5845409344055187
0.07759541736209524,216,4,4,0.6312868430885189,0.6495866619321431,4.279880610615848,1.6575356662364693,1.6619845970330562,4,0.6478689649361136,3.5004928251820973,0.6234606507297535,1.7377532928394572,-0.5901217826536471
0.08570915268256457,183,4,4,0.8296566392134588,0.642370945857106,4.3918270714010035,1.767791564433031,1.6798188961460196,5,0.6679835786360613,3.335990286952384,0.49952110480598194,1.751694053994556,-0.5854577121888817
0.09008414206676826,499,4,4,0.8336435624708733,0.6010795425585718,4.11266017975292,0.8891297344662905,1.7037737636341526,4,0.6448071678502262,3.3466207467160674,0.702115130388233,1.731535284989649,-0.5954324773067269
0.0883050831547207,214,4,4,0.6222136357291044,0.645578389955464,4.459358725081413,1.716090381730943,1.622746215746277,4,0.6446400465905795,3.358011050788292,0.702946665396048,1.7428816738665813,-0.5888076181802161
0.08042579426479579,257,4,4,0.6249046227012764,0.7097290875043963,4.4629329978036845,1.7285042058572713,1.6504577773693565,4,0.6400706345411086,3.35015479949598,0.5033403247673354,1.7091095801680602,-0.5914842910041908
0.08222197800908503,254,4,4,0.6215708351187296,0.6033530753667193,4.387297319871992,1.763409711605115,1.6527257052046622,4,0.6263860928433771,3.0697524265803224,0.5021516658913681,1.712904988852813,-0.5893519833854667
0.08402746294339311,257,4,4,0.6309753913007321,0.6441067882253418,4.334581048099024,1.6327069196086024,1.594271289871579,4,0.6470404989655496,3.069731046050164,0.5536004439287641,1.7031271179061962,-0.590548363043043
0.08852198504168336,263,4,4,0.6297439387631876,0.647011748204526,4.396537370852076,1.6898895741234163,1.5286233144580248,4,0.6414567204015407,3.519992651007702,0.49916546537116546,1.734170556766669,-0.5922366218631926
0.08775541515248338,260,4,2,0.6268239662672165,0.6445332666075537,4.424217960769816,1.767018532565543,1.4656478713469911,4,0.6365483071846966,3.511044635529773,0.7001076282259617,1.7097939267505717,-0.5903991578538093
0.09024174027742828,260,4,2,0.6291309565848391,0.6421046354402665,4.4332915233111,3.2950018964905303,1.478340090094005,4,0.5933361871110051,3.5349259684343224,0.6207746843769595,1.7336281696605533,-0.5929999752327215
0.09081684326573417,261,4,2,0.6199770627009995,0.6372856944077464,4.36845826246771,3.4028947742206173,1.530491720083298,4,0.620035000609404,3.4748308431176715,0.5017759301817479,1.7184662275663738,-0.5912605477951582
0.08499602904188919,254,4,9,0.623388606046721,0.6345390246790537,4.35161012654295,0.4106333026726079,1.4724302095822015,4,0.6016535429483204,3.5224900021953514,0.6197251555270543,1.6682503100085209,-0.5919575530827466
0.0826975157593038,268,4,9,0.6264567756263487,0.6360771907806804,4.399450234864435,3.220695833379229,1.4632222868317686,4,0.6198906721142108,3.5267405835101813,0.5014493214385287,1.6858265888567787,-0.5905907394575645
0.07388023840721299,261,3,10,0.6219157898392673,0.6143613450667702,4.453462365100037,1.8091825502574486,0.024749026811109798,4,0.5945846449744652,3.5371162549030974,0.5465505698078655,1.9236973681643261,-0.5782028915156723
0.07446502200350287,260,3,2,0.6237052927610159,0.6125049871563236,4.063644669909426,1.8350356268164227,1.5208720950871877,4,0.5954935092724364,3.502365176975416,0.5124519538750749,1.9524382945854801,-0.5760966198905804
0.05274614128885775,265,7,2,0.6235132099903955,0.6165324940946828,4.50091705363317,1.8130062044889732,0.02632756394046254,4,0.579633748730668,3.520621756576845,0.504172320583257,1.9336690943515933,-0.5927973572190894
0.04139247116309448,266,7,2,0.6262026736793325,0.6171403301528384,4.422923045953604,0.41978413715581375,0.03519458359205585,4,0.5960435584477879,3.534574650290549,0.5394766881210502,1.629370776697451,-0.5963234384538977
0.05369031875239564,409,3,2,0.6256484939788742,0.6174013599350244,4.075730824153367,0.6832903123141215,1.5399953428098576,4,0.5819197852170006,3.510360095849335,0.6135361122299228,1.9256200640244174,-0.5825248381788685
0.07950814633368167,409,3,2,0.6175454974045489,0.6187723755750683,4.1171115967127605,0.3902187560392585,1.4867642656573767,4,0.5904534661458106,3.5191607956989355,0.6195670212654377,1.9240853339509405,-0.5895265533930574
0.07582204724288229,411,3,2,0.6162489243379105,0.6106111685772859,4.004201051143936,0.42373573790419233,1.3949343375518328,4,0.5862961908538739,3.518645882233719,0.536269143943841,1.9487130882413626,-0.5872859599282938
0.05356017798424492,395,3,2,0.7651599035535432,0.6336844781944811,4.180507984076456,0.43173917872972845,1.5165013883791285,4,0.5909812334331656,3.088347497613257,0.6237067790921755,1.9267810978840194,-0.5728557291133011
0.08027499730270425,404,3,2,0.620506786114926,0.6144817809450503,4.206259373064035,1.8993198667821596,1.5392949035347747,4,0.578773404306662,3.0865777764896327,0.628801209299198,1.6576228945406286,-0.5870741433603421
0.07847080105074962,265,3,2,0.6244548606079979,0.6129992816123779,4.108331968985136,1.8908365933660043,1.4312451267391193,4,0.5909507140347556,3.0639065249969386,0.6231114998273545,1.625818317916258,-0.5810851220482144
0.07633220214004602,406,3,2,0.6272968178880166,0.6161402391230366,4.12595972949078,2.000111396381175,1.4548428375297449,4,0.5770105964567201,3.0912839674668176,0.533615350812458,1.6412281698270714,-0.5891859146831206
0.0966130940020464,401,3,2,0.7311054611572806,0.6177894971698682,4.039119714510922,0.29137718685803327,1.5396553214612014,4,0.5753580965854832,2.89875627782468,0.534183682087145,1.9379332965403955,-0.5822482790583803
0.09270956488380201,409,3,2,0.7437759439962349,0.6140956940926493,4.098201324905698,0.6637101899459898,1.5166427353223264,4,0.5823185226811034,3.4303140060151094,0.5364188644168947,1.9511783019892,-0.5891933019409772
0.093407089233775,409,3,2,0.7297706313164835,0.6200642935576265,4.041229660522909,1.989843529186714,1.4929719932563772,5,0.5592009048950642,3.4278094776254098,0.5361440841692209,1.615244701527044,-0.5917267069654902
0.09861231945701944,405,3,2,0.7637990572735375,0.8137978357940945,4.097797796007597,1.9714360067363348,1.7769318446139302,5,0.5796628586167359,3.4339326675114346,0.5370603978627063,1.6266209252028794,-0.5925406975484073
0.09494839304954247,405,3,7,0.7366616037678083,0.6136848270337836,4.077406671130263,2.9984760384895552,1.7922876467269067,5,0.5625109290307502,3.4415426718503874,0.518547268495344,1.9404297713021004,-0.5885493751902172
0.09380223122599098,409,3,2,0.7336509246488507,0.6231443590697513,4.150355098212496,1.9148534924833358,1.811216515170252,4,0.5774322756033456,3.427721340135896,0.5139385919498396,1.9439935035170957,-0.5905707825911696
0.0937206158843974,413,3,10,0.7318451340213059,0.6160901261765818,4.106228850263202,0.37615685204031424,1.5297524510298088,5,0.5733663423469921,3.4180830638184294,0.5140008859517157,1.6090663159879717,-0.5904196979015991
0.09394522132621845,405,3,2,0.7324127255591614,0.6212935416255427,4.154002043817465,3.8262145770968115,1.5384186431710967,5,0.570990576621476,3.567379133567149,0.5371383010090771,1.9358714706394398,-0.588980891705857
0.09499299494471206,407,3,2,0.7451201820885608,0.6297714531085183,4.183854037488523,0.3144600706625773,1.5276608210481606,5,0.5834514975834469,3.4198157445206694,0.6139131742395959,1.5708125963615616,-0.5913878287404425
0.09497037995680543,411,3,10,0.7416253517549053,0.6230287713411268,4.119762139452156,0.44830506968627226,1.8229474899944254,5,0.5786047278842162,3.4203184989482796,0.615456292429037,1.6275316120142316,-0.5922422185015471
0.09439181768541056,406,3,10,0.7426130750361603,0.6149274470064766,4.214165161591366,0.47181030451994793,1.8273525830721697,5,0.5586861118247872,3.4152833186800473,0.5184739046404089,1.9320584190018388,-0.588682877390677
0.09683841057002612,405,3,10,0.7324566794553039,0.8086772740942739,3.749848794878228,3.0704339238261955,1.8246989325622267,5,0.5506203681087128,3.39615951906728,0.5352834861756378,1.592998625225517,-0.5923122488884304
0.09657686162910549,401,3,7,0.746032496654298,0.8130124702628936,4.179907815486467,0.3496762075270046,1.8005951436830332,5,0.5505051375597035,3.568549713839292,0.5341478676601329,1.5925574479123052,-0.5911349387458505
0.09542254619346666,405,3,7,0.7297828385794106,0.6245831383209148,4.204279417161979,3.076923253864579,1.8256193706959727,5,0.5549138099201978,3.4218596473483176,0.53515451708708,1.6030093705912007,-0.5912571113934323
0.09734298713392177,411,3,7,0.7294625725650098,0.6244153728267574,4.18893955131346,2.949238611983807,1.8055376552688918,5,0.5539944182357485,3.427784065487588,0.5347154502125406,1.6381671818857253,-0.5937551868358785
0.09557228811062975,394,3,7,0.7316240522791204,0.6266831230579714,3.581982884756839,3.70847076795953,1.8518205499020168,5,0.5574201537243983,3.4266140720651057,0.5655281601660567,1.9961512053859205,-0.5896519600718356
0.09513653814345063,411,3,7,0.7346409626398575,0.6255640603824192,3.4939996359855194,3.6029889450609933,1.767766495378945,5,0.5463377114119696,3.4134564057865036,0.5380502731186562,1.5780695615130291,-0.5916456285893121
0.09405931738650843,436,3,7,0.7411055416668644,0.6273537601452283,3.4807957966787204,2.9474623621177303,1.7824700884446483,5,0.5519641531674405,3.411859662215523,0.5641768432085182,1.5782983517006306,-0.5929013800761144
0.09487321459938587,388,7,7,0.7320884002572557,0.6249754883520653,3.6918553972530077,3.0096233903223903,1.7983457720369855,5,0.5566186358044549,3.4100762125425113,0.5359649276610514,1.772125886018122,-0.5979544520336445
0.06970965208080707,440,7,7,0.7411427226835752,0.6228019015529795,3.721563476457377,3.052213310988864,1.7947049142384663,5,0.5422034778081593,3.4227755697121487,0.5636507562738287,1.5511813786250408,-0.5980489658255538
0.09974627665310744,440,7,7,0.7327994535674646,0.6266376919208139,3.47816080484986,2.9748647192349322,1.8557801843380268,5,0.5660009351721691,3.428987173747727,0.522417289313858,2.003562228805071,-0.5969694899977308
0.06954007691903831,441,7,7,0.7311275246487237,0.6274028151161515,3.6551032332034903,3.0825000265162874,1.7951955086339633,5,0.570275416783832,3.4090435451648586,0.5634658445990329,1.5954146117716075,-0.5988092004370784
0.07124424593067724,493,7,7,0.7337176404092037,0.6275511160495558,3.6849064813991563,3.000723300833611,1.7931352044490703,5,0.547039191626112,3.4230401796603234,0.5624185764725373,1.571660454632806,-0.5988334261367991
0.09389166368353004,441,7,7,0.6869348154530526,0.8057695850565654,3.698771787084162,3.649391277963674,1.8175500389568986,5,0.5518997767242092,3.4113272213267796,0.5183460643084423,1.5502111895348336,-0.6025512417121293
0.06938442254148319,436,7,7,0.6841569798616999,0.6244840673892639,3.6620274960426937,3.029147610965536,1.8101762012469045,5,0.5463200881563505,3.407225280323874,0.5658386875754309,1.5658046858053205,-0.5983469322015073
0.07125559567086481,441,7,7,0.6973036275099617,0.7818505253967889,3.712706770240935,3.075851435136461,1.7674124006626553,5,0.5425221588399913,3.58575076355899,0.5660829354722754,1.5972220873510636,-0.6004797978440798
0.06901908716162382,436,7,7,0.693547612507326,0.6246397434465759,3.666712785448411,3.0639992358209875,1.819533299224619,5,0.5436384499335211,3.582681711056586,0.5678950923583524,1.9976869759772848,-0.5981279280880284
0.06925846951341497,493,7,7,0.6998308042152741,0.7768563124120278,3.809823060316645,3.781752231883051,0.2914180095058867,5,0.53882282441686,3.394958712824073,0.5643983496719888,1.5724880151701068,-0.5991439442426314
0.06984912100637285,442,7,7,0.6855639623182049,0.8087659456681338,3.4795134936465293,3.6361496539199116,1.8107288624936044,6,0.5407081927177313,3.3986935674524523,0.5709086051033819,1.7866599073973821,-0.5999633861764888
0.06912971485638306,440,7,7,0.697879792741039,0.8024331233418938,3.7377946114111658,2.6949762585359904,0.3219631689424123,6,0.5501837570150243,3.5694868217687086,0.6595692391198391,1.5683496213208374,-0.5951961325465407
0.0712012634152991,439,7,7,0.6905151101783815,0.8071564130855471,3.518398079923099,3.570941848012994,0.3004190871191167,6,0.678175462728827,3.588975902869433,0.5659058528348762,1.7796256774320511,-0.600705025428256
0.06735637676313176,441,7,7,0.6903145295162127,0.8083033175880675,3.7190570707830863,3.666839925661016,1.781777206111085,6,0.5362727137699528,3.585029252866473,0.566024768662404,1.5436380636189924,-0.5990848208459076
0.06892972185279733,441,7,7,0.6944404728686825,0.8128377979188054,3.690212341457565,3.661697615030871,0.32241758568064516,6,0.5391814277819242,3.5759588486210725,0.562875909034327,1.9971617395645156,-0.596764069605706
0.09991572848780085,491,7,7,0.7054606483171313,0.8128209221130275,3.7054307111375704,3.6524209732289177,0.31281014940383384,6,0.5389529937919748,3.573663525887709,0.565931961121514,2.009636282995089,-0.5964341816093346
0.06952059739443957,435,7,7,0.6977487220490417,0.7786461186140523,3.660503154261923,1.507522906011438,0.3128009062005125,6,0.9108175337570341,3.590843552193271,0.5629713037595272,1.784712457600852,-0.598790838550922
0.06979093478685403,385,7,7,0.6871871944860706,0.8049617966028043,3.724692736611493,3.6886859208717877,1.8853787280847838,6,0.7590130191273293,3.581673875550012,0.5661062257642973,2.000105228690966,-0.5980748512531938
0.07116411604475346,435,7,7,0.6962017216858535,0.7822777662966816,3.4854414370828892,3.593849656894097,0.32585185735016836,6,0.9094129493616918,3.580127796296322,0.5659844223016625,2.0142070812523247,-0.5970432143286375
0.039735476543264744,383,7,7,0.7045956920712789,0.7833042084829482,3.486738851121311,2.618106724085425,0.24187422676557435,1,0.7784842264691629,2.4924597112018216,0.6612683072560243,2.007113319385138,-0.5747587503171231
0.07084763445488375,445,8,7,0.7046305514535841,0.7856383434345175,3.4411985153034994,2.6379504267357725,1.7451977204884765,1,0.6813021379211025,3.5837499279505636,0.6579294546678406,1.7986821953321532,-0.5962476592203371
0.06865317293300131,437,7,7,0.6889441612862642,0.7752056088150209,3.7152657525163733,3.5978104880602344,0.061301633707442446,6,0.7653974759046688,3.58809734292077,0.5670914309133952,1.7767804559725497,-0.6002723207584455
0.07130871263824734,499,7,6,0.7022553760944669,0.7792156476315495,3.769435846380247,2.8362405011349185,0.25789357763427545,6,0.7738228480639762,3.574264298889869,0.566650289207605,1.7973286923243963,-0.5983539852239989
0.06806969557665707,439,7,7,0.7056643871475754,0.781737427547871,3.7698842591954738,2.7137265955187995,0.29410926252823943,1,0.7872139520776732,3.5756057863384045,0.5915574849843529,1.7940836042025965,-0.5996288592235949
0.06978529214759197,443,7,6,0.702704938880928,0.7787340866029483,3.7629933631230017,2.7710447618130742,0.3284293805103399,1,0.6779766690504914,3.5781950016686745,0.5649019893220588,1.7895696121852112,-0.5983084234387905
0.06907521492126333,438,7,6,0.7055286376423678,0.7825393975533974,3.7827540484156654,3.5245367269511854,1.899376007241571,6,0.7848422114493125,3.5972794640318453,0.6559574943684154,1.7884845728516103,-0.5992177900367675
0.06936098809639125,495,7,6,0.7059896778346794,0.7699551701280851,3.7557054600504407,2.6389568756218433,0.7837417935110099,1,0.7722102798580417,3.588637563992602,0.5925525560717797,1.4025811570979596,-0.594488289927485
0.07003793478904975,382,7,6,0.7061211262168361,0.6077000413641552,3.8034002206669384,2.653334207082295,1.921410598188148,1,0.7616603245769735,3.5832438273802354,0.5679699861423024,1.7831978722532693,-0.5956535191036897
0.07134656397034046,452,7,6,0.694623369911559,0.7733296869452609,3.7116620648798717,2.6688787425736815,1.9084752175358584,6,1.1146098334656644,2.613541854296402,0.5641015886281793,1.3825525360912259,-0.5934172489104846
0.07006049821482736,455,7,6,0.6882768988449826,0.7806625461726766,3.678125386118709,2.720834141725692,1.9199584820010347,6,0.675882134751082,3.5766026927138257,0.5689379271202869,1.3896185833001053,-0.5975491695400843
0.06951624278702367,454,7,6,0.6970892473697049,0.8264625935715253,3.7284256046928697,2.608344979787712,1.897897221882324,6,0.6780689940216827,3.572268413362335,0.565335608994241,1.385441728055566,-0.5974193184722438
0.06867692724299991,454,7,6,0.6887882841768055,0.7847129516175243,3.7129049548076787,2.6960152105278885,1.919152051657797,6,1.1046808652003492,3.583269454722555,0.5646677901905339,1.5445246118024083,-0.5990164397485809
0.06851265199040826,456,7,6,0.6846971455599182,0.7816853240259904,3.7483417850711103,2.6432285621301106,1.8818595219250929,6,1.0671484577477972,3.5708048049083034,0.5664915667806341,1.543253272073535,-0.5991038048963093
0.061430841559284355,458,7,6,0.6924962809393498,0.8027293930872867,3.7034880735447855,2.6694773554086995,1.911720107233689,6,0.5319857251382742,2.5880754305048734,0.5670313812825417,1.5362186517992151,-0.5923658885686302
0.06828840290332067,452,7,6,0.6890874285856186,0.8036782834224063,3.3729136918328155,2.712173717862323,1.9012437377816107,6,0.7548278349554062,3.6022206635173366,0.564114531465117,1.4004365394957357,-0.5964341560938102
0.06882651957851522,455,7,6,0.6931378732061574,0.8204385609482016,3.3545342590904816,2.792221244730447,1.8966022557150546,6,0.9129906181054589,3.5879716601193095,0.5687179465114662,1.5437430872504008,-0.6002257626819814
0.06938164518094524,468,7,6,0.683219328319702,0.8201501524113053,3.3513362201435495,2.4741184697719194,1.936745964144625,6,0.7808673718191467,3.6270580115818825,0.5929636084532294,1.422387878629137,-0.5975680745481876
0.06859092449169882,452,7,6,0.6890280501081869,0.8383544314627833,3.3362467711415804,3.4989626737880424,1.903483147851885,6,0.9176239629290366,3.5876802488003854,0.5671374590714128,1.4164994399468258,-0.5988360032351329
0.06900283147834209,457,7,6,0.6886821806477428,0.82683818790454,3.3476681547055516,2.4978962933892763,1.8969252792053304,6,0.7696441520449468,2.470710345990864,0.5936341182638244,1.3696856744912982,-0.5895236851104804
0.06908056645105065,459,7,6,0.6838884185852279,0.8321449121965199,3.35613059414783,4.083624696625515,1.9001219945178143,6,0.6751241700550226,3.6256352830805914,0.5923117228863447,1.405628582123128,-0.5966722932399497
0.06049746436796512,457,7,6,0.6850234171411703,0.825094437299737,3.3329263317787183,2.856323073696762,1.910592184231633,6,0.9593566393233616,3.588526212650743,0.5704085578186396,1.3851059790211622,-0.5958078239357608
0.061415883581679695,459,7,6,0.6826206728299544,0.8247487815711118,3.3504999721296826,3.979281800725777,1.9439795160251923,6,1.0935933942532305,3.631034457565556,0.5907355772777652,1.419961364179384,-0.5967952961036094
0.06208545000086036,457,8,6,0.6788466929310322,0.8224355963681789,3.2904070977809665,4.011781128470713,1.9400199584677138,6,0.906718398696295,3.630342514703648,0.5923132816548426,1.3485627726902565,-0.5933503336778537
0.06318632670856267,457,8,6,0.6819689370053331,0.8253750362223293,3.383664133355789,4.0189187985607,1.9289794700028586,7,0.7656727512164534,3.6183522190375297,0.588664886176926,1.4288048549875336,-0.5961803094673486
0.06162353267496324,455,8,6,0.6799164635586894,0.7746523199584396,3.3376225206913035,4.038510034639079,1.8972046244039575,6,0.7454952289470198,3.625077875813763,0.5865650038173608,1.427866677049074,-0.5958345491782978
0.060362288953646,454,8,6,0.6822749358098108,0.7624851547625425,3.604297503706972,4.030743370797439,1.916665299396086,7,0.7614164138415817,3.613915912263263,0.5906279854028754,1.4273849107080077,-0.5961622082233026
0.06174110835670001,457,8,6,0.6823630870508013,0.8221786497195467,3.2904821784166094,4.027009277005277,1.9042209411453002,7,0.913600532799507,3.631904109991756,0.591973204083635,1.4161587108554266,-0.5955507126763067
0.06252846952605419,454,8,6,0.6825163532629228,0.7738400057864577,3.322459847427358,3.969043262908079,0.21680717193141136,7,0.9275507079185612,3.479622041233021,0.5796063087207076,1.409030523566785,-0.5933562385193243
0.060818428242602834,456,7,6,0.6815395750573716,0.7717096981497243,3.288231579111166,3.9660085355778243,0.2113885029154141,6,0.9223117215491208,3.632535894079071,0.5879588239021556,1.345907445445016,-0.5953103935325221
0.06650848198095047,462,8,6,0.6803140477169817,0.7581271775455192,3.328692108056421,4.189956329710994,0.5228101450909326,7,0.891979370121657,3.6188032115029904,0.5873506051668078,1.4193962872341235,-0.5930844257716784
0.06115800749391885,459,7,6,0.6776713634371451,0.7742040005401863,3.3857158117183035,4.145203196343987,0.525524880854122,7,1.0921994656079979,3.6101245452482575,0.5957491596260973,1.453851887203689,-0.5945080070854947
0.06365200945005893,461,7,6,0.6763751230288563,0.7605835942331521,3.2489978025535953,4.140935509841921,0.17652033434845935,7,0.8991608044075047,3.632869497593336,0.589186212400362,1.4141442808431364,-0.594769833814484
0.06066320948630805,465,8,6,0.6783476899616909,0.8248153051348538,3.341522882062265,4.06496214055927,0.5061735638313017,7,1.3158365536419065,3.6306903765967182,0.591108750656658,1.4247847716852022,-0.5941045385881485
0.06243989959046566,464,8,6,0.6791130084551783,0.7590024031042665,3.336486223327406,3.8858422971171187,0.2106565635534452,7,0.8918811695422588,3.62667651568145,0.5945664306618006,1.4498607548725886,-0.5917103550589392
0.06252245986798116,480,8,6,0.6781483470567765,0.7589066176551275,3.3071669532420622,4.068712559844161,0.20432401961427987,7,0.9786174828042766,3.628732610982186,0.5905771995675035,1.448317554019694,-0.591674742577264
0.06103654137111151,480,8,6,0.6741345824891286,0.7619645230273783,3.33154144464572,4.043197829318217,0.5211550328075714,7,1.3361577196250367,2.754807836481864,0.5863903514311933,1.443580397079994,-0.5877415219272781
0.06160932811040322,473,8,5,0.6795080343695038,0.7581092669320219,3.339123871837195,3.990084190342212,0.19097095252035223,7,0.9473432589363202,3.6195805846777995,0.5837422535554613,1.431724868263646,-0.5931813835963679
0.0619540388694347,480,8,6,0.6794084880043633,0.7610389048921015,3.38635603378009,2.4779675382215034,0.20667468333949568,7,0.9120425751486828,3.6316006749537255,0.5810846144340585,1.4338023702902458,-0.5936479398554452
0.06112415310534968,471,8,5,0.6776393658660493,0.7624477823302475,3.259823177976797,3.992248280820043,0.17246604367039312,7,0.9545463595411047,2.751260466617322,0.5805345431997552,1.4436241299858823,-0.5882057809325645
0.05987319503702109,479,8,5,0.6749578806483341,0.7622050304204733,3.3651637460734123,3.9231624935968785,0.08635311883309468,7,0.9420620352565816,3.632095031850468,0.5803532960312917,1.51627715652992,-0.5929710844579315
0.0601604431315876,424,8,5,0.6769122731127958,0.7614345921311774,3.587187210949267,3.994100841033992,0.2040434911047695,7,0.902452900093611,3.468724949631439,0.5861188959859234,1.5227426318548807,-0.5953790720930909
0.0612862559161259,481,8,5,0.6777943644987617,0.8199713836630161,3.9488930684243346,4.018608011239704,0.20414806574099792,7,0.9614631612801905,3.6307248486487866,0.5804284917289476,1.4470320289278185,-0.5933203311159444
0.06138001791431928,482,8,6,0.6752902974953694,0.7573202186210793,3.1996772845119725,4.000199496884531,0.5317145683153527,7,0.9406771016552345,3.631662393437461,0.5819172921558872,1.3094378377618592,-0.5907268024811417
0.0623112522403277,481,8,5,0.6709073973985917,0.7622428204022113,3.1424652072612727,3.941856141409352,1.9951475404871277,7,0.9319132936993755,3.464401597920358,0.5811353375583372,1.5250172237126722,-0.5977232126514025
0.0629424116334024,477,8,5,0.6752145696049282,0.756811181204892,3.571051479164403,3.859460172006091,0.5186553569078659,7,0.9090599628381937,3.4791647083213397,0.5805104422909566,1.5140569739635317,-0.5941732537700845
0.06297226707185258,476,8,5,0.6765244731548217,0.7489978540304124,3.148882850343696,3.8157107111674673,0.19492760461469236,7,0.9270897974012334,3.4736882817502543,0.5807472933326533,1.3084562939935347,-0.5917226380746224
0.06553273670485925,480,8,5,0.6704656625530301,0.7947680836540365,3.587546285066942,3.51775266438001,0.5144790776372935,7,1.1913049768208817,3.481658781154297,0.5798390195243349,1.5120855120295922,-0.5933939219615258
0.06523181204532737,478,7,5,0.6741391871552724,0.7513531603516705,3.102856609252791,3.826199440272203,0.5283984888761843,7,1.04979846227534,3.485254972047566,0.5789424305660787,1.509001714863012,-0.598183780387912
0.06446355588992699,481,7,5,0.6711214435439081,0.7625409799823226,3.181641996312514,3.4337682358361516,0.5122127644132217,7,1.0372022371440337,3.4861954175091836,0.5498828437793011,1.5096704123065472,-0.5974139076772329
0.06524667089115456,477,7,7,0.6732797538994395,0.7960828114667446,3.1057887787055414,3.47481860634904,0.16656074296864867,7,1.2254190348391387,3.4707089879292163,0.579845308953372,1.5019611090974523,-0.5960337671271064
0.0662113429214703,482,7,5,0.6725796227798606,0.7616552081687401,3.598171571185828,3.49026123656371,0.20493676239351405,7,1.2155997000375485,3.485095510506691,0.5811811105653839,1.5157633238183075,-0.59751288810345
0.0660293984260699,484,7,5,0.6715723955614977,0.7981408023807063,3.894376928642785,3.8157501204570985,0.5224261611780785,7,1.005870210198578,3.4687073729619593,0.5796516894129992,1.4694972105247441,-0.5963786869369765
0.0652937518229724,424,7,5,0.6681886041747476,0.7582591333712034,3.1117446994832405,3.4643804568875174,0.12849961006791,7,1.3377113247140133,3.476144535377963,0.5769362657934618,1.490116741364657,-0.5974592167049038
0.06575315639469476,483,7,5,0.6674776789202642,0.7606589983839146,3.9043248507440613,3.493320365328258,0.12186657865962794,7,1.3420888907535413,3.4810625671498894,0.5785957882070868,1.5090778478276738,-0.5971663947882954
0.06554681529467288,480,7,5,0.6692917192700457,0.8462402322277836,3.924395641847993,3.4835070028429564,1.9865864287302477,6,1.154518945267444,3.476767412907359,0.5771491413782667,1.5185868043236388,-0.5969649403988144
0.07419068283669476,479,7,5,0.6733047390704562,0.7965004959007111,3.958782786817151,3.4971049504813623,1.993589870751998,6,1.2237959841882033,3.4672163590504406,0.5780862218936811,1.5159335795927122,-0.5970424842100398
0.07417498447385573,479,7,5,0.6982447786231806,0.8434174440402996,3.1209280545770755,3.50789535012793,1.999905876448243,6,1.0436999759806798,3.4867853732736274,0.5766177732836479,1.514051645012211,-0.5976349454011298
0.0760137494958291,479,7,5,0.6688032299770446,0.8471273471351849,3.9234928099453663,3.4810161404233364,0.08327066075586909,6,1.037893742392098,3.4696743052463255,0.578219379002298,1.5080962638142248,-0.596570227520283
0.07382089254804244,483,7,5,0.6714876780469282,0.849213890300967,3.935934021217051,2.863667937466703,1.9712501661070445,6,0.9997460774506723,3.4622304477182984,0.5496939277452427,1.5196912297087413,-0.600252077571408
0.05646995976959516,483,7,7,0.666201347815191,0.7971876201136798,3.9327098258495514,3.4601217895329723,0.08169472688450559,6,1.1765822741822745,3.4747106497047566,0.5500908389736785,1.4942506378651719,-0.5992114918536016
0.07661773633881734,427,7,7,0.7005322350289153,0.7905418592431716,3.913593815699668,3.4929356228515376,0.37522163533731323,6,1.0191702102803888,3.4754679694198694,0.5524767771175556,1.4932732389886443,-0.5974898528304214
0.07433011181162871,425,7,7,0.6677653086030225,0.7948386963597568,3.9101541162047795,2.827498624069004,0.08012825420920563,6,1.0363508453400927,3.4662560113753766,0.54831921992009,1.6863695006600345,-0.6016671409712897
0.07456655634591737,424,7,7,0.6995757182620014,0.8469656603964402,3.9304879230810807,3.4894551872345425,0.3728340128837544,6,1.0256779476070765,3.475903899366586,0.547288426557381,1.4929162297739018,-0.5980976057483797
0.07398181993094718,424,7,7,0.7102216800559039,0.7968327170065781,3.8508401537988077,3.4797692041625776,0.10101537675580102,6,1.0149960898932822,3.491444471488519,0.5477337535044855,1.4940637902419291,-0.5999041902412672
0.07400698555279442,423,7,7,0.6657243638662907,0.8446432566617212,3.9168653354254204,2.816156569925955,0.26691700933436147,6,1.2262180032337604,3.4730768592552783,0.5481474927320257,1.6810348592620394,-0.5996509547057032
0.07373542912665412,424,7,7,0.6998958035206635,0.7952846576456832,3.9093886468470114,3.5440270242653757,0.3852709396548044,6,1.0256818072033058,3.471718258099662,0.55005281187239,1.4936956725372281,-0.5977879987781775
0.07474247148089323,424,7,7,0.7015290565048894,0.7977570728512582,3.8676126203690426,3.4699413441011537,1.8564837085267232,6,1.049871963678556,3.486722689539819,0.5476709854430329,1.6715195163514656,-0.6013020262518766
0.07394986818533889,424,7,7,0.702191744759782,0.8452665111186595,3.8759560876822983,3.4749312916967963,0.37255363869889857,6,1.029156152192913,3.4666106221864603,0.5473577196789925,1.5058516979439134,-0.5982286975484162
0.0747076695810731,423,7,7,0.7004149291174928,0.7966552747737556,3.851188159862272,2.8294169846158677,0.40688179382461015,6,0.8035160775376872,3.5490943944484146,0.5494528675628667,1.6769720112880468,-0.5992509934987921
0.07472019766277252,421,7,7,0.7004473915712134,0.8463593618494331,3.851815733289896,3.4865356068060853,0.36473840190421264,6,0.8029238186023785,3.544598087376047,0.5577672075777177,1.6758851697013357,-0.5988229381178584
0.07405484522939211,425,7,7,0.6666419658730753,0.7940523990508981,3.902087529934667,3.481474439795917,0.6303066243156026,8,1.033686451980892,3.552275390273169,0.5503017457385198,1.6597938296963055,-0.5974326231886989
0.07522232937866971,427,7,7,0.7010557738657847,0.8472588208931595,3.861231234148857,2.8269839498335383,0.3660644741895304,6,1.171184681548986,3.5537848524094655,0.5571028298270508,1.7798025451177275,-0.601537621540277
0.07417234071688938,422,7,7,0.6648035174223402,0.7965926488450394,3.858619293221552,2.8311857889784875,0.3857357259144903,6,1.0228292022749335,3.5524218483070484,0.5497864776402214,1.6773673056928828,-0.5988796958768633
0.07464230413433685,422,7,7,0.7006379922755366,0.8466904440884105,3.891425184443354,2.8923399983187057,0.5905098077528299,6,1.1429341042037502,3.5561739146125286,0.5566341372680117,1.6681565912358172,-0.6002060972225007
0.07326148176178732,426,7,7,0.7090214915619113,0.7887582980278369,3.8602910735488773,2.821834819749037,0.37080884995678237,8,1.136493834112515,3.5453797442950505,0.5470967549379672,1.6745883265341215,-0.5996906848351755
0.07413611316684508,429,7,7,0.702115088263158,0.789109212028167,3.8757945282787363,2.813764296923325,0.3924566188918024,6,0.8357071087763107,3.5437747590979027,0.5550985637748446,1.6777603120505402,-0.5988351905317457
0.07393414438471232,431,7,7,0.7006802719485623,0.8539400579747815,3.8449570020226824,2.900941847295611,0.3787313948160078,8,1.0549508122562723,3.536713642805584,0.5492954300572054,1.6633701073589837,-0.5994082719767135
0.07430500028594911,433,7,7,0.7006738163512224,0.7903452295132509,3.849303256878938,2.858514345850476,0.5958385783579649,6,0.8018416097956363,3.5470962521509377,0.5551877610935833,1.6690280148485284,-0.5980792268508082
0.07416849233712611,427,7,7,0.7007664391741693,0.7870575950755483,3.8424504237679393,2.8326120810559017,0.2835145589726257,6,0.8103381269178455,3.548051361029613,0.5532123368862235,1.6745594588334352,-0.5989446671182407
0.07357945989530525,430,7,7,0.701055035701912,0.7893557938206983,3.8277179316763053,3.166003614625832,0.4015475198275892,8,0.8271839370212042,3.553902151572543,0.5550020102894844,1.6924756515072847,-0.5996837484741067
0.07660084756703389,430,7,7,0.7110424595849972,0.7874157553545382,3.842175613542334,2.819658677912385,0.3873558834316014,6,0.8613483322494336,3.5503700097621658,0.5535062537777541,1.6684126329002007,-0.5982099481078762
0.07749342528163793,427,7,7,0.7082965462269543,0.7854061524008974,3.809428676981475,2.848327154588905,0.38910336038295107,8,0.8114960116726411,3.5386887742563062,0.5516514715276368,1.6744098470371938,-0.5981477154827155
0.07823162251080588,421,7,7,0.7106870481505907,0.7887976611591536,3.831306922880664,2.8469433117124887,0.3066812374953897,6,0.8045124585681523,3.545607591962321,0.5559726835727632,1.6772726437955239,-0.5977517507171363
0.07327891662631285,429,7,7,0.7098684361303482,0.8580459718239836,3.8278695840805295,2.811743138951217,0.3892607926879045,6,0.8037696115665109,3.5477146536310826,0.5464088638295105,1.6755112979454554,-0.5980996596974908
0.07876344292867637,433,7,7,0.7073506956678762,0.7864142751506091,3.8297040103485527,2.8318332975583203,0.27570783482853006,6,0.8018067853149979,3.5588135490156,0.5560146668385068,1.6784869034081595,-0.5969348579843622
0.07987324929266171,430,7,7,0.709008683618916,0.8545555856638107,3.8407273026904325,2.8390078546719475,0.2754285918953503,6,0.8364654578615192,3.3701125381647326,0.5575749584521221,1.694117409419189,-0.5985923179801032
0.07890147899768842,433,7,7,0.6539229509836475,0.8614938747218154,3.8048760142874034,2.864467609858889,0.2653503185628309,6,1.1340661907622833,3.5408316767083767,0.5451822569220505,1.6788898042875955,-0.599997206662684
0.07940777112473023,431,7,7,0.6520581754543985,0.7892080811214723,3.839135731066703,2.8519856997170168,0.061358523109900046,6,1.1264198931047884,3.5461250599360272,0.5554341381535972,1.6746061068649898,-0.5998470473756602
0.07742246367965382,431,7,7,0.6597532311824857,0.858618630079854,3.8348300703736604,3.1723994206610553,0.08243769557802523,6,1.1157969919119841,3.3745741287261874,0.5577850390665171,1.6685536703254027,-0.5982565870916403
0.08028528068269936,445,7,7,0.6577545017735529,0.7873647046100619,3.81445378154319,2.861747933655174,0.0938599218361982,6,1.0749762133235938,3.551542953640889,0.5554225322168911,1.6770990784902304,-0.5977200397593401
0.08030041517870222,432,7,7,0.6583102055548574,0.7887576876028112,3.804818676683488,3.1764665155580736,1.8688702827024626,6,1.069544031365162,3.5553349631453086,0.5574190501698147,1.674723684571612,-0.5987147148806876
0.07972843985042427,445,7,7,0.7109602941414251,0.7870688425990677,3.7952742519522946,3.1897128006858533,1.8689961237183783,6,1.1283446953362661,3.373933360442575,0.556889523537725,1.6841286103568316,-0.5983968085559983
0.08027670261227451,432,7,7,0.6592504566217632,0.7866585773998597,3.8348982368646856,2.8477490361067748,1.8556305324866238,6,1.1315130370710593,3.545902996537881,0.556003168050256,1.6779049534594481,-0.5997793364633094
0.07893470123238985,445,7,7,0.6549895073812927,0.8632962361076983,3.7772887220757596,2.8867209354685692,0.0714536728292709,6,1.1465689307909879,3.5371475789860756,0.5573643584541126,1.677865999652316,-0.5994398662038353
0.07923373502504355,434,7,7,0.6560151083252896,0.8594997701055738,3.8214851434628687,2.837453350906069,0.25981183572577304,6,1.1292646135599456,3.5417291598886655,0.5574950163982451,1.6780952676716128,-0.5973217057027481
0.08031042297896307,432,7,7,0.7100411242861939,0.8575378515237252,3.804571834038183,2.8349179876576405,0.07062196498116918,6,1.1455129150436338,3.5358512220028775,0.5447278831931254,1.6901547530002088,-0.6004173925706888
0.0799301639573941,433,7,7,0.6537231141904704,0.8590951927631834,3.8125718371550774,2.868096379822479,0.07092472206850282,6,1.129804322429411,3.5270740335893938,0.5441737405717828,1.6840655884788234,-0.5984587255009894
0.08186604133340042,433,7,7,0.7092177533111907,0.8584009224180822,3.8024892896809996,2.7694017572037573,0.26939485687659087,6,1.143317916411063,3.5462246386303486,0.5253936994019983,1.6679755715711695,-0.5988879175005729
0.08037642332198561,430,7,7,0.655527529076894,0.8579603785310648,3.8086873152632164,2.8921103170440836,0.266844933456327,6,1.1178439325510254,3.541315722069215,0.5248176876748545,1.6967181368705286,-0.5998992621626043
0.079594280433771,445,7,7,0.7092565745676033,0.8066774369675727,3.802807271946979,2.893780354504602,0.05879933183661171,8,1.1441481127146877,3.373167793078914,0.5260574120105255,1.7561978237293705,-0.5993891554957432
0.07958053440122412,432,7,7,0.7112864051774637,0.8526195885896154,3.8119688648144203,2.8959342300170943,0.291462167198864,8,1.1445897615004095,3.540086082799051,0.5278644228388454,1.7060251983193395,-0.5989141535107091
0.08132065447292287,445,7,7,0.7095673073114098,0.870554634329824,3.7980092927796023,2.7663347947992456,0.27178368406018255,8,1.1380671128761666,3.5435684224447153,0.5242914335531639,1.7412969216457195,-0.5985729007901166
0.08118719737926683,446,7,7,0.6532585812466627,0.8549276635118928,4.014512766179944,3.1749354764351265,0.2634164095346423,9,1.135027894134265,3.374441682337031,0.5233420309892823,1.7645060086178919,-0.5997302115516141
0.08060794192526882,442,7,7,0.7100345508892065,0.8560826028409907,4.005508857238745,2.9103859750804952,0.2798332678630707,8,1.140369527767989,3.5247727496219508,0.5440043799237565,1.742571100989158,-0.6000445615796329
0.0803976812115324,440,7,7,0.6545626224795914,0.8549847168921436,3.9999080544222947,3.1868166356049357,0.08416423976720606,9,1.0770659639721025,3.5217104315106513,0.5447216716329715,1.7201778004103447,-0.5993321667109188
0.08098229933415486,443,7,7,0.6576795493042696,0.8573301126066787,3.988425572953095,2.9240056353988493,0.06424371259137915,8,1.0711696390337457,3.362712454341864,0.5239423103664514,1.7488988246591841,-0.5983762580053883
0.081490705038651,442,7,7,0.6562098770619115,0.8582387077152221,4.03672249063709,3.737692583136866,0.06948510231028984,9,1.1403240478327303,3.5413387197022,0.5227087124948201,1.7448515460195786,-0.6004263678974636
0.08187974713452784,441,7,8,0.6550556050717015,0.855263016941719,4.021632247857278,3.180642700212312,0.2691914866279375,8,1.143910326156992,3.524653301663821,0.5239601782801078,1.7531656097087533,-0.6003960760259016
0.08188101335483766,446,7,8,0.6919178194112826,0.8581455556937996,4.017604394135196,3.218466452707921,0.0729135917030767,9,1.144970382565523,3.3892300326027724,0.5273692416705025,1.7362460343088413,-0.5978977947226402
0.08282787766528432,445,7,8,0.6503455131929229,0.8715048467354147,4.010664586127165,3.7026220256136826,0.009714834391609903,9,1.1427819333960372,3.3797060243897357,0.5428883689682502,1.760112160069583,-0.598331069939671
0.08174214201543005,445,7,8,0.6520306588084188,0.8072248219142335,3.5665871693628755,3.6904895956635233,0.0587177598372745,8,1.1605073034022382,1.5542149104658822,0.5426169037556593,1.7462303336329208,-0.5529807110627947
0.08291657946105156,442,7,8,0.64830103419182,0.8084921507154444,4.011488849542797,3.7241402703410746,0.05357417611418841,9,1.1378709308064008,3.5227716529640842,0.5272511984574163,1.7522500186370098,-0.5984485121343118
0.08393551482273418,442,7,8,0.6464902733254385,0.8596327401895302,3.9945481005980863,2.369596797730511,0.05669847423039598,8,1.121729419449133,3.5237731145967564,0.5440732808354025,1.755417132022789,-0.5986692421563684
0.0829907502019155,445,7,8,0.6534592598970721,0.865829251033913,3.9923459415542686,2.9410801255309376,0.06494313384630129,9,1.1680024391484796,3.520315651759098,0.5435690607995726,1.7622642123046106,-0.5979362509888353
0.08198742944331314,416,7,8,0.6496569343560105,0.8735117527299718,3.998489762104269,2.9691382485114075,0.43425832301348677,8,1.1503534640297652,3.5158146163494806,0.5274363964071179,1.733124351113471,-0.5999954653109758
0.0832870575183421,417,7,8,0.6518144131405169,0.8042783322303713,4.008178289036808,2.9664078186118705,0.04719138497926109,8,1.1810855743617164,3.517659710625422,0.521158363927134,1.772760127877905,-0.599729088767857
0.08392386814005973,444,7,8,0.6434725987882877,0.8061650761834592,4.02350135377273,2.946990390066875,0.04265241524315472,8,1.1598180690870978,3.514089473904538,0.5271617683724761,1.7580333917947095,-0.5982990309290892
0.08398854900346636,417,7,8,0.6438523514380964,0.8702168520059798,4.012644629304819,2.9261831807589345,0.0548863021073161,8,1.1698987455119552,1.466110431821162,0.5413515171245531,1.750975063847498,-0.5495912727504277
0.0834004129651686,417,7,8,0.6445122048737368,0.8735927293208006,4.014937315564017,2.9406240515824056,0.02830835901234898,9,1.163693698406,1.497552389080604,0.5292903677001373,1.754971103641533,-0.5518422449160535
0.08404248236372801,418,6,8,0.6469577809343156,0.8624279208294254,4.012882110670964,2.9352582941146976,0.014589456016368407,9,1.157886862352929,1.4904843357347135,0.5267607663155254,1.7545369841898903,-0.5500738905591043
0.08419465530878922,417,7,8,0.6504175994272705,0.8748620682573772,4.001836180281015,2.9456195570733668,0.025746596889271896,9,1.1655654506769484,3.5136190381349235,0.5267096511767578,1.7535799117329023,-0.5999557100287514
0.08456315975049045,125,7,7,0.6539541932013224,0.8716293266772291,4.013404195223282,3.2882823247915045,0.04941972671541344,9,1.172579142082953,3.5131881435730485,0.5412526711090908,1.7682266873424641,-0.5973791889985514
0.08441989321705627,416,7,8,0.64761919026449,0.8705530674843165,4.027451676086472,2.9509405707509004,0.041915869769782316,8,1.0927717131384747,3.522042098271152,0.5416565328205506,1.7582727024197777,-0.6011081552144463
0.0833885040759568,418,7,8,0.7229237754901976,0.8703606474272653,3.562296206362854,2.972636016384164,0.008393619398435026,9,1.1714383769420618,3.518070972331927,0.5194927258447936,1.7319432204447147,-0.6001671860034988
0.015156274396282924,417,7,8,0.6459496690548413,0.8669725276286572,4.016703658161604,2.948983850946749,0.14086585055623646,9,1.1796077429785408,3.515950249324952,0.543265389865636,1.7614398882456777,-0.5896051332811758
0.0845239390879729,417,7,8,0.6503548568026407,0.875062052028716,4.02248109334172,2.962983720451578,0.43122981026480445,8,1.2013119427199244,1.6595884472818605,0.527483189851573,1.7501409848021445,-0.5582500275071521
0.08582510359728919,418,7,8,0.6491185257590121,0.8378069456617582,4.026749118522428,2.9927557353962713,0.018601217116881015,8,1.1963430438631681,3.5121793680026885,0.5425639979838413,1.7295170919250713,-0.6003448183673087
0.08309109869230992,417,6,8,0.6488269222202296,0.864542351401039,4.002039994646191,2.9625622278810635,0.005429020348191822,8,1.1833162388859524,3.509250178797854,0.5425160637144744,1.7322346635864103,-0.6006587364735072
0.08569784452071427,419,7,8,0.6623270952641367,0.8369611608440011,3.9946918108100546,3.005491444419091,0.45506492587258174,9,1.1931176952769211,3.515424628382039,0.5437634294274778,1.6043308316112699,-0.5992291117743243
0.08447315119199278,416,7,8,0.6501302932402854,0.8759177292463385,4.014327803344403,2.9614765379935064,0.0010728290408428265,9,1.1960406207194996,3.5208379481066534,0.5400920563639247,1.6260934143833,-0.6008570312352908
0.08407218325887585,417,7,8,0.6440551881599457,0.8660127515609682,4.003612447466907,2.9736120247510813,0.010669844173308636,10,1.1889934003552163,3.510080433830645,0.5415510630956499,1.6224617010136948,-0.5998597079393883
0.08533089426712574,417,7,7,0.6473534540894048,0.876235211329881,4.0274783713799955,3.0451445965955046,0.15159325047975902,9,1.1931090046741284,3.510456681139084,0.8136386620321159,1.628681303386358,-0.5795426369462938
0.08529074988760246,414,6,8,0.6479129732762624,0.8791730753879448,4.04059252269446,3.0161134312495776,0.1287867132624518,9,1.2621660168711504,3.508007507970151,0.5127948104147912,1.620703930931944,-0.6007126606173387
0.08591513431086822,416,6,8,0.6406058114882001,0.8395155956981134,4.02138540399657,2.9729637512315312,0.1441446297199824,10,1.173009227570014,3.5074225053110717,0.511980972534179,1.8128600290837638,-0.5987013583319947
0.08612649442967327,416,6,8,0.6428230491242295,0.8662984866422166,3.5965285543182985,3.0937264115410583,0.1396528695652236,9,1.2039741736877774,1.708155002761786,0.5144565685623583,1.6207220684625987,-0.5663847055911476
0.01300507808358538,417,6,8,0.6438175267320683,0.8814743423634063,4.041554816276365,3.0162984264515598,0.46858663127662786,8,1.200705755446597,3.501852780059995,0.5128448204333382,1.6188881319469033,-0.5812345821492462
0.0887633338027219,416,6,8,0.641179741649763,0.8743830619636528,4.0672689980252645,3.1018397777397895,0.4609243891708685,9,1.1959089805924967,3.507573768140938,0.5123257686585755,1.6205753171909723,-0.5999801896915218
0.08636046619040144,417,6,8,0.6442936789984146,0.8794739179351095,3.9823087493779465,3.089634974726123,0.44908776228573993,8,1.2058969579465615,3.5037170047164934,0.5091792393843384,1.8220915192415412,-0.5994971722126095
0.08730811688524052,417,6,8,0.6426384371119772,0.8792249854405659,4.0424455734244,3.039221105074412,0.13818540489745224,8,1.1931930871740544,3.505759304020639,0.5103779200377271,1.6315498962461208,-0.6008343552688752
0.09086763412746614,416,6,8,0.64139672129915,0.8649687057870621,4.035564932733362,3.025621098179575,0.017822167048042438,8,1.1977636203648658,3.5032724794741696,0.5182651993050704,1.8268632482298346,-0.5998005174825094
0.0871294689905325,418,6,8,0.7223025838569649,0.8801611278288032,4.065748367986232,3.0832265401861187,0.13185364843862207,8,1.1794352069138219,3.507583823508971,0.5146654649669128,1.6170673446423633,-0.6013841772570633
0.08731367676173506,418,6,8,0.720478963354711,0.8866382576468393,4.260628426347358,3.0899251885358803,0.01700771477789159,10,1.1937577671429125,3.510757838714282,0.511928578733174,1.6169707016541608,-0.6011777097147978
0.08734628303541275,416,6,8,0.6421819639953616,0.8869089255803805,4.242781104993195,3.12916313053639,0.4651023666090783,8,1.0983764867625736,3.438735169703141,0.5106030406027313,1.6237290994729907,-0.6023901338290544
0.08750962048199434,415,7,8,0.7218362519665474,0.8767908138693561,3.6092186680673417,3.0756900061934926,0.13182779994910296,5,1.2067954520455235,3.4498614377257035,0.5108518389006166,1.8236230295999483,-0.5979783106114309
0.08635778633988056,418,7,8,0.6373354772235931,0.8769968514507361,3.537762221880874,3.126635271734517,0.33459615981539986,8,1.199661977348692,3.4480272004922883,0.5119608798190348,1.8334095853438954,-0.5978253326926395
0.014272595478634506,415,6,8,0.6636548139911818,0.838947489618918,4.278698330929757,3.1085096818641227,0.1444649785333952,10,1.2096361878689246,3.509759663503118,0.515520279916525,1.8139554219329184,-0.5811768904803889
0.014863649074048876,418,7,8,0.6377662594594455,0.8766242248876893,4.242614220363461,3.0361726954630037,0.11070628993662011,9,1.1008703038478784,3.4419238867480058,0.5099997962611555,1.624974185605905,-0.5902844838964704
0.0150627498349769,396,6,8,0.6390895262262186,0.8821287294249697,0.448308710024266,3.0536545778003368,0.15787122159708472,9,1.2723949688593486,3.4415937330814446,0.5084738311537728,1.806668066773182,-0.5833118864220778
0.07711765621660543,416,6,8,0.6374379748600907,0.886806985406722,3.6196604017652088,3.0382334525771997,0.13679483510369533,10,1.1000418221840615,2.3608441785669982,0.5101094187153521,1.6199371416530324,-0.589810717401811
0.08628039138937368,415,6,8,0.6365842804157807,0.8792256612466286,3.529233665963812,3.0986465457870027,0.13254150821073674,10,1.257088429685126,3.4482561459609737,0.5057965057493297,1.6270891417879192,-0.6002888636313681
0.08621219228007708,396,6,8,0.6380872928073625,0.8862740748094985,4.194605462649557,3.0497218205011163,0.0011207721566869671,9,1.0986929095286495,3.4401832532164054,0.510047649291014,1.8219795688604936,-0.6010720811824076
0.08801018482965672,418,6,8,0.6374161963579335,0.8375539034003581,3.523688308422934,3.3492929252978314,0.0018337276460622942,9,1.202177161341138,3.4356771065767404,0.5116923496695018,1.8328410025635449,-0.5983447681363248
0.08873168305827234,415,6,8,0.6397352297015604,0.8834183066959306,4.307386016968873,3.0643775214499875,0.11040743747957077,8,1.2805662947897904,3.4533752034795837,0.5070144074853575,1.8430541851344155,-0.5987908126694289
0.08834675103799644,413,6,8,0.6367426310114268,0.8791988625743874,4.27525892462136,3.069101900929528,0.1299854341690815,10,1.0946099001743608,2.364198996977044,0.5138915402770051,1.82010282199014,-0.5847476207192481
0.08883789679528277,399,6,8,0.6373854824928366,0.8827094561097492,4.226920798154093,3.0919550529035997,0.006781404923582949,10,1.25882813210546,3.4412915994593605,0.5076937053123055,1.620925675366566,-0.601613491548973
0.08975541294027378,400,6,9,0.6931598284082776,0.8916312334285241,4.222587046962086,3.0851309344502793,0.10580105561209097,10,1.2461123098613571,3.44144140494444,0.5142484588186993,1.8220219743652946,-0.6011581930623158
0.020064469221814474,403,6,9,0.6349892568489478,0.888839304441549,4.308534972942107,3.342549841731949,0.007499856552940123,10,1.282099581914806,3.428153278842183,0.510117887923479,1.8237059071874944,-0.5891168008857058
0.08762886406941145,395,7,9,0.6371392344853681,0.889762471508223,4.188485241732594,3.3177663579655428,0.14312231058910396,9,1.271340905016801,3.428305987274384,0.5104010727365964,1.6294723982035375,-0.599000545573428
0.09008800432237618,392,6,8,0.6948574552483964,0.8888752150259466,4.248906926887204,3.038201858514349,0.003982321667901242,10,1.2678921837703123,3.441764376166445,0.5083967673719981,1.6077088954372611,-0.6010464807516374
0.08950692243183327,397,6,9,0.6356076085795324,0.8829231888365459,4.293182517812875,3.090260714944805,0.012897524144642777,10,1.0947631765838006,3.433051439749294,0.513380507696311,1.6231766714586167,-0.6003237099558582
0.08846955191036593,403,6,9,0.6383801962411297,0.8876377639488348,4.143824317028856,3.086348354509236,0.1185031339467609,10,1.2641112911716215,3.452001811638403,0.5108047765502853,1.602736270143306,-0.5981556240247927
0.08761827146861459,395,6,9,0.6378930821537993,0.8809084535349326,4.244770049493267,3.35310313159072,0.0026248829876908963,10,1.3031876182748274,2.2919595608079923,0.7775921505437562,1.6213530665784996,-0.5677265952175721
0.09010772681697761,396,6,9,0.6378199112411843,0.8892439111979036,4.31018822368767,3.321710825078574,0.0036370204919993045,10,1.304375837317418,3.446981998802524,0.500137403629617,1.6237335592855209,-0.6021362268784977
0.0889966659534237,400,6,9,0.6364676056831065,0.8861073322219557,4.274123202863274,3.1085993444671307,0.16984923252603423,10,1.2849993526295287,3.440934190542518,0.5073152887884432,1.5894600748621686,-0.6035972636222104
0.09029062609962583,398,6,9,0.6368342020738962,0.889430288838127,4.233530203520465,3.3131390387210793,0.12460179536229282,8,1.2655133239779341,3.4373618013654372,0.5053628420368586,1.5759429805588472,-0.6028970330919995
0.08895850885321602,410,6,9,0.6355081915575097,0.8890649452331569,4.277286145023254,3.1329979800736236,0.11811492504696697,10,1.2545712721203315,3.444497616591833,0.8597588674006619,1.5708159510695145,-0.579197715743399
0.0891995622581534,394,6,9,0.7255278104837901,0.8896224943250067,4.171392000562214,3.131265824956251,0.006099649084689594,10,1.285653108235788,3.4418466506861902,0.5041186028649928,1.5921359064615028,-0.6020979717528151
0.09072817393572566,394,6,9,0.6373867826781483,0.8894625455410494,4.277335796094052,3.320137351366617,0.003246950802640286,10,1.234352447898119,2.310926568319827,0.5012362581959242,1.5916979264252733,-0.5885465771736167
0.0903213391765334,396,6,9,0.6343874457647608,0.8903720262080648,4.257693972432973,3.287720011935132,0.11286843450299618,10,1.259259809254045,3.4378153163603207,0.5000195679808116,1.5768272996571058,-0.6012456414713695
0.09047401256207548,395,6,8,0.7244282402097539,0.8940653544748692,4.3054507696746604,3.350753467433943,0.005080068467311037,10,1.2768604720474548,3.442563441716642,0.5065295596360837,1.5758094825824265,-0.6003829409564143
0.09097473261134198,400,6,9,0.6341817838951656,0.892760937409038,4.256233196929369,3.250672355149713,0.002490500143407917,10,1.2508659260483481,3.4478017348768097,0.49838205481266834,1.5840486980248722,-0.6000150360975157
0.092741904597303,395,6,9,0.7189705093391278,0.8905034054463224,4.197713634926918,3.2787644813986865,0.12585656095098885,10,1.283197589934782,3.4407472151235563,0.49921177130716754,1.5883923203256323,-0.602014694542837
0.09098832758224856,402,6,9,0.7224107229143755,0.8918175822994058,4.141542269937366,3.1778313082236327,0.022173097803135616,10,1.2316609806447265,3.4425650652250255,0.5029846593089383,1.5622084880880953,-0.6011266236496783
0.09095776344065737,395,6,8,0.7166669585531035,0.8841063016353974,4.189633581334555,3.2313985040945967,0.011965783759370935,10,1.248942823129628,3.425179667674646,0.8634454294967557,1.5860145161341883,-0.5791633645078731
0.020922221299410296,396,6,9,0.6319882376858338,0.8921859286080283,4.246106510435345,3.184299350989627,0.005285098915615939,10,1.2499238496388054,2.980773217868213,0.5063929551897604,1.5511880722817188,-0.5905459388769789
0.09104580060029448,398,6,9,0.6322271143914837,0.8950874133839967,4.225372012719871,3.2570815656553425,0.0011445899405825716,10,1.235594237621451,3.440815981362655,0.5009377239222339,1.5722930363940981,-0.6009353849931526
0.020034581344267763,401,6,9,0.7200794984267704,0.8883246983506502,4.1614945111073025,3.3076230296284312,0.1068399163644182,8,1.2483139836174553,3.441303480333057,0.5000994289409333,1.5751840452264332,-0.5892784781552359
0.020541332068812413,396,6,8,0.6340401907178854,0.8950067763162589,4.298200034394838,3.311598106025594,0.0925243725634632,10,1.254531925705853,3.4415540758910614,0.4995239834081889,1.5747776308046704,-0.5893611973536177
0.09091181229179407,397,6,8,0.6327015660165394,0.8942872056821489,4.296778257850617,3.24247138429249,0.10493988759736739,8,1.2598312180452593,2.9623367880386002,0.4989426951207178,1.563547094901784,-0.5997767740101132
0.0921204058970633,397,6,9,0.6919541727117949,0.8865994932243932,4.200126028207434,3.2743477337960294,0.8458800190003667,10,1.2524816845922864,3.293569531359425,0.5023254716179891,1.579363421686127,-0.5988157241725157
0.09154684684874624,390,6,9,0.631000787960665,0.8928241447131176,4.17893568682662,3.2708234265003493,0.11196991192424278,10,1.252392852338906,3.281957948479568,0.5001424002651921,1.0535547565888022,-0.591136612682089
0.08996245642526302,389,6,9,0.6332729848905465,0.8932760232846483,4.175003855526879,3.2424895490865406,0.6770440544971489,10,1.2480042056587644,3.417673346058632,0.5054105577329058,1.5895234484668932,-0.6009660427688842
0.0919150526020177,391,6,9,0.6314414900736344,0.8935981724286659,4.203867918622331,3.248247975730739,0.0943772826369961,10,1.2440751464043593,3.415848929665164,0.5073703844157683,1.5902822228984725,-0.5999409969781885
0.09304825240607291,390,6,9,0.6318365446255179,0.8993791745931644,4.146172636446443,3.2788171430127298,0.007188328134741907,10,1.258531086584023,3.4056094161558286,0.5029740848889949,1.5804572139840436,-0.599759858623212
0.09161167148398804,391,6,9,0.6319824243677459,0.8952258298907726,4.330050358032281,3.286002782116092,0.002646253255003122,10,1.2419619414614393,3.2767468430072104,0.5000718053585844,1.0340384781212109,-0.5869671198674139
0.09061202811210307,391,6,9,0.6311264981718343,0.8939959923726066,4.19994031670193,3.2151531177038004,0.00331250170999535,10,1.2528159550638767,3.319562103311242,0.5025174934503668,1.5757746501496044,-0.6006380795245774
0.09227927779408514,388,6,9,0.6313965150098655,0.8952660773640341,4.194227193086202,3.2646192255596294,0.09030170186905127,10,1.244691330010572,3.2929333973640245,0.49870679292791403,1.576576057879579,-0.6010471874072247
0.09252029505683927,398,6,9,0.7166207139304571,0.8948955265072985,4.181763168082972,3.3357526643064284,0.6727761671186323,10,1.2504259024296795,3.267549508257673,0.5006607822359586,1.5781013397269583,-0.6014549505256336
0.09240379375417655,383,6,9,0.7175537601691655,0.8957496825535012,4.498050206241648,3.2146851929809714,0.10037160019062477,10,1.2397333129230024,3.302012989794936,0.5193253579847307,1.5683377893652923,-0.6014702718810446
0.09204790116589794,392,6,9,0.6298518798348754,0.8916432089373058,4.500140519027327,3.2085890752957393,0.10467634492317204,10,1.2400422714279722,3.3904734959306118,0.49855416256493945,1.5913153579343522,-0.5999481906540897
0.09164630989685528,378,6,9,0.6932240527747865,0.8947186970312464,4.510000101606165,3.2217162939455113,0.09389336503137531,10,1.3545777121656315,3.3962572927027765,0.5031564318064015,1.577358798843247,-0.6004416757317456
0.09258179958236852,379,6,9,0.629423299693528,0.8987330776668091,4.191762245989858,3.2551596011018598,0.08319452462682703,10,1.3973946284551741,3.2984897494433594,0.5002697157983524,1.5725341850213854,-0.5981374301480675
0.09226143396084537,381,6,9,0.717462434022076,0.8950576069732158,4.159432289896805,3.254126746199912,1.3268105249704996,10,1.2427059856793083,3.3415432392717133,0.49902323239773555,1.5738698968081957,-0.601361403774658
0.09223437677047733,378,6,9,0.6302837310265635,0.8959289851327568,4.546910649601288,3.1986778913978564,0.07220921737472694,10,1.3791015352003175,3.389368768581606,0.4987644292860801,1.6043723123520235,-0.5988517952725437
0.0938803575360505,378,6,9,0.6142549878823412,0.899914779038562,4.544143510393544,3.2385480714452397,0.08932663693049772,10,1.3113418152389393,3.349691876249648,0.5005360475526531,1.8868241132039716,-0.6001014215871824
0.09939248265204413,382,6,9,0.8918053940580184,0.898863009462487,4.463851965312221,3.187486064125133,0.09586914919147367,10,1.3131373759930276,3.289004249598494,0.5023920806130755,1.5616527890676637,-0.5982157069038929
0.09394342236747064,379,6,9,0.6291795320193655,0.8956882057794122,4.601058587102221,3.250155073168084,0.8371561242520531,10,1.3127130009665426,3.2879368318701534,0.5011142298831479,1.5544883793623008,-0.6009579697891656
0.09693717126426493,380,6,9,0.630542560171982,0.8967351292255841,4.557486995144513,3.244952995149169,0.693259817421747,10,1.3278479253853728,3.3463733869210492,0.5044472861491152,1.1387048665991244,-0.5926666780031336
0.09771184032193363,377,6,9,0.8858576964770861,0.8986662313519231,4.538900075911753,3.269344601113121,0.10092963063925448,10,1.3594706723169447,3.3097379593245475,0.49822967641207067,1.5552072469552796,-0.5990905774509069
0.09767352845179508,384,6,9,0.6312031822193573,0.8994868238362304,4.410215985291494,3.2438493816939364,0.0961096214983871,10,1.3156155412050712,3.2754906669138464,0.5001947190868886,1.565670645684336,-0.5989674408451579
0.09886440461912632,376,6,9,0.6153263473692634,0.8999378853749993,4.415760684795844,3.2381282942562395,0.09216217589760069,10,1.3190601448926815,3.355268094955209,0.5021700681112593,1.572457019220344,-0.6015400813422033
0.09845251264041997,379,6,9,0.6286187815241295,0.8978749788326834,4.4909619756456625,3.222442275972477,0.05263544345042959,10,1.3573790451034982,3.30087602013498,0.4986806858142946,1.5407325554809628,-0.5984760551265543
0.09948610473074858,377,6,9,0.6305991629781741,0.8982778834548288,4.477917204145765,3.2503346605505827,0.09691851902325412,10,1.3022321073596215,3.317821518391054,0.5030695501804485,1.535714164418708,-0.5967200832600359
0.09945955864549416,376,6,9,0.6132769321457973,0.8992881598132417,4.513888341655254,3.2333736444397614,1.2247604158629948,10,1.3875608748604826,3.3252407515002407,0.49927073093743557,1.5488547311695604,-0.5978239433042002
0.09749627611218185,381,6,9,0.6112031277909575,0.899052855064006,4.567763709769293,3.2000849245664913,0.17051063588991516,10,1.3865605463343096,3.3369110903817925,0.5029311131001711,1.5617368349277256,-0.5998375110237747
0.09723249132400005,378,6,9,0.6240657841415759,0.8957789313593966,4.447720387126518,3.390078026929501,1.285751509870753,10,1.3156002448055943,3.356546819934469,0.49928410950797286,1.5534371539109655,-0.6007871113075409
0.09969667367138864,380,6,9,0.7249569811595646,0.8977062031381364,4.528859758946373,3.1888782501960025,0.17627132750795646,10,1.3672426826960815,3.3395631761998175,0.5169223520998703,1.5543141983505775,-0.6014658717656631
0.09828121354073098,383,6,9,0.7513280678751308,0.8973355306107622,4.403814315173599,3.379752053938162,0.17381329177512833,10,1.3080257665915145,3.3280693086165116,0.4983563046073363,1.546801628551584,-0.6007031845080442
0.09927519103730048,381,6,9,0.6137676012061176,0.8998107082459614,4.495558552574906,3.381705331444255,1.2593611653435337,10,1.3630271440473563,3.3350103093270516,0.5170173536438994,1.5563644748505305,-0.598922178457445
0.09788053854647098,382,6,9,0.6253540338124025,0.8841842068254723,4.589381235541831,3.370272438456741,0.05196019798541135,10,1.382689679816894,3.34915914375785,0.520639151223852,1.5502218948363722,-0.5989312508111859
0.09735729496020677,382,6,9,0.7229248297037613,0.8978149585383711,4.435688053951148,3.3980106028172696,1.2507969905878018,10,1.373636930969113,3.3813027728332945,0.5179074042053764,1.5411120804072447,-0.6008701265638879
0.09803951269232453,374,6,9,0.6152898940404409,0.8989282526146453,4.549028736341396,3.3990467027402316,0.7232956860334038,10,1.3208119332041126,3.3515556844728955,0.498447576615188,1.5476354705521111,-0.600769434251498
0.09939258830027495,376,6,9,0.7217192215221486,0.8992570938208211,4.546902323244097,3.3843035837395146,0.05173853144100811,10,1.398128014771722,3.306606768913608,0.519046423929299,1.5450721200883422,-0.5983628861350219
0.0985782668525759,376,6,9,0.723894259688095,0.8987601534376645,4.662749345104574,3.395347076482628,0.7432181657858182,10,1.38060211219956,3.331227675713697,0.519049440229542,1.5436131033314164,-0.5998479943224125
0.09990954594727207,378,6,9,0.7265896707552404,0.8990683061694061,4.469701378306392,3.178409385865118,0.04984694281187431,10,1.377123175867469,3.3206775707262732,0.5190092231907386,1.5493515546417174,-0.5999644312864678
0.0976249872616992,371,6,10,0.7245421500000966,0.8981973903269309,4.675312138018362,3.395628394166482,0.696126918968383,10,1.3173056197242776,3.3342986317322723,0.5201528389367346,1.5585951029004248,-0.5998995183289236
0.09597633870318636,372,6,10,0.7252800769033284,0.8847149827646533,4.562432705653415,3.3961284724770615,0.6583661369104408,10,1.3162867209694242,3.3457637713427766,0.5204230715959995,1.563182676317091,-0.6010028580498677
0.09909084059750739,351,6,9,0.7260204872821887,0.8862864103111565,4.66278904164403,3.40837862290263,1.2639692696506677,10,1.303017909620262,3.2425624131797295,0.5174936717005962,1.5462267730090087,-0.6027513275653918
0.09881490696596579,370,6,9,0.6142679892467259,0.8999020596660344,4.6288280562579045,3.304886813309229,0.05711820186902881,10,1.3108020579059403,3.332661375717041,0.5179808606820098,2.8217074391099595,-0.5777992438092959
0.09830324162214954,355,6,9,0.7254437748321833,0.8850661672442428,4.40343420487717,3.398738822624056,0.0486254705536011,10,1.3057583278464913,3.3487515807154655,0.5171388179875861,1.5448772140399432,-0.5995671012426969
0.09825200687885444,356,6,10,0.8734300254620576,0.8856109581939069,4.4728972849893545,3.359008844178731,1.2743078129259993,10,1.309377210021159,3.3124155088957763,0.5190165242906151,1.5452339350138757,-0.6005106354361257
0.09925091279468858,385,6,10,0.6248674292416369,0.886602659357414,4.385090735542583,3.4209453101064367,0.6967019735899447,10,1.2783632396892892,3.33799766467425,0.5163783750677868,1.5405343505807805,-0.5982785935128594
0.09831415272376735,358,6,10,0.7256345803140278,0.8861563689793708,4.658596359061095,3.1401104110145712,1.3742724744879378,10,1.5860387829926021,3.2506161784045506,0.5178896490647101,1.5419985787123873,-0.6012603910617956
0.09898168516413806,367,6,10,0.72536581176409,0.8856132291792977,4.362419660279588,3.3662551748408935,1.3533606901752981,10,1.2972977455125887,3.2296237498488187,0.5180874106106097,1.5287791720137935,-0.6003943058436432
0.09995990914828623,367,6,10,0.7260507202895826,0.8858305176051647,4.364275304868661,3.392469742575337,0.6578497505613728,10,1.3191011057459807,3.345307578219338,0.5173277991517025,2.824132905838237,-0.578575365847661
0.09687695393706584,362,6,10,0.6035693482331985,0.8857972467892563,4.40078666948429,3.385016912582145,0.6909519043056735,10,1.3107624600385226,3.367669685438878,0.5198463235721484,1.5343315678658678,-0.6004946529288246
0.09747824302856893,359,6,9,0.7245966195546704,0.8866704287305329,4.346559531688062,3.3756886616922612,0.04605573786404562,10,1.5433854005250907,3.2456050292391523,0.5185270159208528,1.6385693180994234,-0.5992201392213468
0.09582733730425798,358,6,10,0.6053007600115768,0.886128925507514,4.3468200273880795,3.3994374796620437,1.337653110711632,10,1.2949581828641814,3.357413522364139,0.5184704954947092,1.6431426987610918,-0.5995056085672125
0.09578632255869092,347,6,10,0.7272390465661381,0.8852525028557685,4.386915776801974,3.3904324221737188,0.17560545715189996,10,1.2805878408555458,3.372207231359304,0.5182508501807604,1.6269454453999748,-0.6007401989830347
0.0948991097238114,354,6,10,0.723889543718786,0.8866489629761425,4.370952715658348,3.3996460005294584,0.7304898619627069,10,1.2855155595098025,3.387224164669749,0.5198188765057685,1.6275248410854155,-0.6000392731965998
0.09642360562035013,360,6,10,0.7168733714833664,0.885224296108761,4.349341671571802,3.398565288248123,0.04611399492252616,10,1.292012415896464,3.2408674581176027,0.5187165813421353,1.6399963920914022,-0.6025126185727634
0.09592835179373073,361,6,10,0.7278588526226415,0.8858577000985843,4.382116221454605,3.3759011591964745,0.04827347487967965,10,1.4241992706134592,3.2443745109286537,0.5174217578425027,1.6303676507575153,-0.6016733697035186
0.09524138855576848,359,6,10,0.7249245289604631,0.8856819374664634,4.714359871611469,3.133883871063455,0.04812285556997972,10,1.4503252174484351,3.2312844231920983,0.5173886543401179,1.6380870303631663,-0.601993301159021
0.09453797463663138,361,6,10,0.7238082278342911,0.8870297911098571,4.690068963523992,3.361061437129466,0.1811978750445206,10,1.47716741308361,3.247307659577892,0.518437221172919,1.6345358600285198,-0.6008422052133557
0.09528449927943881,367,6,10,0.6042035135057772,0.8862502158102279,4.66973133674474,3.4002350984669265,0.18568520904374722,10,1.2898735262649765,3.245769616077214,0.5176109326215992,2.4658333419301113,-0.5852270223231825
0.09367967220346078,356,6,10,0.7261471927429158,0.8871050760156758,4.747644625939175,3.137453908982672,0.1889047492190835,10,1.287930323050262,3.259329865445957,0.5166093916269028,1.6375063652918387,-0.6022807349855892
0.09453638725527509,358,6,10,0.6051960398498364,0.8855774387655507,4.708272575517991,3.1269634828424393,0.9151446199068736,10,1.4467655472372636,3.225712394137698,0.5181500260697944,1.6359288508152032,-0.5986897140721998
0.09436563628650022,368,6,10,0.7164787063914161,0.8868850266046933,4.327948103094559,3.126834719003872,0.17381843442236566,10,1.4379300843842628,3.2311047876713546,0.518233287631381,1.6314815701530783,-0.6003780628572398
0.09389919248492215,404,6,10,0.7190676858704186,0.8866748643664971,2.6360081926495877,3.135925545573073,0.22004904696448008,10,1.4632113115796375,3.380444263576855,0.5158715161283033,2.8124284024246173,-0.581298170107521
0.09410693149330589,359,6,9,0.6007732629319015,0.8861993892616224,4.366753951259091,3.123447286133704,0.9103742340850935,10,1.5398977584939288,3.1482212946505004,0.5158221605655147,1.6387160526563005,-0.5996095792782359
0.026940868486533317,362,6,10,0.7166049610315697,0.8859722399865224,4.368325140784783,3.1317056056915127,1.3945541417952851,10,1.6535996017249237,3.3848401200627567,0.5150961073383861,1.6496645497895484,-0.5935371278686075
0.09391596076445212,356,6,10,0.718174740876193,0.8864636934211795,4.752686929697271,3.143697071516273,1.1774095111980931,10,1.470226643840515,3.220178156701056,0.5147539647827175,1.6384230222792944,-0.6029021181312504
0.09413323168889495,362,5,10,0.717349911652561,0.8856582135938766,1.7702592407646474,3.5624925130174043,1.1635795834495142,10,1.4728378173289218,3.206540260207271,0.5324790090921381,1.6439242017837143,-0.6017984960242261
0.03700446077539258,402,5,9,0.716398420848402,0.8881092230409023,4.805484873304341,3.1252501532896795,0.1677738818777193,10,1.4209546150657133,3.2580796659373137,0.5306841231372241,1.4699842668938985,-0.5953089399392287
0.02766217116446208,364,5,10,0.7161060079791455,0.8867305071742013,4.33662283115505,3.1203804618110316,0.18098869224415362,10,1.2872821387761575,3.135334280742578,0.5340236931728065,1.4727563662970347,-0.5899708972518396
0.09349882072870933,360,5,10,0.7163073684552251,0.8874777130246553,4.773211090665564,3.5958292352427748,1.3532862551827798,10,1.542015387230673,3.1373471037063316,0.5137038276153066,1.4687088839995537,-0.5986538602200984
0.09313469305930486,365,5,10,0.7151414085768042,0.8870828360125924,4.7210876035884315,3.5880171480061183,0.9242620996250185,10,1.4789828732150168,3.237229298240749,0.5319322791926855,1.6299201575799862,-0.5990666342187706
0.09354252661794699,359,6,10,0.7366549523189596,0.8887285388725092,4.349715469682072,3.5750112698161693,1.3533179613735273,10,1.8022913801625282,3.2045985090007854,0.9000629251551444,1.6402595249468992,-0.5725554388344353
0.09307506663644818,341,5,10,0.7161490995494308,0.8888253396520097,2.639830328356947,3.111840665348957,1.4112594951169983,10,1.8703852320683163,3.2369886136975277,0.5313804499364179,1.4776597394211475,-0.6000518661866446
0.09329608391346612,362,5,9,0.7188432905603575,0.8878057233977866,1.8940909820958964,3.590053175746052,1.3535661593077468,10,1.47075521010879,3.2382530070792117,0.5311698880237089,1.6425721519495717,-0.5996776128635806
0.09359947073029526,360,5,9,0.7162848088131599,0.8880446344266426,4.707020060539148,3.581958746885549,1.375782894644427,10,1.5243454975059751,3.256486398710466,0.5298281855800514,1.6530179855534195,-0.6006047563998678
0.09342024669982485,365,5,9,0.7160452291983038,0.8893061030979694,4.726319334502797,3.112163468988421,1.4023582589333423,10,1.668152853553444,3.1493758807007435,0.5318955455814093,2.5117431995495183,-0.5808474510512842
0.0880456092882224,404,5,9,0.7381607539823745,0.8899332199596388,1.2553565660618962,3.1271928183570834,0.22344760561739324,10,1.2221217715063843,2.823349793535069,0.5325349679986128,1.4745543886532992,-0.5975705791495747
0.08796356122220847,404,6,9,0.7173240589401343,0.8903279953528968,4.735727367102299,3.067734752427291,1.393705674347808,10,1.441792092715815,2.832221816409436,0.5358633525697418,1.491413578020001,-0.5972971242804567
0.09377872042153212,405,5,9,0.7381991065903984,0.8906145198549947,4.786217980690613,3.130070322004668,0.8925739962133399,10,1.2187831317827056,3.2045811501528703,0.5334747593287499,1.4921819764421542,-0.5987806386808691
0.09303044055210494,346,5,10,0.7171843079967947,0.8900577738309041,4.829090467349844,3.1324715233405267,1.3977787144747582,10,1.4440977207788825,3.1319896943428644,0.5305830763966184,1.4822906662488937,-0.5982523163933129
0.0936068241797547,363,5,10,0.7166827946765122,0.8798212731227978,4.873225480427148,3.562988438937688,0.17621333908960968,10,1.3467410781433031,3.2146527477969515,0.5293814331688932,2.7262789986256255,-0.5767440514514989
0.0935311700983973,365,10,10,0.7171084170682892,0.8802102783593495,4.877722496608665,3.5901021386297653,1.3792853161240284,10,1.5445575012155035,3.1401523742528314,0.5306235533557786,1.6505818069106613,-0.5898921279682978
0.0939842327504774,350,5,10,0.7162135975784986,0.7324480772850682,4.822344363567906,3.5370195962254587,1.0869522299566743,10,1.6030480026091807,3.1388033955339663,0.5335753725903395,1.6424826986152363,-0.5978091411357486
0.091657605550167,339,5,10,0.7167145658946396,0.8820019577779111,4.782313923469773,3.6131083139890374,1.0892571545067544,10,1.6280673660010085,3.234946530664587,0.53548049473064,1.4789698863406568,-0.5975554259543505
0.026339422263108165,50,5,10,0.7334920755679343,0.8907548678020721,4.8055439276916,3.6011488385337898,1.401799676302291,10,1.4411764357679253,3.145628363326394,0.5311502001750628,1.4722532292948756,-0.540599855607815
0.09285279796067912,364,5,10,0.7394079751471565,0.8797469088879775,4.771784342143995,3.6128779342740414,1.4223214915058442,10,1.5505623670598707,3.1570334113529666,0.5347284749724344,1.4830704105965862,-0.5982628992482023
0.08827422508758322,337,5,10,0.7385709123092227,0.8805540838247703,4.863672624700812,3.569916700292793,1.3273802395882854,10,1.5002289940864215,3.1410523140204942,0.5309504541816931,1.6509446395876624,-0.5983824764745145
0.08808853116293261,342,6,10,0.7397268238799879,0.879150540949761,4.7007730008332524,3.6072309514976526,0.15868813012755761,10,1.3374436272194714,3.143730245865247,0.5329365906424243,1.646551011558949,-0.5999935877693968
0.035655790016743086,361,10,10,0.7390916927468665,0.8791347025039257,4.6860274806341495,3.60469794675562,1.5836748122782216,10,1.61584722625273,3.178262277917447,0.6390348654992618,1.4766806885227575,-0.5917143650214002
0.08853506900496427,342,6,10,0.7398901080863602,0.880478645934788,4.918180214935909,3.502501778702079,1.3238420742196888,10,1.7292118226412676,3.1674384428179527,0.5323290309933275,1.4913747845036294,-0.5994741112040489
0.09250156432809899,339,5,10,0.7375891325048047,0.8781700088203319,4.7975016881299855,3.590602456461059,0.23262904603864637,10,1.581806618448484,3.1845895424558726,0.5312376804607454,1.4741779392373382,-0.5987974672794024
0.09298042557128516,337,5,10,0.7385798006491089,0.8788164624665808,4.782141353806962,3.616937652050175,1.381778383829809,10,1.4891359624066134,3.186061675669492,0.5290136851653263,1.4825515218593255,-0.5981059169097498
0.08881039202328427,338,5,10,0.739350233249156,0.8808141889227146,1.0298803045929092,3.5823333709875844,1.1885647341953223,10,1.6008033642051473,3.1710340654637195,0.5322013327152066,1.654148134977897,-0.5987556894079022
0.08823426245295396,343,5,10,0.7366264508790915,0.8789325258620111,4.894428521069582,3.581646360916543,1.1851877835698996,10,1.492639641600073,3.1864180960808213,0.9155474504391271,1.6492465972233619,-0.5620772013162149
0.08984848759881493,371,5,10,0.736509395689941,0.8776808460232315,2.219388167622429,3.579539720823406,1.1879194302630627,10,1.4962817415445588,3.2190964435223126,0.8978709390030184,1.609297405066734,-0.5732526986678531
0.08809455366941274,342,6,10,0.7356615543068518,0.7306857799142853,4.805214624292542,3.5654171737337816,1.168126615058812,10,1.591119317924468,3.192555807047897,0.5328304325583645,1.6447983546841376,-0.5984159985487191
0.08938422024248943,338,6,10,0.7359496281633261,0.7370090560051107,1.8775731160088478,3.5897877463545824,1.1686284459190164,10,1.4767858460924002,3.1873513832098577,0.5291288773166511,1.6058541252144731,-0.5964914573945338
0.08891020631551694,345,6,10,0.7370166508154294,0.7329909824941196,1.4331025450784898,3.509223899463331,1.2297686990367271,10,1.7422357417340262,3.1799196513692025,0.5305959536227186,1.6005910174739277,-0.5984409823457918
0.08878150672270423,370,6,10,0.7384435515731813,0.8805640344539418,1.2706656967237844,3.4658160965005886,1.1837880384841604,10,1.664747111981213,3.189706753416871,0.5263392128209737,1.6006504567289208,-0.6014105445737596
0.08761437152183833,344,10,10,0.7375062303892796,0.8799416331553852,1.2633016712287022,3.5309351984850803,1.065716276054289,10,1.5069424809331429,3.1820176283058133,0.5272401704626551,1.5995255554043548,-0.584464726671172
0.08854133277469395,353,6,10,0.736939030383049,0.8788687669546982,4.949024091501057,3.5119867386965655,1.0996949567790248,10,1.4239581199387898,3.197122514358084,0.5097876127066839,1.5952176008262797,-0.6004630850844719
0.08978006448711473,338,6,10,0.7416208153495424,0.8792858079527422,2.286323795264099,3.5406572776590406,1.190554366170782,10,1.4131065013977842,3.1806108844415326,0.5088123177551691,1.607511441724339,-0.6002218546543017
0.08780111790777727,371,9,10,0.7318566384545905,0.7340881690348994,1.6715974992571017,3.6541812830752107,1.0354716846825398,10,1.5732034139686712,3.1860935235410914,0.5087765120888985,1.6036355470596035,-0.5883585821348545
0.08867895682102324,330,6,10,0.7314150815782601,0.8793751727425844,0.9756233388278517,3.3106192235790384,1.2164130570545957,10,1.4986921007360432,3.17701890242797,0.5091059906106856,1.7088724111832967,-0.5996853325685098
0.08813591762084137,340,6,10,0.7314225093478257,0.8775121382544934,1.6085378552483465,3.509913697832678,1.0673363738489097,10,1.405295271586989,3.209915311165156,0.5091739424311836,1.5987014902692467,-0.601160001812447
0.08845034054761497,334,6,10,0.7327323520760916,0.8787455016431268,1.4249202064043276,2.265591334657347,1.1797284692726684,10,1.5029812297734622,3.2726799718401938,0.5088323154890917,1.5991463222371345,-0.5994522195547466
0.08634743695674127,324,6,10,0.7297620740437752,0.8784558849050232,0.7286211848291702,3.4530435851384187,1.190460333870667,10,1.5055165353204012,3.1781782975106188,0.5092957964979387,1.6108033107049087,-0.6006638398234418
0.08736433784657248,344,6,10,0.7301393127163452,0.8809355083720172,2.3684385640832937,3.4585404615066637,1.1658715811591331,10,1.4135579763763935,3.184754555708198,0.509656286412847,1.6000860667854386,-0.599870644488839
0.08842264395165877,339,6,10,0.7455089720582927,0.8784719324128442,4.9722150410039845,2.558461946355955,1.2113603050641635,10,1.7072486479777056,3.1851520414781476,0.5096497944580273,1.5981285661724047,-0.5985298386984801
0.08788404740809423,348,6,10,0.731348120927074,0.8760128010990358,2.1453294409031045,2.3095408643187305,1.3000117184822515,10,1.3465533712331959,3.288436158956067,0.5085931137558394,1.6001655605863303,-0.6011455517010202
0.0881601026753245,345,6,10,0.7298974316974751,0.8789848257873274,1.4692892589072029,3.490226820950666,1.1412943945784613,10,1.4138108523319703,3.1984746270443973,0.5112945943113446,1.6997285490844918,-0.5978868793391741
0.08808350871734025,341,6,10,0.7284020662383466,0.8745304076413609,1.6132753255212708,2.3167573623045237,1.1989655997823148,10,1.3458052289854587,3.184046009171543,0.5092377030096408,1.7035035512503747,-0.5994747358975796
0.08802438302651207,327,6,10,0.7299084031837891,0.8732520112779706,1.696055492631158,3.2772792763917566,1.2118983188389822,10,1.702213210363483,3.2747844952986482,0.5091008263518231,1.6010568706229595,-0.6005875080891224
0.08729212464181484,347,6,10,0.7314189614283629,0.8735381385375262,4.646147884091924,3.7513717833735454,1.0344119061925947,10,1.411143576999552,3.039468591102599,0.5104861526121519,1.7079897609336543,-0.6009889890870321
0.08722849078124843,347,6,10,0.7317629921575163,0.8727693476278773,4.624389901875896,2.565259360736045,1.1744992453274345,10,1.2733533368027323,3.287995109779464,0.509096429756504,1.70710476623279,-0.6007376823595515
0.09985967548158399,350,6,10,0.7293112541460258,0.8728875689459916,1.5505664456111181,3.3026173488034685,1.1677616882300401,10,1.346486162106872,3.2826878586709753,0.5102084539446466,1.601396825096249,-0.6021004633173023
0.09998208769717194,328,6,10,0.731484000598887,0.8706957958589719,4.603392539711798,3.7472928564108647,1.0294826682509755,10,1.3425420698467818,3.266990784328664,0.5107111347682506,1.7120312737406074,-0.6009272755550746
0.09975604572065062,323,6,10,0.7299247828058384,0.8749579341021856,1.4523798364904539,3.2947297869924705,1.2585081267493472,9,1.4146417208426791,3.268130203561426,0.510967921934526,1.7067606455495234,-0.600057534647008
0.0421098450299015,348,6,10,0.728838415177343,0.875284483740876,4.624525594763954,3.3020145183836056,1.2544926389526307,9,1.4043858477192563,2.0257098138710226,0.5096241045988363,1.7004254289684757,-0.5687026781082736
0.042972656207507016,349,6,9,0.729917545669698,0.8714221603494035,2.420742541357842,3.3020785078998265,1.2840096618260153,9,1.3455313050162545,3.0483224363686436,0.508613842246477,1.7047105492571661,-0.5977715781020196
0.08586085856192423,390,9,9,0.7293240422529854,0.8715773060815483,2.3893750574156574,2.5668803982970605,1.0341200944883822,9,1.4280044757429193,3.2610696094331106,0.5097550486806147,1.709866508717886,-0.5914838484437104
0.0854480046176588,387,9,9,0.7307598220335818,0.8700410780128218,4.614355332830139,4.443607877177896,1.052685754034418,9,1.4071990062163078,3.277904038843155,0.5105646053142214,1.6968433453866387,-0.5974441114979151
0.0845353285659075,351,6,9,0.7292651645957043,0.8716899912278605,0.770720131184462,3.724019759090436,1.268908897773058,9,1.4182558232902038,3.281517183767273,0.5097387508880109,1.6983984991432652,-0.6007732364758895
0.08630149498390698,237,6,9,0.747045841509867,0.8928779208803682,1.2663646126356753,3.2861739248912794,1.0690990800218636,9,1.3502633064187786,2.011632575521832,0.511618690941647,1.7090086908870796,-0.5732522422298638
0.085464369136204,387,6,9,0.7293689199278568,0.8712857552713927,1.6087510899259811,3.782696983894071,1.1241748923584487,9,1.3636483998060835,3.0652738407882314,0.7130980499586659,1.7012536331995434,-0.5927671802851155
0.08525549832644325,389,6,9,0.7545507798423602,0.8708505847429072,1.5710953515136914,3.2965265063770413,1.1371319919718503,9,1.4102944480218709,3.2724850955723546,0.5088001600265736,1.597172332304492,-0.5981070296056643
0.08516529649761524,371,6,9,0.7502589477330107,0.870390384723913,0.5640033230760337,3.7570894587732884,1.2261411058451825,9,1.3465561347980615,3.2776235067651776,0.6412804675633189,1.7083826164096971,-0.5968636029849489
0.08493445816037383,387,6,9,0.7488738346415318,0.8679852665100924,0.06175881266556038,3.709473645065311,1.2777931525606876,9,1.3543517992770475,3.2814436015436583,0.5096790251224074,1.7076046538429044,-0.6022313036713223
0.09995128812864432,390,6,9,0.7288807676143183,0.8712750431503704,4.580363342876947,3.329032639525457,1.1333056134338613,9,1.3488058947459445,1.9965642400930435,0.7566279271009709,1.6909840522013175,-0.5582284466254097
0.08456050689374837,227,6,9,0.7298357395287041,0.8726780063127376,1.6630687863569094,3.3107422774024933,1.1171438860857859,9,1.3528527176867353,3.0945536514721717,0.5237383342988525,1.7039751187975918,-0.5969047312024731
0.04341370580379777,387,6,9,0.7475982209177329,0.8702850645570753,4.614648746876498,3.2809662780820563,1.0132333950304242,9,1.3598727458704551,3.298224142754136,0.5093028820772286,1.6907830915792084,-0.5972694459826342
0.09987298176586418,386,6,9,0.7108100636515315,0.8715578411379376,4.618721732617942,3.2977670702550053,1.274318879400562,9,1.2841676134728415,3.2679162853590262,0.6455833493544176,1.7020923497628702,-0.5975516096750588
0.09504694629870164,386,6,9,0.7478725122986821,0.8696223835545032,1.1696794580496397,3.284684713548764,0.13853741326379881,9,1.287744675270851,3.099535778807019,0.5240676416905145,2.921428696837911,-0.5709423979675695
0.09977181293722569,385,6,9,0.7071681586403089,0.8712203706803338,4.1157718544725554,3.7101000896283995,1.1334287696699124,9,1.2781282863477814,3.258774023551491,0.5221664988560148,1.6926421781657073,-0.6006724398869453
0.09941120672463427,223,6,9,0.7502813796255735,0.8932275748393006,1.215973227194695,3.3060669797587305,1.0112892324954688,9,1.3526011454021338,3.2876679206804247,0.5246362963251731,1.703425072449379,-0.6008213975109213
0.017217084330735394,387,6,9,0.7221727101670026,0.8929609123224552,1.1980646193874223,3.3105245640386274,1.131434079808879,9,1.3558585446653626,2.0825507154189484,0.523032934049921,1.7056564608063614,-0.5531761943534366
0.09944793194422305,371,6,9,0.7232642062486716,0.8924656767000456,1.3688091683330288,3.320888889326442,1.1298732116114731,9,1.2839075548329295,3.28301819149175,0.5240282344702574,1.7004566039341824,-0.5988674539705904
0.09904317791964296,372,6,9,0.7219183308480493,0.870092623090389,1.1336708185686228,3.3085440913140785,1.1401698059496368,9,1.3389777814573334,3.2690913191665762,0.5237931494424783,1.5151213122541247,-0.5979710549738981
0.09980750369609445,387,6,9,0.7112280899872312,0.8680420377237691,4.110187060118858,3.19630056514613,1.1284726581155629,9,1.351576847556698,3.2783355095972473,0.5236725914324223,1.5250875089072338,-0.600872656953012
0.017391911070916984,385,6,9,0.747281118133727,0.8926213811757402,1.251448834079574,4.488213034624556,1.1427979321841124,9,1.2828451217799055,2.680990051267539,0.5188250470001878,1.5300506962179594,-0.5834787936523045
0.043390926530991206,388,6,9,0.7239097089041593,0.8928985329833571,1.2398404267919167,3.3107490273397504,1.2484546801931453,9,1.2861436030197066,3.271522560468354,0.5217687415807702,1.5304157755393044,-0.5995919743286664
0.09542622724568073,388,6,9,0.7526515300174074,0.8933889582018676,4.10427268482754,3.2034346712784254,1.126996228296013,9,1.333351974593663,3.258505239836847,0.5201064193337308,1.5138413450522659,-0.5984865006553123
0.09558145898034073,388,6,9,0.7121068453670766,0.8929551700255355,1.144224500322573,3.1994820095383245,1.1266847113093617,9,1.285952082854124,3.2831525137047133,0.5222601108426905,1.5159588624446183,-0.5990552105586847
0.0999677605194439,384,6,9,0.7223168213860002,0.8940910956889446,4.183424040473457,3.211499191098329,0.7846031916547238,5,1.2862651613756921,1.8639205570870732,0.5198458041109041,1.5163012009467158,-0.5779054633288135
0.09558416275905111,391,6,9,0.7225941847972158,0.8920814874416956,2.0018866766016257,3.2113694832504662,0.5741637732062553,5,1.2913873464500658,1.850420809188047,0.7118367935948847,2.0686616123242314,-0.5482796391428921
0.0936729609920955,388,6,9,0.7112107974472953,0.7046639624190708,4.113669956868315,3.1638013977008637,1.135272412724922,5,1.2790355290003195,2.190555664685367,0.5229638925107503,1.532968458076319,-0.5860598859960919
0.09513836628565533,388,6,9,0.7218714420270165,0.8929117306570108,4.436959385139276,3.1938137579883037,0.1447633406847046,5,1.2862780624923045,3.393565202347321,0.5203478584081767,1.5191061090845641,-0.6005686256229819
0.09583089922267798,386,6,9,0.7118857860756324,0.8931208385677818,1.197743904714186,3.1824236074365513,1.1382549525703411,5,1.2838970667372347,2.6721517431582824,0.5215775555480977,1.5170682392722643,-0.5943848033503386
0.09536406375573139,386,6,9,0.7212089210247968,0.8930008320274058,1.8025231746102484,3.2269797008365444,0.9698934288553059,5,1.997238472183828,3.381129363609131,0.526502014686966,1.5271824715466884,-0.6011416898935268
0.09484393600802551,387,6,9,0.7503827909767105,0.8927655448994626,1.9190356998040892,4.803515449785447,0.14645754342746237,5,1.283346013793172,3.4002602402185977,0.5235017501253141,1.6544795902948908,-0.6016614466416854
0.09243738823588953,388,6,9,0.7652595780709425,0.89250331417519,0.29677320721471456,4.7459261771366865,0.587603294375055,5,1.2806577817239595,3.096794955879087,0.5223436282430761,1.6539734596609044,-0.5972723396773908
0.09553995476287097,389,6,9,0.7221040581094643,0.893821152443591,0.2577916947441191,3.191618043581061,0.570146073028547,5,1.2886995005234907,3.4004149404359922,0.5218648792654375,1.519786586140887,-0.6003891109157863
0.09505243696805149,386,6,9,0.7562737593216814,0.8919947837978631,1.8357281451776584,4.439107427190974,0.6026312777183718,5,1.2888424333224526,3.3859850800416678,0.5255885426500698,1.6516710441093476,-0.6017822756612892
0.09505461211307618,372,6,9,0.7229609843846999,0.8928222382879054,0.24888483440732517,3.1803112517391847,0.13252653328560537,10,1.2976859811262664,3.3981799518571676,0.5238493454960897,1.6464949490430805,-0.600758833004421
0.09542869373728137,93,6,9,0.7221048311334324,0.8917109854536337,2.040731535099616,3.180601855915629,0.05408569768143801,10,1.8067869212168017,3.393321114059892,0.5233369556867775,1.643810621882221,-0.5910909503151712
0.011786277241659513,406,6,9,0.722051296772751,0.8926848577649097,1.8339283984471342,3.1830186120666255,0.13016941180936925,5,1.2920350628462816,2.6909625998217512,0.5242245547078654,1.6478157965614058,-0.5678543802177853
0.09430736632883038,371,6,9,0.7614181689356065,0.8913156614438562,1.7483515606959217,3.1729923707162246,0.1247623459458258,10,1.294643803606492,3.4035559333357432,0.5205934486990429,1.6514857130777678,-0.6021984662642229
0.09364505342843686,403,6,9,0.7100154544954848,0.8925285326148874,0.2967757618941935,3.166878064633136,0.8191652496081007,10,1.903839671262468,3.406986392163698,0.5218956330574633,1.6510394763450553,-0.6008790251331381
0.09379770859640611,402,6,9,0.7228490511971346,0.7126478999270697,0.5675287865882916,3.188171650601231,0.23194831171554314,10,1.3077279277720355,2.6730474915128184,0.5223036304194051,1.6413508839887043,-0.5940443489447598
0.09345125065370169,406,6,9,0.7615372724429852,0.8925270792454685,4.426342002325124,3.1765442259017287,0.1279911729147606,5,1.937622681832712,3.234340332896289,0.5222016509739779,1.6408610143704807,-0.599984303849033
0.09453465227111488,201,6,9,0.7204361897577677,0.8914809528908263,0.2276527831249448,3.187022121264973,0.23537759920476958,5,1.3023460059837535,3.3992637900612084,0.520197746583801,1.6377357578284018,-0.5989907107972998
0.09468476303778486,405,6,9,0.6209332657607659,0.8319594179877294,0.5994021577645773,3.188185503537765,0.13614329003045572,5,1.2980178243901865,3.3972738689861877,0.5234367819141277,1.528492915700004,-0.5969221253711601
0.09383174277557636,404,6,9,0.7122704089732532,0.7444374602221641,2.8536523545922217,3.1639254960909415,0.22939077407958902,5,1.3007208323135606,3.393247041134536,0.5215464769308688,1.5226330009754083,-0.5980659157120564
0.09440906581105557,406,6,9,0.6204761230438437,0.8931116815142497,0.35757890608102016,3.1793771751016364,0.620545553815602,5,1.3032344343649656,3.394875229365781,0.5199669085364619,1.6525896926460995,-0.6013392327527897
0.09402487903711193,401,6,9,0.7216891662743636,0.8940018753498437,4.454995414273731,3.857170553782458,0.14179834440311256,5,1.2902008364478141,3.3983098154391005,0.4984237641608234,1.654841469807272,-0.6016326414177885
0.09467119909687072,404,6,9,0.7616329900309777,0.882407095674536,0.4126468518792997,3.4414337943889035,0.13832540145394628,5,1.3122993926199795,3.3746953572282137,0.49848909748287307,1.650459960016363,-0.6006018369940838
0.0946966340070738,407,6,10,0.6210640975455478,0.8850942902649014,0.2855077581093101,3.030143579769727,0.22667109764096569,5,1.2989102215852655,2.9067509299761904,0.5184927880071497,1.6556885874279297,-0.5956381733365197
0.09393405426298505,406,6,10,0.7061451419064716,0.7167005221311312,0.10671122308449896,3.0039653112739635,0.12458571583855968,5,1.2269370299666105,3.3948744915366778,0.4985054041075403,1.6496429114591493,-0.5982207142816182
0.09408651151477124,408,6,10,0.7124276376278146,0.8838938918835277,1.7797305626299411,3.033466990339245,0.13027367016411168,10,1.4585253333151886,3.4170359691959833,0.5041161822055701,1.6480764836329262,-0.6014783644014637
0.09223733680420104,407,6,10,0.7704559064869724,0.7179303457489196,2.845797549648828,3.441727308977404,0.22695627059421486,10,1.4599839030734245,3.3888983201085727,0.5046131385876953,1.641630757918377,-0.59999209908147
0.023217335187696524,407,6,10,0.6182229746843753,0.8825042635161543,0.019224095419367232,3.01308718626234,0.22278243857373004,10,1.4575471192056615,3.4001446026663453,0.8232040541607308,1.6505009184621244,-0.5816790603478134
0.09137674744667318,404,6,10,0.706676489489615,0.8836490399078273,0.3972712042889084,3.005049272385485,0.12877075098662602,10,1.2260841465929588,3.395064489173796,0.5044671840927901,1.6461093967879716,-0.6006599977196566
0.09217235379621899,405,6,10,0.7063888850318988,0.8825063143240084,0.44467604732017607,3.018749945842829,0.20970842201351492,10,1.2227388794697736,3.3198630593288083,0.49856163299483314,1.6492093399647154,-0.5995423816840287
0.05106284735371545,408,6,10,0.6186666806668579,0.7471199495289191,3.0089850622711873,3.0325423030810934,0.21154710243654043,10,1.2260599613410397,3.398759006940097,0.5039613089998074,1.6313858470517548,-0.5974311977494199
0.09244501186221285,354,6,10,0.7583724379871684,0.8830611258073217,0.42399287172574157,4.178927160554457,0.6157697703991505,10,1.3168948864326413,3.381290654106368,0.5042674368355792,1.6415594710075465,-0.5988935344946671
0.09299046581307104,406,6,9,0.7079266141474181,0.88372595690281,1.8790789735224607,3.017948642593978,0.5994491955328602,10,1.2267403622293476,3.4020495522875542,0.8429796250007896,1.6553852781409018,-0.580350740929172
0.09408799620423026,405,6,9,0.7722450461829063,0.882266719595127,2.910071467905145,4.251944391056505,0.22668605071119136,5,1.3272090040586682,3.3914376641079222,0.4982042163320716,1.6552078219845312,-0.6012541032354886
0.09209943358493602,405,6,9,0.6211706892223169,0.8855383223567138,1.720924274129196,4.807130267193605,0.22866406394213568,5,1.2304493678481068,3.392918700610025,0.5034399383264335,1.6458209645458817,-0.6001853354312833
0.09175589561849981,405,6,9,0.7585753236886659,0.8316270917787725,2.8511711733430296,4.9492764641011116,0.47667879603450414,5,1.4575526504826293,3.3724791439325976,0.5040729852084439,1.654822352973792,-0.6006168166248246
0.09544025598281083,406,6,9,0.7636214771084804,0.883996771452779,2.9477430769880373,4.619724895676789,0.6381821091615071,5,1.2220132378192143,3.360481170466713,0.8236546534559233,1.6491911488205544,-0.5840104757944805
